fecha,producto_id,nombre,categoria,subcategoria,precio_base,es_estrella,unidades_vendidas,precio_venta,ingresos,precio_competencia,ratio_precio,nombre_h_Adidas Own The Run Jacket,nombre_h_Adidas Ultraboost 23,nombre_h_Asics Gel Nimbus 25,nombre_h_Bowflex SelectTech 552,nombre_h_Columbia Silver Ridge,nombre_h_Decathlon Bandas Elásticas Set,nombre_h_Domyos BM900,nombre_h_Domyos Kit Mancuernas 20kg,nombre_h_Gaiam Premium Yoga Block,nombre_h_Liforme Yoga Pad,nombre_h_Lotuscrafts Yoga Bolster,nombre_h_Manduka PRO Yoga Mat,nombre_h_Merrell Moab 2 GTX,nombre_h_New Balance Fresh Foam X 1080v12,nombre_h_Nike Air Zoom Pegasus 40,nombre_h_Nike Dri-FIT Miler,nombre_h_Puma Velocity Nitro 2,nombre_h_Quechua MH500,nombre_h_Reebok Floatride Energy 5,nombre_h_Reebok Professional Deck,nombre_h_Salomon Speedcross 5 GTX,nombre_h_Sveltus Kettlebell 12kg,nombre_h_The North Face Borealis,nombre_h_Trek Marlin 7,categoria_h_Fitness,categoria_h_Outdoor,categoria_h_Running,categoria_h_Wellness,subcategoria_h_Banco Gimnasio,subcategoria_h_Bandas Elásticas,subcategoria_h_Bicicleta Montaña,subcategoria_h_Bloque Yoga,subcategoria_h_Cojín Yoga,subcategoria_h_Esterilla Fitness,subcategoria_h_Esterilla Yoga,subcategoria_h_Mancuernas Ajustables,subcategoria_h_Mochila Trekking,subcategoria_h_Pesa Rusa,subcategoria_h_Pesas Casa,subcategoria_h_Rodillera Yoga,subcategoria_h_Ropa Montaña,subcategoria_h_Ropa Running,subcategoria_h_Zapatillas Running,subcategoria_h_Zapatillas Trail
2021-10-25,PROD_001,Nike Air Zoom Pegasus 40,Running,Zapatillas Running,115,True,6,118.36,710.16,97.42333333333333,1.1804153693502584,0,0,0,0,0,0,0,0,0,0,0,0,0,0,1,0,0,0,0,0,0,0,0,0,0,0,1,0,0,0,0,0,0,0,0,0,0,0,0,0,0,0,1,0
2021-10-25,PROD_002,Adidas Ultraboost 23,Running,Zapatillas Running,135,True,10,136.82,1368.2,112.25,1.2026726057906458,0,1,0,0,0,0,0,0,0,0,0,0,0,0,0,0,0,0,0,0,0,0,0,0,0,0,1,0,0,0,0,0,0,0,0,0,0,0,0,0,0,0,1,0
2021-10-25,PROD_003,Asics Gel Nimbus 25,Running,Zapatillas Running,85,False,2,84.93,169.86,79.44666666666667,1.0699001426533523,0,0,1,0,0,0,0,0,0,0,0,0,0,0,0,0,0,0,0,0,0,0,0,0,0,0,1,0,0,0,0,0,0,0,0,0,0,0,0,0,0,0,1,0
2021-10-25,PROD_004,New Balance Fresh Foam X 1080v12,Running,Zapatillas Running,75,False,2,75.42,150.84,71.44666666666666,1.0497340673695998,0,0,0,0,0,0,0,0,0,0,0,0,0,1,0,0,0,0,0,0,0,0,0,0,0,0,1,0,0,0,0,0,0,0,0,0,0,0,0,0,0,0,1,0
2021-10-25,PROD_005,Nike Dri-FIT Miler,Running,Ropa Running,35,False,2,35.87,71.74,34.79333333333333,1.0059398352174747,0,0,0,0,0,0,0,0,0,0,0,0,0,0,0,1,0,0,0,0,0,0,0,0,0,0,1,0,0,0,0,0,0,0,0,0,0,0,0,0,0,1,0,0
2021-10-25,PROD_006,Adidas Own The Run Jacket,Running,Ropa Running,65,False,2,65.51,131.02,64.45666666666666,1.0084294357966592,1,0,0,0,0,0,0,0,0,0,0,0,0,0,0,0,0,0,0,0,0,0,0,0,0,0,1,0,0,0,0,0,0,0,0,0,0,0,0,0,0,1,0,0
2021-10-25,PROD_007,Puma Velocity Nitro 2,Running,Zapatillas Running,70,False,2,70.98,141.96,68.63666666666667,1.019863046962265,0,0,0,0,0,0,0,0,0,0,0,0,0,0,0,0,1,0,0,0,0,0,0,0,0,0,1,0,0,0,0,0,0,0,0,0,0,0,0,0,0,0,1,0
2021-10-25,PROD_008,Reebok Floatride Energy 5,Running,Zapatillas Running,65,False,2,66.6,133.2,64.34666666666666,1.0101533360961459,0,0,0,0,0,0,0,0,0,0,0,0,0,0,0,0,0,0,1,0,0,0,0,0,0,0,1,0,0,0,0,0,0,0,0,0,0,0,0,0,0,0,1,0
2021-10-25,PROD_009,Bowflex SelectTech 552,Fitness,Mancuernas Ajustables,400,True,2,392.31,784.62,350.8500000000001,1.1400883568476554,0,0,0,1,0,0,0,0,0,0,0,0,0,0,0,0,0,0,0,0,0,0,0,0,1,0,0,0,0,0,0,0,0,0,0,1,0,0,0,0,0,0,0,0
2021-10-25,PROD_010,Domyos BM900,Fitness,Banco Gimnasio,175,True,2,174.92,349.84,160.15666666666664,1.0926800840843343,0,0,0,0,0,0,1,0,0,0,0,0,0,0,0,0,0,0,0,0,0,0,0,0,1,0,0,0,1,0,0,0,0,0,0,0,0,0,0,0,0,0,0,0
2021-10-25,PROD_011,Reebok Professional Deck,Fitness,Esterilla Fitness,45,False,3,44.32,132.96,44.56333333333333,1.009798788241454,0,0,0,0,0,0,0,0,0,0,0,0,0,0,0,0,0,0,0,1,0,0,0,0,1,0,0,0,0,0,0,0,0,1,0,0,0,0,0,0,0,0,0,0
2021-10-25,PROD_012,Domyos Kit Mancuernas 20kg,Fitness,Pesas Casa,55,False,3,55.05,165.15,53.24666666666667,1.0329285088268436,0,0,0,0,0,0,0,1,0,0,0,0,0,0,0,0,0,0,0,0,0,0,0,0,1,0,0,0,0,0,0,0,0,0,0,0,0,0,1,0,0,0,0,0
2021-10-25,PROD_013,Decathlon Bandas Elásticas Set,Fitness,Bandas Elásticas,25,False,2,24.79,49.58,24.096666666666664,1.037487895974547,0,0,0,0,0,1,0,0,0,0,0,0,0,0,0,0,0,0,0,0,0,0,0,0,1,0,0,0,0,1,0,0,0,0,0,0,0,0,0,0,0,0,0,0
2021-10-25,PROD_014,Sveltus Kettlebell 12kg,Fitness,Pesa Rusa,40,False,2,39.74,79.48,39.46,1.0136847440446022,0,0,0,0,0,0,0,0,0,0,0,0,0,0,0,0,0,0,0,0,0,1,0,0,1,0,0,0,0,0,0,0,0,0,0,0,0,1,0,0,0,0,0,0
2021-10-25,PROD_015,Salomon Speedcross 5 GTX,Outdoor,Zapatillas Trail,150,True,3,154.22,462.66,135.67333333333332,1.105596776571176,0,0,0,0,0,0,0,0,0,0,0,0,0,0,0,0,0,0,0,0,1,0,0,0,0,1,0,0,0,0,0,0,0,0,0,0,0,0,0,0,0,0,0,1
2021-10-25,PROD_016,Trek Marlin 7,Outdoor,Bicicleta Montaña,830,True,2,821.29,1642.58,735.07,1.1291441631409254,0,0,0,0,0,0,0,0,0,0,0,0,0,0,0,0,0,0,0,0,0,0,0,1,0,1,0,0,0,0,1,0,0,0,0,0,0,0,0,0,0,0,0,0
2021-10-25,PROD_017,The North Face Borealis,Outdoor,Mochila Trekking,95,False,1,96.56,96.56,92.63666666666667,1.0255118563563743,0,0,0,0,0,0,0,0,0,0,0,0,0,0,0,0,0,0,0,0,0,0,1,0,0,1,0,0,0,0,0,0,0,0,0,0,1,0,0,0,0,0,0,0
2021-10-25,PROD_018,Columbia Silver Ridge,Outdoor,Ropa Montaña,70,False,2,68.21,136.42,66.50333333333333,1.0525788181043558,0,0,0,0,1,0,0,0,0,0,0,0,0,0,0,0,0,0,0,0,0,0,0,0,0,1,0,0,0,0,0,0,0,0,0,0,0,0,0,0,1,0,0,0
2021-10-25,PROD_019,Merrell Moab 2 GTX,Outdoor,Zapatillas Trail,110,False,1,107.82,107.82,106.68666666666667,1.0310566768730862,0,0,0,0,0,0,0,0,0,0,0,0,1,0,0,0,0,0,0,0,0,0,0,0,0,1,0,0,0,0,0,0,0,0,0,0,0,0,0,0,0,0,0,1
2021-10-25,PROD_020,Quechua MH500,Outdoor,Ropa Montaña,80,False,2,81.58,163.16,75.93666666666667,1.0535095035336464,0,0,0,0,0,0,0,0,0,0,0,0,0,0,0,0,0,1,0,0,0,0,0,0,0,1,0,0,0,0,0,0,0,0,0,0,0,0,0,0,1,0,0,0
2021-10-25,PROD_021,Manduka PRO Yoga Mat,Wellness,Esterilla Yoga,130,True,5,129.46,647.3,117.47666666666667,1.1066027296200662,0,0,0,0,0,0,0,0,0,0,0,1,0,0,0,0,0,0,0,0,0,0,0,0,0,0,0,1,0,0,0,0,0,0,1,0,0,0,0,0,0,0,0,0
2021-10-25,PROD_022,Gaiam Premium Yoga Block,Wellness,Bloque Yoga,20,False,1,20.25,20.25,18.883333333333333,1.059135039717564,0,0,0,0,0,0,0,0,1,0,0,0,0,0,0,0,0,0,0,0,0,0,0,0,0,0,0,1,0,0,0,1,0,0,0,0,0,0,0,0,0,0,0,0
2021-10-25,PROD_023,Liforme Yoga Pad,Wellness,Rodillera Yoga,35,False,1,34.3,34.3,33.96,1.0306242638398115,0,0,0,0,0,0,0,0,0,1,0,0,0,0,0,0,0,0,0,0,0,0,0,0,0,0,0,1,0,0,0,0,0,0,0,0,0,0,0,1,0,0,0,0
2021-10-25,PROD_024,Lotuscrafts Yoga Bolster,Wellness,Cojín Yoga,50,False,1,49.92,49.92,47.196666666666665,1.0593968500600326,0,0,0,0,0,0,0,0,0,0,1,0,0,0,0,0,0,0,0,0,0,0,0,0,0,0,0,1,0,0,0,0,1,0,0,0,0,0,0,0,0,0,0,0
2021-10-26,PROD_001,Nike Air Zoom Pegasus 40,Running,Zapatillas Running,115,True,8,117.37,938.96,96.59666666666665,1.1905172711273684,0,0,0,0,0,0,0,0,0,0,0,0,0,0,1,0,0,0,0,0,0,0,0,0,0,0,1,0,0,0,0,0,0,0,0,0,0,0,0,0,0,0,1,0
2021-10-26,PROD_002,Adidas Ultraboost 23,Running,Zapatillas Running,135,True,10,137.98,1379.8,113.00333333333333,1.1946550249255186,0,1,0,0,0,0,0,0,0,0,0,0,0,0,0,0,0,0,0,0,0,0,0,0,0,0,1,0,0,0,0,0,0,0,0,0,0,0,0,0,0,0,1,0
2021-10-26,PROD_003,Asics Gel Nimbus 25,Running,Zapatillas Running,85,False,2,83.5,167.0,84.16666666666667,1.00990099009901,0,0,1,0,0,0,0,0,0,0,0,0,0,0,0,0,0,0,0,0,0,0,0,0,0,0,1,0,0,0,0,0,0,0,0,0,0,0,0,0,0,0,1,0
2021-10-26,PROD_004,New Balance Fresh Foam X 1080v12,Running,Zapatillas Running,75,False,2,73.01,146.02,72.60000000000001,1.0330578512396693,0,0,0,0,0,0,0,0,0,0,0,0,0,1,0,0,0,0,0,0,0,0,0,0,0,0,1,0,0,0,0,0,0,0,0,0,0,0,0,0,0,0,1,0
2021-10-26,PROD_005,Nike Dri-FIT Miler,Running,Ropa Running,35,False,2,35.07,70.14,34.04666666666667,1.028000783238692,0,0,0,0,0,0,0,0,0,0,0,0,0,0,0,1,0,0,0,0,0,0,0,0,0,0,1,0,0,0,0,0,0,0,0,0,0,0,0,0,0,1,0,0
2021-10-26,PROD_006,Adidas Own The Run Jacket,Running,Ropa Running,65,False,2,66.69,133.38,63.56,1.0226557583385776,1,0,0,0,0,0,0,0,0,0,0,0,0,0,0,0,0,0,0,0,0,0,0,0,0,0,1,0,0,0,0,0,0,0,0,0,0,0,0,0,0,1,0,0
2021-10-26,PROD_007,Puma Velocity Nitro 2,Running,Zapatillas Running,70,False,2,69.23,138.46,69.32333333333334,1.0097610232245036,0,0,0,0,0,0,0,0,0,0,0,0,0,0,0,0,1,0,0,0,0,0,0,0,0,0,1,0,0,0,0,0,0,0,0,0,0,0,0,0,0,0,1,0
2021-10-26,PROD_008,Reebok Floatride Energy 5,Running,Zapatillas Running,65,False,2,63.63,127.26,64.41666666666667,1.0090556274256144,0,0,0,0,0,0,0,0,0,0,0,0,0,0,0,0,0,0,1,0,0,0,0,0,0,0,1,0,0,0,0,0,0,0,0,0,0,0,0,0,0,0,1,0
2021-10-26,PROD_009,Bowflex SelectTech 552,Fitness,Mancuernas Ajustables,400,True,2,411.68,823.36,353.7033333333334,1.130891236535326,0,0,0,1,0,0,0,0,0,0,0,0,0,0,0,0,0,0,0,0,0,0,0,0,1,0,0,0,0,0,0,0,0,0,0,1,0,0,0,0,0,0,0,0
2021-10-26,PROD_010,Domyos BM900,Fitness,Banco Gimnasio,175,True,1,178.86,178.86,161.23666666666668,1.0853610634471067,0,0,0,0,0,0,1,0,0,0,0,0,0,0,0,0,0,0,0,0,0,0,0,0,1,0,0,0,1,0,0,0,0,0,0,0,0,0,0,0,0,0,0,0
2021-10-26,PROD_011,Reebok Professional Deck,Fitness,Esterilla Fitness,45,False,2,44.88,89.76,43.723333333333336,1.0291987497141113,0,0,0,0,0,0,0,0,0,0,0,0,0,0,0,0,0,0,0,1,0,0,0,0,1,0,0,0,0,0,0,0,0,1,0,0,0,0,0,0,0,0,0,0
2021-10-26,PROD_012,Domyos Kit Mancuernas 20kg,Fitness,Pesas Casa,55,False,4,55.55,222.2,53.96,1.0192735359525575,0,0,0,0,0,0,0,1,0,0,0,0,0,0,0,0,0,0,0,0,0,0,0,0,1,0,0,0,0,0,0,0,0,0,0,0,0,0,1,0,0,0,0,0
2021-10-26,PROD_013,Decathlon Bandas Elásticas Set,Fitness,Bandas Elásticas,25,False,2,24.46,48.92,24.773333333333337,1.0091496232508073,0,0,0,0,0,1,0,0,0,0,0,0,0,0,0,0,0,0,0,0,0,0,0,0,1,0,0,0,0,1,0,0,0,0,0,0,0,0,0,0,0,0,0,0
2021-10-26,PROD_014,Sveltus Kettlebell 12kg,Fitness,Pesa Rusa,40,False,2,40.42,80.84,38.70333333333333,1.0335027129446215,0,0,0,0,0,0,0,0,0,0,0,0,0,0,0,0,0,0,0,0,0,1,0,0,1,0,0,0,0,0,0,0,0,0,0,0,0,1,0,0,0,0,0,0
2021-10-26,PROD_015,Salomon Speedcross 5 GTX,Outdoor,Zapatillas Trail,150,True,3,154.23,462.69,136.35999999999999,1.1000293341155765,0,0,0,0,0,0,0,0,0,0,0,0,0,0,0,0,0,0,0,0,1,0,0,0,0,1,0,0,0,0,0,0,0,0,0,0,0,0,0,0,0,0,0,1
2021-10-26,PROD_016,Trek Marlin 7,Outdoor,Bicicleta Montaña,830,True,2,827.2,1654.4,742.3566666666666,1.1180609500374934,0,0,0,0,0,0,0,0,0,0,0,0,0,0,0,0,0,0,0,0,0,0,0,1,0,1,0,0,0,0,1,0,0,0,0,0,0,0,0,0,0,0,0,0
2021-10-26,PROD_017,The North Face Borealis,Outdoor,Mochila Trekking,95,False,2,97.1,194.2,93.05666666666667,1.0208833327363256,0,0,0,0,0,0,0,0,0,0,0,0,0,0,0,0,0,0,0,0,0,0,1,0,0,1,0,0,0,0,0,0,0,0,0,0,1,0,0,0,0,0,0,0
2021-10-26,PROD_018,Columbia Silver Ridge,Outdoor,Ropa Montaña,70,False,1,71.42,71.42,68.20333333333333,1.0263427984946973,0,0,0,0,1,0,0,0,0,0,0,0,0,0,0,0,0,0,0,0,0,0,0,0,0,1,0,0,0,0,0,0,0,0,0,0,0,0,0,0,1,0,0,0
2021-10-26,PROD_019,Merrell Moab 2 GTX,Outdoor,Zapatillas Trail,110,False,2,112.93,225.86,105.61,1.0415680333301771,0,0,0,0,0,0,0,0,0,0,0,0,1,0,0,0,0,0,0,0,0,0,0,0,0,1,0,0,0,0,0,0,0,0,0,0,0,0,0,0,0,0,0,1
2021-10-26,PROD_020,Quechua MH500,Outdoor,Ropa Montaña,80,False,2,80.57,161.14,76.32000000000001,1.0482180293501047,0,0,0,0,0,0,0,0,0,0,0,0,0,0,0,0,0,1,0,0,0,0,0,0,0,1,0,0,0,0,0,0,0,0,0,0,0,0,0,0,1,0,0,0
2021-10-26,PROD_021,Manduka PRO Yoga Mat,Wellness,Esterilla Yoga,130,True,4,132.88,531.52,116.80666666666667,1.112950174076822,0,0,0,0,0,0,0,0,0,0,0,1,0,0,0,0,0,0,0,0,0,0,0,0,0,0,0,1,0,0,0,0,0,0,1,0,0,0,0,0,0,0,0,0
2021-10-26,PROD_022,Gaiam Premium Yoga Block,Wellness,Bloque Yoga,20,False,1,20.52,20.52,20.023333333333333,0.9988346928583319,0,0,0,0,0,0,0,0,1,0,0,0,0,0,0,0,0,0,0,0,0,0,0,0,0,0,0,1,0,0,0,1,0,0,0,0,0,0,0,0,0,0,0,0
2021-10-26,PROD_023,Liforme Yoga Pad,Wellness,Rodillera Yoga,35,False,1,35.4,35.4,33.77333333333333,1.0363205684958547,0,0,0,0,0,0,0,0,0,1,0,0,0,0,0,0,0,0,0,0,0,0,0,0,0,0,0,1,0,0,0,0,0,0,0,0,0,0,0,1,0,0,0,0
2021-10-26,PROD_024,Lotuscrafts Yoga Bolster,Wellness,Cojín Yoga,50,False,1,50.48,50.48,48.10333333333333,1.0394290069988221,0,0,0,0,0,0,0,0,0,0,1,0,0,0,0,0,0,0,0,0,0,0,0,0,0,0,0,1,0,0,0,0,1,0,0,0,0,0,0,0,0,0,0,0
2021-10-27,PROD_001,Nike Air Zoom Pegasus 40,Running,Zapatillas Running,115,True,8,114.27,914.16,96.61666666666667,1.1902708297395204,0,0,0,0,0,0,0,0,0,0,0,0,0,0,1,0,0,0,0,0,0,0,0,0,0,0,1,0,0,0,0,0,0,0,0,0,0,0,0,0,0,0,1,0
2021-10-27,PROD_002,Adidas Ultraboost 23,Running,Zapatillas Running,135,True,8,136.28,1090.24,114.98,1.1741172377804836,0,1,0,0,0,0,0,0,0,0,0,0,0,0,0,0,0,0,0,0,0,0,0,0,0,0,1,0,0,0,0,0,0,0,0,0,0,0,0,0,0,0,1,0
2021-10-27,PROD_003,Asics Gel Nimbus 25,Running,Zapatillas Running,85,False,3,87.55,262.65,83.50333333333333,1.0179234361901721,0,0,1,0,0,0,0,0,0,0,0,0,0,0,0,0,0,0,0,0,0,0,0,0,0,0,1,0,0,0,0,0,0,0,0,0,0,0,0,0,0,0,1,0
2021-10-27,PROD_004,New Balance Fresh Foam X 1080v12,Running,Zapatillas Running,75,False,2,76.27,152.54,74.64,1.004823151125402,0,0,0,0,0,0,0,0,0,0,0,0,0,1,0,0,0,0,0,0,0,0,0,0,0,0,1,0,0,0,0,0,0,0,0,0,0,0,0,0,0,0,1,0
2021-10-27,PROD_005,Nike Dri-FIT Miler,Running,Ropa Running,35,False,2,35.14,70.28,34.87,1.0037281330656727,0,0,0,0,0,0,0,0,0,0,0,0,0,0,0,1,0,0,0,0,0,0,0,0,0,0,1,0,0,0,0,0,0,0,0,0,0,0,0,0,0,1,0,0
2021-10-27,PROD_006,Adidas Own The Run Jacket,Running,Ropa Running,65,False,2,64.63,129.26,65.73,0.9888939601399664,1,0,0,0,0,0,0,0,0,0,0,0,0,0,0,0,0,0,0,0,0,0,0,0,0,0,1,0,0,0,0,0,0,0,0,0,0,0,0,0,0,1,0,0
2021-10-27,PROD_007,Puma Velocity Nitro 2,Running,Zapatillas Running,70,False,2,69.27,138.54,69.21333333333332,1.011365825467155,0,0,0,0,0,0,0,0,0,0,0,0,0,0,0,0,1,0,0,0,0,0,0,0,0,0,1,0,0,0,0,0,0,0,0,0,0,0,0,0,0,0,1,0
2021-10-27,PROD_008,Reebok Floatride Energy 5,Running,Zapatillas Running,65,False,2,66.02,132.04,61.90666666666667,1.0499676933017446,0,0,0,0,0,0,0,0,0,0,0,0,0,0,0,0,0,0,1,0,0,0,0,0,0,0,1,0,0,0,0,0,0,0,0,0,0,0,0,0,0,0,1,0
2021-10-27,PROD_009,Bowflex SelectTech 552,Fitness,Mancuernas Ajustables,400,True,2,407.15,814.3,347.53999999999996,1.1509466536226047,0,0,0,1,0,0,0,0,0,0,0,0,0,0,0,0,0,0,0,0,0,0,0,0,1,0,0,0,0,0,0,0,0,0,0,1,0,0,0,0,0,0,0,0
2021-10-27,PROD_010,Domyos BM900,Fitness,Banco Gimnasio,175,True,2,171.01,342.02,159.42666666666665,1.0976833653926572,0,0,0,0,0,0,1,0,0,0,0,0,0,0,0,0,0,0,0,0,0,0,0,0,1,0,0,0,1,0,0,0,0,0,0,0,0,0,0,0,0,0,0,0
2021-10-27,PROD_011,Reebok Professional Deck,Fitness,Esterilla Fitness,45,False,2,45.12,90.24,43.903333333333336,1.0249791207956875,0,0,0,0,0,0,0,0,0,0,0,0,0,0,0,0,0,0,0,1,0,0,0,0,1,0,0,0,0,0,0,0,0,1,0,0,0,0,0,0,0,0,0,0
2021-10-27,PROD_012,Domyos Kit Mancuernas 20kg,Fitness,Pesas Casa,55,False,2,55.65,111.3,52.77666666666667,1.0421272026779511,0,0,0,0,0,0,0,1,0,0,0,0,0,0,0,0,0,0,0,0,0,0,0,0,1,0,0,0,0,0,0,0,0,0,0,0,0,0,1,0,0,0,0,0
2021-10-27,PROD_013,Decathlon Bandas Elásticas Set,Fitness,Bandas Elásticas,25,False,2,24.83,49.66,23.98,1.042535446205171,0,0,0,0,0,1,0,0,0,0,0,0,0,0,0,0,0,0,0,0,0,0,0,0,1,0,0,0,0,1,0,0,0,0,0,0,0,0,0,0,0,0,0,0
2021-10-27,PROD_014,Sveltus Kettlebell 12kg,Fitness,Pesa Rusa,40,False,2,39.7,79.4,37.92,1.0548523206751055,0,0,0,0,0,0,0,0,0,0,0,0,0,0,0,0,0,0,0,0,0,1,0,0,1,0,0,0,0,0,0,0,0,0,0,0,0,1,0,0,0,0,0,0
2021-10-27,PROD_015,Salomon Speedcross 5 GTX,Outdoor,Zapatillas Trail,150,True,3,147.55,442.65,138.92333333333332,1.079732226407851,0,0,0,0,0,0,0,0,0,0,0,0,0,0,0,0,0,0,0,0,1,0,0,0,0,1,0,0,0,0,0,0,0,0,0,0,0,0,0,0,0,0,0,1
2021-10-27,PROD_016,Trek Marlin 7,Outdoor,Bicicleta Montaña,830,True,2,838.38,1676.76,745.1033333333335,1.1139394535880927,0,0,0,0,0,0,0,0,0,0,0,0,0,0,0,0,0,0,0,0,0,0,0,1,0,1,0,0,0,0,1,0,0,0,0,0,0,0,0,0,0,0,0,0
2021-10-27,PROD_017,The North Face Borealis,Outdoor,Mochila Trekking,95,False,1,95.68,95.68,93.11999999999999,1.0201890034364263,0,0,0,0,0,0,0,0,0,0,0,0,0,0,0,0,0,0,0,0,0,0,1,0,0,1,0,0,0,0,0,0,0,0,0,0,1,0,0,0,0,0,0,0
2021-10-27,PROD_018,Columbia Silver Ridge,Outdoor,Ropa Montaña,70,False,1,71.53,71.53,68.92666666666668,1.0155721056194988,0,0,0,0,1,0,0,0,0,0,0,0,0,0,0,0,0,0,0,0,0,0,0,0,0,1,0,0,0,0,0,0,0,0,0,0,0,0,0,0,1,0,0,0
2021-10-27,PROD_019,Merrell Moab 2 GTX,Outdoor,Zapatillas Trail,110,False,2,110.13,220.26,106.28666666666668,1.0349369629304397,0,0,0,0,0,0,0,0,0,0,0,0,1,0,0,0,0,0,0,0,0,0,0,0,0,1,0,0,0,0,0,0,0,0,0,0,0,0,0,0,0,0,0,1
2021-10-27,PROD_020,Quechua MH500,Outdoor,Ropa Montaña,80,False,2,79.24,158.48,75.20666666666666,1.0637354844428686,0,0,0,0,0,0,0,0,0,0,0,0,0,0,0,0,0,1,0,0,0,0,0,0,0,1,0,0,0,0,0,0,0,0,0,0,0,0,0,0,1,0,0,0
2021-10-27,PROD_021,Manduka PRO Yoga Mat,Wellness,Esterilla Yoga,130,True,5,129.07,645.35,118.92,1.093171880255634,0,0,0,0,0,0,0,0,0,0,0,1,0,0,0,0,0,0,0,0,0,0,0,0,0,0,0,1,0,0,0,0,0,0,1,0,0,0,0,0,0,0,0,0
2021-10-27,PROD_022,Gaiam Premium Yoga Block,Wellness,Bloque Yoga,20,False,1,20.04,20.04,18.946666666666665,1.055594651653765,0,0,0,0,0,0,0,0,1,0,0,0,0,0,0,0,0,0,0,0,0,0,0,0,0,0,0,1,0,0,0,1,0,0,0,0,0,0,0,0,0,0,0,0
2021-10-27,PROD_023,Liforme Yoga Pad,Wellness,Rodillera Yoga,35,False,1,35.23,35.23,34.85333333333333,1.0042081101759757,0,0,0,0,0,0,0,0,0,1,0,0,0,0,0,0,0,0,0,0,0,0,0,0,0,0,0,1,0,0,0,0,0,0,0,0,0,0,0,1,0,0,0,0
2021-10-27,PROD_024,Lotuscrafts Yoga Bolster,Wellness,Cojín Yoga,50,False,1,50.65,50.65,48.919999999999995,1.0220768601798857,0,0,0,0,0,0,0,0,0,0,1,0,0,0,0,0,0,0,0,0,0,0,0,0,0,0,0,1,0,0,0,0,1,0,0,0,0,0,0,0,0,0,0,0
2021-10-28,PROD_001,Nike Air Zoom Pegasus 40,Running,Zapatillas Running,115,True,7,118.14,826.98,95.97666666666667,1.198207897752926,0,0,0,0,0,0,0,0,0,0,0,0,0,0,1,0,0,0,0,0,0,0,0,0,0,0,1,0,0,0,0,0,0,0,0,0,0,0,0,0,0,0,1,0
2021-10-28,PROD_002,Adidas Ultraboost 23,Running,Zapatillas Running,135,True,8,138.46,1107.68,112.58999999999999,1.1990407673860912,0,1,0,0,0,0,0,0,0,0,0,0,0,0,0,0,0,0,0,0,0,0,0,0,0,0,1,0,0,0,0,0,0,0,0,0,0,0,0,0,0,0,1,0
2021-10-28,PROD_003,Asics Gel Nimbus 25,Running,Zapatillas Running,85,False,2,82.76,165.52,81.92,1.03759765625,0,0,1,0,0,0,0,0,0,0,0,0,0,0,0,0,0,0,0,0,0,0,0,0,0,0,1,0,0,0,0,0,0,0,0,0,0,0,0,0,0,0,1,0
2021-10-28,PROD_004,New Balance Fresh Foam X 1080v12,Running,Zapatillas Running,75,False,2,73.21,146.42,73.64666666666666,1.018376029691319,0,0,0,0,0,0,0,0,0,0,0,0,0,1,0,0,0,0,0,0,0,0,0,0,0,0,1,0,0,0,0,0,0,0,0,0,0,0,0,0,0,0,1,0
2021-10-28,PROD_005,Nike Dri-FIT Miler,Running,Ropa Running,35,False,2,34.97,69.94,34.32666666666666,1.019615459312488,0,0,0,0,0,0,0,0,0,0,0,0,0,0,0,1,0,0,0,0,0,0,0,0,0,0,1,0,0,0,0,0,0,0,0,0,0,0,0,0,0,1,0,0
2021-10-28,PROD_006,Adidas Own The Run Jacket,Running,Ropa Running,65,False,2,64.25,128.5,63.94333333333333,1.016525048219778,1,0,0,0,0,0,0,0,0,0,0,0,0,0,0,0,0,0,0,0,0,0,0,0,0,0,1,0,0,0,0,0,0,0,0,0,0,0,0,0,0,1,0,0
2021-10-28,PROD_007,Puma Velocity Nitro 2,Running,Zapatillas Running,70,False,1,71.27,71.27,68.74333333333333,1.018280560539204,0,0,0,0,0,0,0,0,0,0,0,0,0,0,0,0,1,0,0,0,0,0,0,0,0,0,1,0,0,0,0,0,0,0,0,0,0,0,0,0,0,0,1,0
2021-10-28,PROD_008,Reebok Floatride Energy 5,Running,Zapatillas Running,65,False,2,65.43,130.86,62.54,1.0393348257115447,0,0,0,0,0,0,0,0,0,0,0,0,0,0,0,0,0,0,1,0,0,0,0,0,0,0,1,0,0,0,0,0,0,0,0,0,0,0,0,0,0,0,1,0
2021-10-28,PROD_009,Bowflex SelectTech 552,Fitness,Mancuernas Ajustables,400,True,1,405.19,405.19,345.57666666666665,1.1574855555448382,0,0,0,1,0,0,0,0,0,0,0,0,0,0,0,0,0,0,0,0,0,0,0,0,1,0,0,0,0,0,0,0,0,0,0,1,0,0,0,0,0,0,0,0
2021-10-28,PROD_010,Domyos BM900,Fitness,Banco Gimnasio,175,True,1,171.03,171.03,160.85333333333332,1.0879476127320955,0,0,0,0,0,0,1,0,0,0,0,0,0,0,0,0,0,0,0,0,0,0,0,0,1,0,0,0,1,0,0,0,0,0,0,0,0,0,0,0,0,0,0,0
2021-10-28,PROD_011,Reebok Professional Deck,Fitness,Esterilla Fitness,45,False,2,44.14,88.28,43.02666666666667,1.0458630306786487,0,0,0,0,0,0,0,0,0,0,0,0,0,0,0,0,0,0,0,1,0,0,0,0,1,0,0,0,0,0,0,0,0,1,0,0,0,0,0,0,0,0,0,0
2021-10-28,PROD_012,Domyos Kit Mancuernas 20kg,Fitness,Pesas Casa,55,False,3,55.08,165.24,53.46,1.02880658436214,0,0,0,0,0,0,0,1,0,0,0,0,0,0,0,0,0,0,0,0,0,0,0,0,1,0,0,0,0,0,0,0,0,0,0,0,0,0,1,0,0,0,0,0
2021-10-28,PROD_013,Decathlon Bandas Elásticas Set,Fitness,Bandas Elásticas,25,False,2,25.31,50.62,25.12,0.9952229299363057,0,0,0,0,0,1,0,0,0,0,0,0,0,0,0,0,0,0,0,0,0,0,0,0,1,0,0,0,0,1,0,0,0,0,0,0,0,0,0,0,0,0,0,0
2021-10-28,PROD_014,Sveltus Kettlebell 12kg,Fitness,Pesa Rusa,40,False,2,39.42,78.84,40.376666666666665,0.9906711797242632,0,0,0,0,0,0,0,0,0,0,0,0,0,0,0,0,0,0,0,0,0,1,0,0,1,0,0,0,0,0,0,0,0,0,0,0,0,1,0,0,0,0,0,0
2021-10-28,PROD_015,Salomon Speedcross 5 GTX,Outdoor,Zapatillas Trail,150,True,3,154.17,462.51,136.92666666666665,1.095476897609426,0,0,0,0,0,0,0,0,0,0,0,0,0,0,0,0,0,0,0,0,1,0,0,0,0,1,0,0,0,0,0,0,0,0,0,0,0,0,0,0,0,0,0,1
2021-10-28,PROD_016,Trek Marlin 7,Outdoor,Bicicleta Montaña,830,True,2,832.5,1665.0,737.4966666666666,1.1254288154974714,0,0,0,0,0,0,0,0,0,0,0,0,0,0,0,0,0,0,0,0,0,0,0,1,0,1,0,0,0,0,1,0,0,0,0,0,0,0,0,0,0,0,0,0
2021-10-28,PROD_017,The North Face Borealis,Outdoor,Mochila Trekking,95,False,2,92.4,184.8,91.42999999999999,1.039046264902111,0,0,0,0,0,0,0,0,0,0,0,0,0,0,0,0,0,0,0,0,0,0,1,0,0,1,0,0,0,0,0,0,0,0,0,0,1,0,0,0,0,0,0,0
2021-10-28,PROD_018,Columbia Silver Ridge,Outdoor,Ropa Montaña,70,False,2,70.43,140.86,68.42,1.0230926629640456,0,0,0,0,1,0,0,0,0,0,0,0,0,0,0,0,0,0,0,0,0,0,0,0,0,1,0,0,0,0,0,0,0,0,0,0,0,0,0,0,1,0,0,0
2021-10-28,PROD_019,Merrell Moab 2 GTX,Outdoor,Zapatillas Trail,110,False,2,112.11,224.22,109.68333333333334,1.0028870992250418,0,0,0,0,0,0,0,0,0,0,0,0,1,0,0,0,0,0,0,0,0,0,0,0,0,1,0,0,0,0,0,0,0,0,0,0,0,0,0,0,0,0,0,1
2021-10-28,PROD_020,Quechua MH500,Outdoor,Ropa Montaña,80,False,2,78.62,157.24,77.69333333333333,1.029689377037927,0,0,0,0,0,0,0,0,0,0,0,0,0,0,0,0,0,1,0,0,0,0,0,0,0,1,0,0,0,0,0,0,0,0,0,0,0,0,0,0,1,0,0,0
2021-10-28,PROD_021,Manduka PRO Yoga Mat,Wellness,Esterilla Yoga,130,True,5,130.87,654.35,119.25999999999999,1.0900553412711722,0,0,0,0,0,0,0,0,0,0,0,1,0,0,0,0,0,0,0,0,0,0,0,0,0,0,0,1,0,0,0,0,0,0,1,0,0,0,0,0,0,0,0,0
2021-10-28,PROD_022,Gaiam Premium Yoga Block,Wellness,Bloque Yoga,20,False,1,20.48,20.48,19.126666666666665,1.0456605088881143,0,0,0,0,0,0,0,0,1,0,0,0,0,0,0,0,0,0,0,0,0,0,0,0,0,0,0,1,0,0,0,1,0,0,0,0,0,0,0,0,0,0,0,0
2021-10-28,PROD_023,Liforme Yoga Pad,Wellness,Rodillera Yoga,35,False,1,34.69,34.69,34.07,1.0272967420017611,0,0,0,0,0,0,0,0,0,1,0,0,0,0,0,0,0,0,0,0,0,0,0,0,0,0,0,1,0,0,0,0,0,0,0,0,0,0,0,1,0,0,0,0
2021-10-28,PROD_024,Lotuscrafts Yoga Bolster,Wellness,Cojín Yoga,50,False,1,49.32,49.32,48.79333333333333,1.0247301543926768,0,0,0,0,0,0,0,0,0,0,1,0,0,0,0,0,0,0,0,0,0,0,0,0,0,0,0,1,0,0,0,0,1,0,0,0,0,0,0,0,0,0,0,0
2021-10-29,PROD_001,Nike Air Zoom Pegasus 40,Running,Zapatillas Running,115,True,12,117.23,1406.76,96.21333333333332,1.195260532150776,0,0,0,0,0,0,0,0,0,0,0,0,0,0,1,0,0,0,0,0,0,0,0,0,0,0,1,0,0,0,0,0,0,0,0,0,0,0,0,0,0,0,1,0
2021-10-29,PROD_002,Adidas Ultraboost 23,Running,Zapatillas Running,135,True,9,131.72,1185.48,113.12,1.1934229137199435,0,1,0,0,0,0,0,0,0,0,0,0,0,0,0,0,0,0,0,0,0,0,0,0,0,0,1,0,0,0,0,0,0,0,0,0,0,0,0,0,0,0,1,0
2021-10-29,PROD_003,Asics Gel Nimbus 25,Running,Zapatillas Running,85,False,3,85.63,256.89,79.81333333333333,1.0649849649181424,0,0,1,0,0,0,0,0,0,0,0,0,0,0,0,0,0,0,0,0,0,0,0,0,0,0,1,0,0,0,0,0,0,0,0,0,0,0,0,0,0,0,1,0
2021-10-29,PROD_004,New Balance Fresh Foam X 1080v12,Running,Zapatillas Running,75,False,2,73.51,147.02,71.13000000000001,1.054407423028258,0,0,0,0,0,0,0,0,0,0,0,0,0,1,0,0,0,0,0,0,0,0,0,0,0,0,1,0,0,0,0,0,0,0,0,0,0,0,0,0,0,0,1,0
2021-10-29,PROD_005,Nike Dri-FIT Miler,Running,Ropa Running,35,False,2,35.5,71.0,33.12,1.0567632850241546,0,0,0,0,0,0,0,0,0,0,0,0,0,0,0,1,0,0,0,0,0,0,0,0,0,0,1,0,0,0,0,0,0,0,0,0,0,0,0,0,0,1,0,0
2021-10-29,PROD_006,Adidas Own The Run Jacket,Running,Ropa Running,65,False,2,63.42,126.84,63.32333333333333,1.026477864926041,1,0,0,0,0,0,0,0,0,0,0,0,0,0,0,0,0,0,0,0,0,0,0,0,0,0,1,0,0,0,0,0,0,0,0,0,0,0,0,0,0,1,0,0
2021-10-29,PROD_007,Puma Velocity Nitro 2,Running,Zapatillas Running,70,False,2,68.0,136.0,66.04333333333334,1.0599101599959622,0,0,0,0,0,0,0,0,0,0,0,0,0,0,0,0,1,0,0,0,0,0,0,0,0,0,1,0,0,0,0,0,0,0,0,0,0,0,0,0,0,0,1,0
2021-10-29,PROD_008,Reebok Floatride Energy 5,Running,Zapatillas Running,65,False,2,65.18,130.36,62.49666666666667,1.0400554696250466,0,0,0,0,0,0,0,0,0,0,0,0,0,0,0,0,0,0,1,0,0,0,0,0,0,0,1,0,0,0,0,0,0,0,0,0,0,0,0,0,0,0,1,0
2021-10-29,PROD_009,Bowflex SelectTech 552,Fitness,Mancuernas Ajustables,400,True,2,393.57,787.14,350.91,1.139893419965233,0,0,0,1,0,0,0,0,0,0,0,0,0,0,0,0,0,0,0,0,0,0,0,0,1,0,0,0,0,0,0,0,0,0,0,1,0,0,0,0,0,0,0,0
2021-10-29,PROD_010,Domyos BM900,Fitness,Banco Gimnasio,175,True,1,174.97,174.97,161.95333333333335,1.0805581854855306,0,0,0,0,0,0,1,0,0,0,0,0,0,0,0,0,0,0,0,0,0,0,0,0,1,0,0,0,1,0,0,0,0,0,0,0,0,0,0,0,0,0,0,0
2021-10-29,PROD_011,Reebok Professional Deck,Fitness,Esterilla Fitness,45,False,3,46.32,138.96,44.26,1.016719385449616,0,0,0,0,0,0,0,0,0,0,0,0,0,0,0,0,0,0,0,1,0,0,0,0,1,0,0,0,0,0,0,0,0,1,0,0,0,0,0,0,0,0,0,0
2021-10-29,PROD_012,Domyos Kit Mancuernas 20kg,Fitness,Pesas Casa,55,False,3,54.68,164.04,51.76333333333334,1.0625281730954985,0,0,0,0,0,0,0,1,0,0,0,0,0,0,0,0,0,0,0,0,0,0,0,0,1,0,0,0,0,0,0,0,0,0,0,0,0,0,1,0,0,0,0,0
2021-10-29,PROD_013,Decathlon Bandas Elásticas Set,Fitness,Bandas Elásticas,25,False,3,24.89,74.67,24.05333333333333,1.0393569844789359,0,0,0,0,0,1,0,0,0,0,0,0,0,0,0,0,0,0,0,0,0,0,0,0,1,0,0,0,0,1,0,0,0,0,0,0,0,0,0,0,0,0,0,0
2021-10-29,PROD_014,Sveltus Kettlebell 12kg,Fitness,Pesa Rusa,40,False,3,41.18,123.54,39.626666666666665,1.009421265141319,0,0,0,0,0,0,0,0,0,0,0,0,0,0,0,0,0,0,0,0,0,1,0,0,1,0,0,0,0,0,0,0,0,0,0,0,0,1,0,0,0,0,0,0
2021-10-29,PROD_015,Salomon Speedcross 5 GTX,Outdoor,Zapatillas Trail,150,True,3,146.66,439.98,136.44000000000003,1.0993843447669303,0,0,0,0,0,0,0,0,0,0,0,0,0,0,0,0,0,0,0,0,1,0,0,0,0,1,0,0,0,0,0,0,0,0,0,0,0,0,0,0,0,0,0,1
2021-10-29,PROD_016,Trek Marlin 7,Outdoor,Bicicleta Montaña,830,True,2,833.9,1667.8,730.5799999999999,1.1360836595581594,0,0,0,0,0,0,0,0,0,0,0,0,0,0,0,0,0,0,0,0,0,0,0,1,0,1,0,0,0,0,1,0,0,0,0,0,0,0,0,0,0,0,0,0
2021-10-29,PROD_017,The North Face Borealis,Outdoor,Mochila Trekking,95,False,2,93.71,187.42,88.39666666666666,1.0747011576605454,0,0,0,0,0,0,0,0,0,0,0,0,0,0,0,0,0,0,0,0,0,0,1,0,0,1,0,0,0,0,0,0,0,0,0,0,1,0,0,0,0,0,0,0
2021-10-29,PROD_018,Columbia Silver Ridge,Outdoor,Ropa Montaña,70,False,2,69.39,138.78,66.91,1.0461814377522045,0,0,0,0,1,0,0,0,0,0,0,0,0,0,0,0,0,0,0,0,0,0,0,0,0,1,0,0,0,0,0,0,0,0,0,0,0,0,0,0,1,0,0,0
2021-10-29,PROD_019,Merrell Moab 2 GTX,Outdoor,Zapatillas Trail,110,False,2,107.16,214.32,106.93666666666667,1.0286462392070073,0,0,0,0,0,0,0,0,0,0,0,0,1,0,0,0,0,0,0,0,0,0,0,0,0,1,0,0,0,0,0,0,0,0,0,0,0,0,0,0,0,0,0,1
2021-10-29,PROD_020,Quechua MH500,Outdoor,Ropa Montaña,80,False,2,81.44,162.88,77.00333333333333,1.0389160642396433,0,0,0,0,0,0,0,0,0,0,0,0,0,0,0,0,0,1,0,0,0,0,0,0,0,1,0,0,0,0,0,0,0,0,0,0,0,0,0,0,1,0,0,0
2021-10-29,PROD_021,Manduka PRO Yoga Mat,Wellness,Esterilla Yoga,130,True,5,127.92,639.6,118.18666666666667,1.0999548736462095,0,0,0,0,0,0,0,0,0,0,0,1,0,0,0,0,0,0,0,0,0,0,0,0,0,0,0,1,0,0,0,0,0,0,1,0,0,0,0,0,0,0,0,0
2021-10-29,PROD_022,Gaiam Premium Yoga Block,Wellness,Bloque Yoga,20,False,1,20.18,20.18,19.26,1.0384215991692627,0,0,0,0,0,0,0,0,1,0,0,0,0,0,0,0,0,0,0,0,0,0,0,0,0,0,0,1,0,0,0,1,0,0,0,0,0,0,0,0,0,0,0,0
2021-10-29,PROD_023,Liforme Yoga Pad,Wellness,Rodillera Yoga,35,False,1,35.07,35.07,33.833333333333336,1.0344827586206895,0,0,0,0,0,0,0,0,0,1,0,0,0,0,0,0,0,0,0,0,0,0,0,0,0,0,0,1,0,0,0,0,0,0,0,0,0,0,0,1,0,0,0,0
2021-10-29,PROD_024,Lotuscrafts Yoga Bolster,Wellness,Cojín Yoga,50,False,1,50.51,50.51,49.046666666666674,1.019437270626614,0,0,0,0,0,0,0,0,0,0,1,0,0,0,0,0,0,0,0,0,0,0,0,0,0,0,0,1,0,0,0,0,1,0,0,0,0,0,0,0,0,0,0,0
2021-10-30,PROD_001,Nike Air Zoom Pegasus 40,Running,Zapatillas Running,115,True,12,118.41,1420.92,95.69,1.2017974710001045,0,0,0,0,0,0,0,0,0,0,0,0,0,0,1,0,0,0,0,0,0,0,0,0,0,0,1,0,0,0,0,0,0,0,0,0,0,0,0,0,0,0,1,0
2021-10-30,PROD_002,Adidas Ultraboost 23,Running,Zapatillas Running,135,True,12,136.87,1642.44,112.57,1.1992537976370259,0,1,0,0,0,0,0,0,0,0,0,0,0,0,0,0,0,0,0,0,0,0,0,0,0,0,1,0,0,0,0,0,0,0,0,0,0,0,0,0,0,0,1,0
2021-10-30,PROD_003,Asics Gel Nimbus 25,Running,Zapatillas Running,85,False,3,84.82,254.46,83.47666666666667,1.0182486123866947,0,0,1,0,0,0,0,0,0,0,0,0,0,0,0,0,0,0,0,0,0,0,0,0,0,0,1,0,0,0,0,0,0,0,0,0,0,0,0,0,0,0,1,0
2021-10-30,PROD_004,New Balance Fresh Foam X 1080v12,Running,Zapatillas Running,75,False,3,77.06,231.18,75.94666666666667,0.9875351123595505,0,0,0,0,0,0,0,0,0,0,0,0,0,1,0,0,0,0,0,0,0,0,0,0,0,0,1,0,0,0,0,0,0,0,0,0,0,0,0,0,0,0,1,0
2021-10-30,PROD_005,Nike Dri-FIT Miler,Running,Ropa Running,35,False,2,34.32,68.64,33.973333333333336,1.0302197802197801,0,0,0,0,0,0,0,0,0,0,0,0,0,0,0,1,0,0,0,0,0,0,0,0,0,0,1,0,0,0,0,0,0,0,0,0,0,0,0,0,0,1,0,0
2021-10-30,PROD_006,Adidas Own The Run Jacket,Running,Ropa Running,65,False,3,65.14,195.42,62.699999999999996,1.0366826156299842,1,0,0,0,0,0,0,0,0,0,0,0,0,0,0,0,0,0,0,0,0,0,0,0,0,0,1,0,0,0,0,0,0,0,0,0,0,0,0,0,0,1,0,0
2021-10-30,PROD_007,Puma Velocity Nitro 2,Running,Zapatillas Running,70,False,3,68.31,204.93,69.16333333333333,1.0120969685286039,0,0,0,0,0,0,0,0,0,0,0,0,0,0,0,0,1,0,0,0,0,0,0,0,0,0,1,0,0,0,0,0,0,0,0,0,0,0,0,0,0,0,1,0
2021-10-30,PROD_008,Reebok Floatride Energy 5,Running,Zapatillas Running,65,False,2,64.41,128.82,60.82333333333333,1.0686688222721543,0,0,0,0,0,0,0,0,0,0,0,0,0,0,0,0,0,0,1,0,0,0,0,0,0,0,1,0,0,0,0,0,0,0,0,0,0,0,0,0,0,0,1,0
2021-10-30,PROD_009,Bowflex SelectTech 552,Fitness,Mancuernas Ajustables,400,True,2,403.96,807.92,353.91,1.1302308496510411,0,0,0,1,0,0,0,0,0,0,0,0,0,0,0,0,0,0,0,0,0,0,0,0,1,0,0,0,0,0,0,0,0,0,0,1,0,0,0,0,0,0,0,0
2021-10-30,PROD_010,Domyos BM900,Fitness,Banco Gimnasio,175,True,2,171.35,342.7,160.25333333333333,1.0920209668025627,0,0,0,0,0,0,1,0,0,0,0,0,0,0,0,0,0,0,0,0,0,0,0,0,1,0,0,0,1,0,0,0,0,0,0,0,0,0,0,0,0,0,0,0
2021-10-30,PROD_011,Reebok Professional Deck,Fitness,Esterilla Fitness,45,False,3,46.33,138.99,43.309999999999995,1.0390210113137845,0,0,0,0,0,0,0,0,0,0,0,0,0,0,0,0,0,0,0,1,0,0,0,0,1,0,0,0,0,0,0,0,0,1,0,0,0,0,0,0,0,0,0,0
2021-10-30,PROD_012,Domyos Kit Mancuernas 20kg,Fitness,Pesas Casa,55,False,4,56.13,224.52,51.40333333333333,1.0699695220802803,0,0,0,0,0,0,0,1,0,0,0,0,0,0,0,0,0,0,0,0,0,0,0,0,1,0,0,0,0,0,0,0,0,0,0,0,0,0,1,0,0,0,0,0
2021-10-30,PROD_013,Decathlon Bandas Elásticas Set,Fitness,Bandas Elásticas,25,False,3,25.03,75.09,23.94666666666667,1.0439866369710467,0,0,0,0,0,1,0,0,0,0,0,0,0,0,0,0,0,0,0,0,0,0,0,0,1,0,0,0,0,1,0,0,0,0,0,0,0,0,0,0,0,0,0,0
2021-10-30,PROD_014,Sveltus Kettlebell 12kg,Fitness,Pesa Rusa,40,False,3,40.61,121.83,38.29666666666666,1.0444773261380453,0,0,0,0,0,0,0,0,0,0,0,0,0,0,0,0,0,0,0,0,0,1,0,0,1,0,0,0,0,0,0,0,0,0,0,0,0,1,0,0,0,0,0,0
2021-10-30,PROD_015,Salomon Speedcross 5 GTX,Outdoor,Zapatillas Trail,150,True,4,146.65,586.6,137.28333333333333,1.0926308121889037,0,0,0,0,0,0,0,0,0,0,0,0,0,0,0,0,0,0,0,0,1,0,0,0,0,1,0,0,0,0,0,0,0,0,0,0,0,0,0,0,0,0,0,1
2021-10-30,PROD_016,Trek Marlin 7,Outdoor,Bicicleta Montaña,830,True,3,840.4,2521.2,744.0466666666666,1.1155214278674277,0,0,0,0,0,0,0,0,0,0,0,0,0,0,0,0,0,0,0,0,0,0,0,1,0,1,0,0,0,0,1,0,0,0,0,0,0,0,0,0,0,0,0,0
2021-10-30,PROD_017,The North Face Borealis,Outdoor,Mochila Trekking,95,False,2,92.36,184.72,93.67,1.0141987829614605,0,0,0,0,0,0,0,0,0,0,0,0,0,0,0,0,0,0,0,0,0,0,1,0,0,1,0,0,0,0,0,0,0,0,0,0,1,0,0,0,0,0,0,0
2021-10-30,PROD_018,Columbia Silver Ridge,Outdoor,Ropa Montaña,70,False,2,69.41,138.82,69.45333333333333,1.0078709925129583,0,0,0,0,1,0,0,0,0,0,0,0,0,0,0,0,0,0,0,0,0,0,0,0,0,1,0,0,0,0,0,0,0,0,0,0,0,0,0,0,1,0,0,0
2021-10-30,PROD_019,Merrell Moab 2 GTX,Outdoor,Zapatillas Trail,110,False,2,107.28,214.56,105.93333333333334,1.038388923851479,0,0,0,0,0,0,0,0,0,0,0,0,1,0,0,0,0,0,0,0,0,0,0,0,0,1,0,0,0,0,0,0,0,0,0,0,0,0,0,0,0,0,0,1
2021-10-30,PROD_020,Quechua MH500,Outdoor,Ropa Montaña,80,False,2,79.07,158.14,77.21333333333332,1.0360904852357107,0,0,0,0,0,0,0,0,0,0,0,0,0,0,0,0,0,1,0,0,0,0,0,0,0,1,0,0,0,0,0,0,0,0,0,0,0,0,0,0,1,0,0,0
2021-10-30,PROD_021,Manduka PRO Yoga Mat,Wellness,Esterilla Yoga,130,True,6,129.2,775.2,118.23333333333333,1.099520721736679,0,0,0,0,0,0,0,0,0,0,0,1,0,0,0,0,0,0,0,0,0,0,0,0,0,0,0,1,0,0,0,0,0,0,1,0,0,0,0,0,0,0,0,0
2021-10-30,PROD_022,Gaiam Premium Yoga Block,Wellness,Bloque Yoga,20,False,1,20.02,20.02,19.400000000000002,1.0309278350515463,0,0,0,0,0,0,0,0,1,0,0,0,0,0,0,0,0,0,0,0,0,0,0,0,0,0,0,1,0,0,0,1,0,0,0,0,0,0,0,0,0,0,0,0
2021-10-30,PROD_023,Liforme Yoga Pad,Wellness,Rodillera Yoga,35,False,1,35.88,35.88,33.916666666666664,1.031941031941032,0,0,0,0,0,0,0,0,0,1,0,0,0,0,0,0,0,0,0,0,0,0,0,0,0,0,0,1,0,0,0,0,0,0,0,0,0,0,0,1,0,0,0,0
2021-10-30,PROD_024,Lotuscrafts Yoga Bolster,Wellness,Cojín Yoga,50,False,1,51.05,51.05,49.15,1.017293997965412,0,0,0,0,0,0,0,0,0,0,1,0,0,0,0,0,0,0,0,0,0,0,0,0,0,0,0,1,0,0,0,0,1,0,0,0,0,0,0,0,0,0,0,0
2021-10-31,PROD_001,Nike Air Zoom Pegasus 40,Running,Zapatillas Running,115,True,9,112.99,1016.91,95.72333333333334,1.2013789741268237,0,0,0,0,0,0,0,0,0,0,0,0,0,0,1,0,0,0,0,0,0,0,0,0,0,0,1,0,0,0,0,0,0,0,0,0,0,0,0,0,0,0,1,0
2021-10-31,PROD_002,Adidas Ultraboost 23,Running,Zapatillas Running,135,True,10,138.06,1380.6,113.73666666666666,1.1869523167550775,0,1,0,0,0,0,0,0,0,0,0,0,0,0,0,0,0,0,0,0,0,0,0,0,0,0,1,0,0,0,0,0,0,0,0,0,0,0,0,0,0,0,1,0
2021-10-31,PROD_003,Asics Gel Nimbus 25,Running,Zapatillas Running,85,False,3,86.88,260.64,82.26,1.0333090201799173,0,0,1,0,0,0,0,0,0,0,0,0,0,0,0,0,0,0,0,0,0,0,0,0,0,0,1,0,0,0,0,0,0,0,0,0,0,0,0,0,0,0,1,0
2021-10-31,PROD_004,New Balance Fresh Foam X 1080v12,Running,Zapatillas Running,75,False,3,74.12,222.36,73.46,1.0209637898175878,0,0,0,0,0,0,0,0,0,0,0,0,0,1,0,0,0,0,0,0,0,0,0,0,0,0,1,0,0,0,0,0,0,0,0,0,0,0,0,0,0,0,1,0
2021-10-31,PROD_005,Nike Dri-FIT Miler,Running,Ropa Running,35,False,2,34.12,68.24,34.02333333333333,1.0287057901440189,0,0,0,0,0,0,0,0,0,0,0,0,0,0,0,1,0,0,0,0,0,0,0,0,0,0,1,0,0,0,0,0,0,0,0,0,0,0,0,0,0,1,0,0
2021-10-31,PROD_006,Adidas Own The Run Jacket,Running,Ropa Running,65,False,2,65.76,131.52,65.36,0.9944920440636476,1,0,0,0,0,0,0,0,0,0,0,0,0,0,0,0,0,0,0,0,0,0,0,0,0,0,1,0,0,0,0,0,0,0,0,0,0,0,0,0,0,1,0,0
2021-10-31,PROD_007,Puma Velocity Nitro 2,Running,Zapatillas Running,70,False,2,69.35,138.7,68.18,1.0266940451745379,0,0,0,0,0,0,0,0,0,0,0,0,0,0,0,0,1,0,0,0,0,0,0,0,0,0,1,0,0,0,0,0,0,0,0,0,0,0,0,0,0,0,1,0
2021-10-31,PROD_008,Reebok Floatride Energy 5,Running,Zapatillas Running,65,False,2,66.26,132.52,62.77,1.0355265254102277,0,0,0,0,0,0,0,0,0,0,0,0,0,0,0,0,0,0,1,0,0,0,0,0,0,0,1,0,0,0,0,0,0,0,0,0,0,0,0,0,0,0,1,0
2021-10-31,PROD_009,Bowflex SelectTech 552,Fitness,Mancuernas Ajustables,400,True,2,391.18,782.36,349.00333333333333,1.146120858444523,0,0,0,1,0,0,0,0,0,0,0,0,0,0,0,0,0,0,0,0,0,0,0,0,1,0,0,0,0,0,0,0,0,0,0,1,0,0,0,0,0,0,0,0
2021-10-31,PROD_010,Domyos BM900,Fitness,Banco Gimnasio,175,True,2,177.78,355.56,160.53333333333333,1.0901162790697674,0,0,0,0,0,0,1,0,0,0,0,0,0,0,0,0,0,0,0,0,0,0,0,0,1,0,0,0,1,0,0,0,0,0,0,0,0,0,0,0,0,0,0,0
2021-10-31,PROD_011,Reebok Professional Deck,Fitness,Esterilla Fitness,45,False,2,44.12,88.24,44.38666666666666,1.013817963352358,0,0,0,0,0,0,0,0,0,0,0,0,0,0,0,0,0,0,0,1,0,0,0,0,1,0,0,0,0,0,0,0,0,1,0,0,0,0,0,0,0,0,0,0
2021-10-31,PROD_012,Domyos Kit Mancuernas 20kg,Fitness,Pesas Casa,55,False,3,53.83,161.49,54.39666666666667,1.0110913658925178,0,0,0,0,0,0,0,1,0,0,0,0,0,0,0,0,0,0,0,0,0,0,0,0,1,0,0,0,0,0,0,0,0,0,0,0,0,0,1,0,0,0,0,0
2021-10-31,PROD_013,Decathlon Bandas Elásticas Set,Fitness,Bandas Elásticas,25,False,3,24.8,74.4,24.25,1.0309278350515463,0,0,0,0,0,1,0,0,0,0,0,0,0,0,0,0,0,0,0,0,0,0,0,0,1,0,0,0,0,1,0,0,0,0,0,0,0,0,0,0,0,0,0,0
2021-10-31,PROD_014,Sveltus Kettlebell 12kg,Fitness,Pesa Rusa,40,False,3,39.84,119.52,36.88333333333333,1.0845006778129236,0,0,0,0,0,0,0,0,0,0,0,0,0,0,0,0,0,0,0,0,0,1,0,0,1,0,0,0,0,0,0,0,0,0,0,0,0,1,0,0,0,0,0,0
2021-10-31,PROD_015,Salomon Speedcross 5 GTX,Outdoor,Zapatillas Trail,150,True,2,148.31,296.62,137.86,1.0880603510808065,0,0,0,0,0,0,0,0,0,0,0,0,0,0,0,0,0,0,0,0,1,0,0,0,0,1,0,0,0,0,0,0,0,0,0,0,0,0,0,0,0,0,0,1
2021-10-31,PROD_016,Trek Marlin 7,Outdoor,Bicicleta Montaña,830,True,3,810.36,2431.08,737.0033333333334,1.1261821520481587,0,0,0,0,0,0,0,0,0,0,0,0,0,0,0,0,0,0,0,0,0,0,0,1,0,1,0,0,0,0,1,0,0,0,0,0,0,0,0,0,0,0,0,0
2021-10-31,PROD_017,The North Face Borealis,Outdoor,Mochila Trekking,95,False,2,95.8,191.6,94.52,1.0050782903089295,0,0,0,0,0,0,0,0,0,0,0,0,0,0,0,0,0,0,0,0,0,0,1,0,0,1,0,0,0,0,0,0,0,0,0,0,1,0,0,0,0,0,0,0
2021-10-31,PROD_018,Columbia Silver Ridge,Outdoor,Ropa Montaña,70,False,2,70.63,141.26,68.13666666666667,1.0273469986791253,0,0,0,0,1,0,0,0,0,0,0,0,0,0,0,0,0,0,0,0,0,0,0,0,0,1,0,0,0,0,0,0,0,0,0,0,0,0,0,0,1,0,0,0
2021-10-31,PROD_019,Merrell Moab 2 GTX,Outdoor,Zapatillas Trail,110,False,2,107.7,215.4,105.99000000000001,1.0378337579016887,0,0,0,0,0,0,0,0,0,0,0,0,1,0,0,0,0,0,0,0,0,0,0,0,0,1,0,0,0,0,0,0,0,0,0,0,0,0,0,0,0,0,0,1
2021-10-31,PROD_020,Quechua MH500,Outdoor,Ropa Montaña,80,False,2,82.38,164.76,75.72000000000001,1.056524035921817,0,0,0,0,0,0,0,0,0,0,0,0,0,0,0,0,0,1,0,0,0,0,0,0,0,1,0,0,0,0,0,0,0,0,0,0,0,0,0,0,1,0,0,0
2021-10-31,PROD_021,Manduka PRO Yoga Mat,Wellness,Esterilla Yoga,130,True,5,126.55,632.75,117.29,1.1083638843891208,0,0,0,0,0,0,0,0,0,0,0,1,0,0,0,0,0,0,0,0,0,0,0,0,0,0,0,1,0,0,0,0,0,0,1,0,0,0,0,0,0,0,0,0
2021-10-31,PROD_022,Gaiam Premium Yoga Block,Wellness,Bloque Yoga,20,False,1,19.55,19.55,19.2,1.0416666666666667,0,0,0,0,0,0,0,0,1,0,0,0,0,0,0,0,0,0,0,0,0,0,0,0,0,0,0,1,0,0,0,1,0,0,0,0,0,0,0,0,0,0,0,0
2021-10-31,PROD_023,Liforme Yoga Pad,Wellness,Rodillera Yoga,35,False,1,34.59,34.59,33.949999999999996,1.0309278350515465,0,0,0,0,0,0,0,0,0,1,0,0,0,0,0,0,0,0,0,0,0,0,0,0,0,0,0,1,0,0,0,0,0,0,0,0,0,0,0,1,0,0,0,0
2021-10-31,PROD_024,Lotuscrafts Yoga Bolster,Wellness,Cojín Yoga,50,False,1,48.69,48.69,50.11333333333332,0.9977384594918187,0,0,0,0,0,0,0,0,0,0,1,0,0,0,0,0,0,0,0,0,0,0,0,0,0,0,0,1,0,0,0,0,1,0,0,0,0,0,0,0,0,0,0,0
2021-11-01,PROD_001,Nike Air Zoom Pegasus 40,Running,Zapatillas Running,115,True,7,115.07,805.49,95.35333333333334,1.2060406907641752,0,0,0,0,0,0,0,0,0,0,0,0,0,0,1,0,0,0,0,0,0,0,0,0,0,0,1,0,0,0,0,0,0,0,0,0,0,0,0,0,0,0,1,0
2021-11-01,PROD_002,Adidas Ultraboost 23,Running,Zapatillas Running,135,True,10,136.0,1360.0,113.39333333333333,1.1905461814333589,0,1,0,0,0,0,0,0,0,0,0,0,0,0,0,0,0,0,0,0,0,0,0,0,0,0,1,0,0,0,0,0,0,0,0,0,0,0,0,0,0,0,1,0
2021-11-01,PROD_003,Asics Gel Nimbus 25,Running,Zapatillas Running,85,False,2,85.14,170.28,83.27666666666666,1.020694071968939,0,0,1,0,0,0,0,0,0,0,0,0,0,0,0,0,0,0,0,0,0,0,0,0,0,0,1,0,0,0,0,0,0,0,0,0,0,0,0,0,0,0,1,0
2021-11-01,PROD_004,New Balance Fresh Foam X 1080v12,Running,Zapatillas Running,75,False,2,76.74,153.48,71.84333333333332,1.0439381988586278,0,0,0,0,0,0,0,0,0,0,0,0,0,1,0,0,0,0,0,0,0,0,0,0,0,0,1,0,0,0,0,0,0,0,0,0,0,0,0,0,0,0,1,0
2021-11-01,PROD_005,Nike Dri-FIT Miler,Running,Ropa Running,35,False,2,34.89,69.78,33.49,1.0450880859958196,0,0,0,0,0,0,0,0,0,0,0,0,0,0,0,1,0,0,0,0,0,0,0,0,0,0,1,0,0,0,0,0,0,0,0,0,0,0,0,0,0,1,0,0
2021-11-01,PROD_006,Adidas Own The Run Jacket,Running,Ropa Running,65,False,2,64.67,129.34,63.53333333333334,1.0230849947534102,1,0,0,0,0,0,0,0,0,0,0,0,0,0,0,0,0,0,0,0,0,0,0,0,0,0,1,0,0,0,0,0,0,0,0,0,0,0,0,0,0,1,0,0
2021-11-01,PROD_007,Puma Velocity Nitro 2,Running,Zapatillas Running,70,False,2,71.38,142.76,66.00333333333333,1.060552497348619,0,0,0,0,0,0,0,0,0,0,0,0,0,0,0,0,1,0,0,0,0,0,0,0,0,0,1,0,0,0,0,0,0,0,0,0,0,0,0,0,0,0,1,0
2021-11-01,PROD_008,Reebok Floatride Energy 5,Running,Zapatillas Running,65,False,2,63.09,126.18,62.160000000000004,1.0456885456885456,0,0,0,0,0,0,0,0,0,0,0,0,0,0,0,0,0,0,1,0,0,0,0,0,0,0,1,0,0,0,0,0,0,0,0,0,0,0,0,0,0,0,1,0
2021-11-01,PROD_009,Bowflex SelectTech 552,Fitness,Mancuernas Ajustables,400,True,2,397.99,795.98,350.04333333333335,1.1427156637749611,0,0,0,1,0,0,0,0,0,0,0,0,0,0,0,0,0,0,0,0,0,0,0,0,1,0,0,0,0,0,0,0,0,0,0,1,0,0,0,0,0,0,0,0
2021-11-01,PROD_010,Domyos BM900,Fitness,Banco Gimnasio,175,True,2,172.48,344.96,159.88666666666668,1.0945252887461951,0,0,0,0,0,0,1,0,0,0,0,0,0,0,0,0,0,0,0,0,0,0,0,0,1,0,0,0,1,0,0,0,0,0,0,0,0,0,0,0,0,0,0,0
2021-11-01,PROD_011,Reebok Professional Deck,Fitness,Esterilla Fitness,45,False,3,45.7,137.1,44.26333333333333,1.0166428194894195,0,0,0,0,0,0,0,0,0,0,0,0,0,0,0,0,0,0,0,1,0,0,0,0,1,0,0,0,0,0,0,0,0,1,0,0,0,0,0,0,0,0,0,0
2021-11-01,PROD_012,Domyos Kit Mancuernas 20kg,Fitness,Pesas Casa,55,False,3,54.06,162.18,54.17666666666667,1.0151971943641174,0,0,0,0,0,0,0,1,0,0,0,0,0,0,0,0,0,0,0,0,0,0,0,0,1,0,0,0,0,0,0,0,0,0,0,0,0,0,1,0,0,0,0,0
2021-11-01,PROD_013,Decathlon Bandas Elásticas Set,Fitness,Bandas Elásticas,25,False,3,24.27,72.81,23.863333333333333,1.0476323508869954,0,0,0,0,0,1,0,0,0,0,0,0,0,0,0,0,0,0,0,0,0,0,0,0,1,0,0,0,0,1,0,0,0,0,0,0,0,0,0,0,0,0,0,0
2021-11-01,PROD_014,Sveltus Kettlebell 12kg,Fitness,Pesa Rusa,40,False,3,40.12,120.36,38.61666666666667,1.0358221838584376,0,0,0,0,0,0,0,0,0,0,0,0,0,0,0,0,0,0,0,0,0,1,0,0,1,0,0,0,0,0,0,0,0,0,0,0,0,1,0,0,0,0,0,0
2021-11-01,PROD_015,Salomon Speedcross 5 GTX,Outdoor,Zapatillas Trail,150,True,3,149.59,448.77,136.37666666666667,1.0998948989318797,0,0,0,0,0,0,0,0,0,0,0,0,0,0,0,0,0,0,0,0,1,0,0,0,0,1,0,0,0,0,0,0,0,0,0,0,0,0,0,0,0,0,0,1
2021-11-01,PROD_016,Trek Marlin 7,Outdoor,Bicicleta Montaña,830,True,3,821.27,2463.81,745.4166666666666,1.1134712129681388,0,0,0,0,0,0,0,0,0,0,0,0,0,0,0,0,0,0,0,0,0,0,0,1,0,1,0,0,0,0,1,0,0,0,0,0,0,0,0,0,0,0,0,0
2021-11-01,PROD_017,The North Face Borealis,Outdoor,Mochila Trekking,95,False,1,96.35,96.35,93.54,1.0156082959161856,0,0,0,0,0,0,0,0,0,0,0,0,0,0,0,0,0,0,0,0,0,0,1,0,0,1,0,0,0,0,0,0,0,0,0,0,1,0,0,0,0,0,0,0
2021-11-01,PROD_018,Columbia Silver Ridge,Outdoor,Ropa Montaña,70,False,2,69.56,139.12,67.97,1.0298661174047374,0,0,0,0,1,0,0,0,0,0,0,0,0,0,0,0,0,0,0,0,0,0,0,0,0,1,0,0,0,0,0,0,0,0,0,0,0,0,0,0,1,0,0,0
2021-11-01,PROD_019,Merrell Moab 2 GTX,Outdoor,Zapatillas Trail,110,False,2,109.73,219.46,105.20333333333333,1.0455942460631793,0,0,0,0,0,0,0,0,0,0,0,0,1,0,0,0,0,0,0,0,0,0,0,0,0,1,0,0,0,0,0,0,0,0,0,0,0,0,0,0,0,0,0,1
2021-11-01,PROD_020,Quechua MH500,Outdoor,Ropa Montaña,80,False,2,82.19,164.38,76.78666666666668,1.041847542976211,0,0,0,0,0,0,0,0,0,0,0,0,0,0,0,0,0,1,0,0,0,0,0,0,0,1,0,0,0,0,0,0,0,0,0,0,0,0,0,0,1,0,0,0
2021-11-01,PROD_021,Manduka PRO Yoga Mat,Wellness,Esterilla Yoga,130,True,4,132.24,528.96,115.96,1.1210762331838566,0,0,0,0,0,0,0,0,0,0,0,1,0,0,0,0,0,0,0,0,0,0,0,0,0,0,0,1,0,0,0,0,0,0,1,0,0,0,0,0,0,0,0,0
2021-11-01,PROD_022,Gaiam Premium Yoga Block,Wellness,Bloque Yoga,20,False,1,19.93,19.93,19.236666666666668,1.039681164442904,0,0,0,0,0,0,0,0,1,0,0,0,0,0,0,0,0,0,0,0,0,0,0,0,0,0,0,1,0,0,0,1,0,0,0,0,0,0,0,0,0,0,0,0
2021-11-01,PROD_023,Liforme Yoga Pad,Wellness,Rodillera Yoga,35,False,1,34.48,34.48,33.693333333333335,1.038781163434903,0,0,0,0,0,0,0,0,0,1,0,0,0,0,0,0,0,0,0,0,0,0,0,0,0,0,0,1,0,0,0,0,0,0,0,0,0,0,0,1,0,0,0,0
2021-11-01,PROD_024,Lotuscrafts Yoga Bolster,Wellness,Cojín Yoga,50,False,1,50.41,50.41,48.620000000000005,1.0283833813245578,0,0,0,0,0,0,0,0,0,0,1,0,0,0,0,0,0,0,0,0,0,0,0,0,0,0,0,1,0,0,0,0,1,0,0,0,0,0,0,0,0,0,0,0
2021-11-02,PROD_001,Nike Air Zoom Pegasus 40,Running,Zapatillas Running,115,True,10,116.1,1161.0,96.15333333333335,1.1960063787006863,0,0,0,0,0,0,0,0,0,0,0,0,0,0,1,0,0,0,0,0,0,0,0,0,0,0,1,0,0,0,0,0,0,0,0,0,0,0,0,0,0,0,1,0
2021-11-02,PROD_002,Adidas Ultraboost 23,Running,Zapatillas Running,135,True,10,135.92,1359.2,113.04,1.1942675159235667,0,1,0,0,0,0,0,0,0,0,0,0,0,0,0,0,0,0,0,0,0,0,0,0,0,0,1,0,0,0,0,0,0,0,0,0,0,0,0,0,0,0,1,0
2021-11-02,PROD_003,Asics Gel Nimbus 25,Running,Zapatillas Running,85,False,2,82.79,165.58,85.42666666666668,0.9950054627750896,0,0,1,0,0,0,0,0,0,0,0,0,0,0,0,0,0,0,0,0,0,0,0,0,0,0,1,0,0,0,0,0,0,0,0,0,0,0,0,0,0,0,1,0
2021-11-02,PROD_004,New Balance Fresh Foam X 1080v12,Running,Zapatillas Running,75,False,2,76.07,152.14,70.28000000000002,1.0671599317017642,0,0,0,0,0,0,0,0,0,0,0,0,0,1,0,0,0,0,0,0,0,0,0,0,0,0,1,0,0,0,0,0,0,0,0,0,0,0,0,0,0,0,1,0
2021-11-02,PROD_005,Nike Dri-FIT Miler,Running,Ropa Running,35,False,2,35.03,70.06,33.803333333333335,1.0354008480425994,0,0,0,0,0,0,0,0,0,0,0,0,0,0,0,1,0,0,0,0,0,0,0,0,0,0,1,0,0,0,0,0,0,0,0,0,0,0,0,0,0,1,0,0
2021-11-02,PROD_006,Adidas Own The Run Jacket,Running,Ropa Running,65,False,2,63.38,126.76,60.61666666666667,1.0723123453395655,1,0,0,0,0,0,0,0,0,0,0,0,0,0,0,0,0,0,0,0,0,0,0,0,0,0,1,0,0,0,0,0,0,0,0,0,0,0,0,0,0,1,0,0
2021-11-02,PROD_007,Puma Velocity Nitro 2,Running,Zapatillas Running,70,False,2,70.91,141.82,69.40666666666668,1.0085486504658532,0,0,0,0,0,0,0,0,0,0,0,0,0,0,0,0,1,0,0,0,0,0,0,0,0,0,1,0,0,0,0,0,0,0,0,0,0,0,0,0,0,0,1,0
2021-11-02,PROD_008,Reebok Floatride Energy 5,Running,Zapatillas Running,65,False,2,64.21,128.42,65.22333333333333,0.9965758675320694,0,0,0,0,0,0,0,0,0,0,0,0,0,0,0,0,0,0,1,0,0,0,0,0,0,0,1,0,0,0,0,0,0,0,0,0,0,0,0,0,0,0,1,0
2021-11-02,PROD_009,Bowflex SelectTech 552,Fitness,Mancuernas Ajustables,400,True,2,396.39,792.78,351.43,1.1382067552570925,0,0,0,1,0,0,0,0,0,0,0,0,0,0,0,0,0,0,0,0,0,0,0,0,1,0,0,0,0,0,0,0,0,0,0,1,0,0,0,0,0,0,0,0
2021-11-02,PROD_010,Domyos BM900,Fitness,Banco Gimnasio,175,True,2,171.69,343.38,160.3,1.0917030567685588,0,0,0,0,0,0,1,0,0,0,0,0,0,0,0,0,0,0,0,0,0,0,0,0,1,0,0,0,1,0,0,0,0,0,0,0,0,0,0,0,0,0,0,0
2021-11-02,PROD_011,Reebok Professional Deck,Fitness,Esterilla Fitness,45,False,3,44.12,132.36,44.18666666666667,1.0184067592033796,0,0,0,0,0,0,0,0,0,0,0,0,0,0,0,0,0,0,0,1,0,0,0,0,1,0,0,0,0,0,0,0,0,1,0,0,0,0,0,0,0,0,0,0
2021-11-02,PROD_012,Domyos Kit Mancuernas 20kg,Fitness,Pesas Casa,55,False,3,55.87,167.61,55.400000000000006,0.9927797833935017,0,0,0,0,0,0,0,1,0,0,0,0,0,0,0,0,0,0,0,0,0,0,0,0,1,0,0,0,0,0,0,0,0,0,0,0,0,0,1,0,0,0,0,0
2021-11-02,PROD_013,Decathlon Bandas Elásticas Set,Fitness,Bandas Elásticas,25,False,3,24.65,73.95,24.849999999999998,1.006036217303823,0,0,0,0,0,1,0,0,0,0,0,0,0,0,0,0,0,0,0,0,0,0,0,0,1,0,0,0,0,1,0,0,0,0,0,0,0,0,0,0,0,0,0,0
2021-11-02,PROD_014,Sveltus Kettlebell 12kg,Fitness,Pesa Rusa,40,False,3,39.72,119.16,38.71,1.0333247222939808,0,0,0,0,0,0,0,0,0,0,0,0,0,0,0,0,0,0,0,0,0,1,0,0,1,0,0,0,0,0,0,0,0,0,0,0,0,1,0,0,0,0,0,0
2021-11-02,PROD_015,Salomon Speedcross 5 GTX,Outdoor,Zapatillas Trail,150,True,3,147.35,442.05,136.63,1.0978555222132769,0,0,0,0,0,0,0,0,0,0,0,0,0,0,0,0,0,0,0,0,1,0,0,0,0,1,0,0,0,0,0,0,0,0,0,0,0,0,0,0,0,0,0,1
2021-11-02,PROD_016,Trek Marlin 7,Outdoor,Bicicleta Montaña,830,True,2,843.68,1687.36,742.35,1.1180709907725466,0,0,0,0,0,0,0,0,0,0,0,0,0,0,0,0,0,0,0,0,0,0,0,1,0,1,0,0,0,0,1,0,0,0,0,0,0,0,0,0,0,0,0,0
2021-11-02,PROD_017,The North Face Borealis,Outdoor,Mochila Trekking,95,False,2,95.82,191.64,89.31333333333333,1.0636709711129357,0,0,0,0,0,0,0,0,0,0,0,0,0,0,0,0,0,0,0,0,0,0,1,0,0,1,0,0,0,0,0,0,0,0,0,0,1,0,0,0,0,0,0,0
2021-11-02,PROD_018,Columbia Silver Ridge,Outdoor,Ropa Montaña,70,False,2,71.97,143.94,67.0,1.044776119402985,0,0,0,0,1,0,0,0,0,0,0,0,0,0,0,0,0,0,0,0,0,0,0,0,0,1,0,0,0,0,0,0,0,0,0,0,0,0,0,0,1,0,0,0
2021-11-02,PROD_019,Merrell Moab 2 GTX,Outdoor,Zapatillas Trail,110,False,2,111.97,223.94,105.83,1.0394028158367192,0,0,0,0,0,0,0,0,0,0,0,0,1,0,0,0,0,0,0,0,0,0,0,0,0,1,0,0,0,0,0,0,0,0,0,0,0,0,0,0,0,0,0,1
2021-11-02,PROD_020,Quechua MH500,Outdoor,Ropa Montaña,80,False,2,81.19,162.38,76.69333333333334,1.043115438108484,0,0,0,0,0,0,0,0,0,0,0,0,0,0,0,0,0,1,0,0,0,0,0,0,0,1,0,0,0,0,0,0,0,0,0,0,0,0,0,0,1,0,0,0
2021-11-02,PROD_021,Manduka PRO Yoga Mat,Wellness,Esterilla Yoga,130,True,3,132.43,397.29,116.01666666666667,1.120528659675334,0,0,0,0,0,0,0,0,0,0,0,1,0,0,0,0,0,0,0,0,0,0,0,0,0,0,0,1,0,0,0,0,0,0,1,0,0,0,0,0,0,0,0,0
2021-11-02,PROD_022,Gaiam Premium Yoga Block,Wellness,Bloque Yoga,20,False,1,19.81,19.81,18.786666666666665,1.0645848119233499,0,0,0,0,0,0,0,0,1,0,0,0,0,0,0,0,0,0,0,0,0,0,0,0,0,0,0,1,0,0,0,1,0,0,0,0,0,0,0,0,0,0,0,0
2021-11-02,PROD_023,Liforme Yoga Pad,Wellness,Rodillera Yoga,35,False,1,35.9,35.9,34.449999999999996,1.0159651669085632,0,0,0,0,0,0,0,0,0,1,0,0,0,0,0,0,0,0,0,0,0,0,0,0,0,0,0,1,0,0,0,0,0,0,0,0,0,0,0,1,0,0,0,0
2021-11-02,PROD_024,Lotuscrafts Yoga Bolster,Wellness,Cojín Yoga,50,False,1,49.8,49.8,46.21,1.0820168794633196,0,0,0,0,0,0,0,0,0,0,1,0,0,0,0,0,0,0,0,0,0,0,0,0,0,0,0,1,0,0,0,0,1,0,0,0,0,0,0,0,0,0,0,0
2021-11-03,PROD_001,Nike Air Zoom Pegasus 40,Running,Zapatillas Running,115,True,11,114.58,1260.38,95.24000000000001,1.2074758504829903,0,0,0,0,0,0,0,0,0,0,0,0,0,0,1,0,0,0,0,0,0,0,0,0,0,0,1,0,0,0,0,0,0,0,0,0,0,0,0,0,0,0,1,0
2021-11-03,PROD_002,Adidas Ultraboost 23,Running,Zapatillas Running,135,True,9,132.9,1196.1,114.87666666666667,1.1751733743434989,0,1,0,0,0,0,0,0,0,0,0,0,0,0,0,0,0,0,0,0,0,0,0,0,0,0,1,0,0,0,0,0,0,0,0,0,0,0,0,0,0,0,1,0
2021-11-03,PROD_003,Asics Gel Nimbus 25,Running,Zapatillas Running,85,False,3,83.07,249.21,84.17666666666666,1.009781016116897,0,0,1,0,0,0,0,0,0,0,0,0,0,0,0,0,0,0,0,0,0,0,0,0,0,0,1,0,0,0,0,0,0,0,0,0,0,0,0,0,0,0,1,0
2021-11-03,PROD_004,New Balance Fresh Foam X 1080v12,Running,Zapatillas Running,75,False,2,75.66,151.32,73.25666666666666,1.0237976065887064,0,0,0,0,0,0,0,0,0,0,0,0,0,1,0,0,0,0,0,0,0,0,0,0,0,0,1,0,0,0,0,0,0,0,0,0,0,0,0,0,0,0,1,0
2021-11-03,PROD_005,Nike Dri-FIT Miler,Running,Ropa Running,35,False,2,34.55,69.1,34.76333333333333,1.0068079393997509,0,0,0,0,0,0,0,0,0,0,0,0,0,0,0,1,0,0,0,0,0,0,0,0,0,0,1,0,0,0,0,0,0,0,0,0,0,0,0,0,0,1,0,0
2021-11-03,PROD_006,Adidas Own The Run Jacket,Running,Ropa Running,65,False,2,66.35,132.7,61.50333333333334,1.0568532870847107,1,0,0,0,0,0,0,0,0,0,0,0,0,0,0,0,0,0,0,0,0,0,0,0,0,0,1,0,0,0,0,0,0,0,0,0,0,0,0,0,0,1,0,0
2021-11-03,PROD_007,Puma Velocity Nitro 2,Running,Zapatillas Running,70,False,2,71.76,143.52,67.00666666666666,1.0446721719231917,0,0,0,0,0,0,0,0,0,0,0,0,0,0,0,0,1,0,0,0,0,0,0,0,0,0,1,0,0,0,0,0,0,0,0,0,0,0,0,0,0,0,1,0
2021-11-03,PROD_008,Reebok Floatride Energy 5,Running,Zapatillas Running,65,False,2,64.85,129.7,63.086666666666666,1.0303286484201628,0,0,0,0,0,0,0,0,0,0,0,0,0,0,0,0,0,0,1,0,0,0,0,0,0,0,1,0,0,0,0,0,0,0,0,0,0,0,0,0,0,0,1,0
2021-11-03,PROD_009,Bowflex SelectTech 552,Fitness,Mancuernas Ajustables,400,True,2,408.21,816.42,348.90000000000003,1.1464603038119805,0,0,0,1,0,0,0,0,0,0,0,0,0,0,0,0,0,0,0,0,0,0,0,0,1,0,0,0,0,0,0,0,0,0,0,1,0,0,0,0,0,0,0,0
2021-11-03,PROD_010,Domyos BM900,Fitness,Banco Gimnasio,175,True,2,176.64,353.28,161.81666666666666,1.0814708002883922,0,0,0,0,0,0,1,0,0,0,0,0,0,0,0,0,0,0,0,0,0,0,0,0,1,0,0,0,1,0,0,0,0,0,0,0,0,0,0,0,0,0,0,0
2021-11-03,PROD_011,Reebok Professional Deck,Fitness,Esterilla Fitness,45,False,3,44.13,132.39,44.27,1.016489722159476,0,0,0,0,0,0,0,0,0,0,0,0,0,0,0,0,0,0,0,1,0,0,0,0,1,0,0,0,0,0,0,0,0,1,0,0,0,0,0,0,0,0,0,0
2021-11-03,PROD_012,Domyos Kit Mancuernas 20kg,Fitness,Pesas Casa,55,False,3,56.44,169.32,54.13333333333333,1.0160098522167489,0,0,0,0,0,0,0,1,0,0,0,0,0,0,0,0,0,0,0,0,0,0,0,0,1,0,0,0,0,0,0,0,0,0,0,0,0,0,1,0,0,0,0,0
2021-11-03,PROD_013,Decathlon Bandas Elásticas Set,Fitness,Bandas Elásticas,25,False,3,24.31,72.93,24.14,1.035625517812759,0,0,0,0,0,1,0,0,0,0,0,0,0,0,0,0,0,0,0,0,0,0,0,0,1,0,0,0,0,1,0,0,0,0,0,0,0,0,0,0,0,0,0,0
2021-11-03,PROD_014,Sveltus Kettlebell 12kg,Fitness,Pesa Rusa,40,False,3,40.54,121.62,39.17666666666667,1.021015910831277,0,0,0,0,0,0,0,0,0,0,0,0,0,0,0,0,0,0,0,0,0,1,0,0,1,0,0,0,0,0,0,0,0,0,0,0,0,1,0,0,0,0,0,0
2021-11-03,PROD_015,Salomon Speedcross 5 GTX,Outdoor,Zapatillas Trail,150,True,3,152.86,458.58,137.25333333333333,1.0928696327958034,0,0,0,0,0,0,0,0,0,0,0,0,0,0,0,0,0,0,0,0,1,0,0,0,0,1,0,0,0,0,0,0,0,0,0,0,0,0,0,0,0,0,0,1
2021-11-03,PROD_016,Trek Marlin 7,Outdoor,Bicicleta Montaña,830,True,2,846.97,1693.94,745.7766666666666,1.1129337201038738,0,0,0,0,0,0,0,0,0,0,0,0,0,0,0,0,0,0,0,0,0,0,0,1,0,1,0,0,0,0,1,0,0,0,0,0,0,0,0,0,0,0,0,0
2021-11-03,PROD_017,The North Face Borealis,Outdoor,Mochila Trekking,95,False,3,96.33,288.99,96.50333333333333,0.9844219543366378,0,0,0,0,0,0,0,0,0,0,0,0,0,0,0,0,0,0,0,0,0,0,1,0,0,1,0,0,0,0,0,0,0,0,0,0,1,0,0,0,0,0,0,0
2021-11-03,PROD_018,Columbia Silver Ridge,Outdoor,Ropa Montaña,70,False,2,70.04,140.08,70.07333333333334,0.9989534773094852,0,0,0,0,1,0,0,0,0,0,0,0,0,0,0,0,0,0,0,0,0,0,0,0,0,1,0,0,0,0,0,0,0,0,0,0,0,0,0,0,1,0,0,0
2021-11-03,PROD_019,Merrell Moab 2 GTX,Outdoor,Zapatillas Trail,110,False,2,108.66,217.32,104.39,1.053740779768177,0,0,0,0,0,0,0,0,0,0,0,0,1,0,0,0,0,0,0,0,0,0,0,0,0,1,0,0,0,0,0,0,0,0,0,0,0,0,0,0,0,0,0,1
2021-11-03,PROD_020,Quechua MH500,Outdoor,Ropa Montaña,80,False,2,81.79,163.58,79.95666666666666,1.000541960228457,0,0,0,0,0,0,0,0,0,0,0,0,0,0,0,0,0,1,0,0,0,0,0,0,0,1,0,0,0,0,0,0,0,0,0,0,0,0,0,0,1,0,0,0
2021-11-03,PROD_021,Manduka PRO Yoga Mat,Wellness,Esterilla Yoga,130,True,4,131.06,524.24,117.58666666666666,1.1055675246626602,0,0,0,0,0,0,0,0,0,0,0,1,0,0,0,0,0,0,0,0,0,0,0,0,0,0,0,1,0,0,0,0,0,0,1,0,0,0,0,0,0,0,0,0
2021-11-03,PROD_022,Gaiam Premium Yoga Block,Wellness,Bloque Yoga,20,False,1,19.95,19.95,18.99,1.0531858873091102,0,0,0,0,0,0,0,0,1,0,0,0,0,0,0,0,0,0,0,0,0,0,0,0,0,0,0,1,0,0,0,1,0,0,0,0,0,0,0,0,0,0,0,0
2021-11-03,PROD_023,Liforme Yoga Pad,Wellness,Rodillera Yoga,35,False,1,33.97,33.97,33.64666666666667,1.0402219140083218,0,0,0,0,0,0,0,0,0,1,0,0,0,0,0,0,0,0,0,0,0,0,0,0,0,0,0,1,0,0,0,0,0,0,0,0,0,0,0,1,0,0,0,0
2021-11-03,PROD_024,Lotuscrafts Yoga Bolster,Wellness,Cojín Yoga,50,False,1,51.48,51.48,49.60999999999999,1.0078613182826044,0,0,0,0,0,0,0,0,0,0,1,0,0,0,0,0,0,0,0,0,0,0,0,0,0,0,0,1,0,0,0,0,1,0,0,0,0,0,0,0,0,0,0,0
2021-11-04,PROD_001,Nike Air Zoom Pegasus 40,Running,Zapatillas Running,115,True,12,112.23,1346.76,96.58999999999999,1.1905994409359149,0,0,0,0,0,0,0,0,0,0,0,0,0,0,1,0,0,0,0,0,0,0,0,0,0,0,1,0,0,0,0,0,0,0,0,0,0,0,0,0,0,0,1,0
2021-11-04,PROD_002,Adidas Ultraboost 23,Running,Zapatillas Running,135,True,9,132.6,1193.4,113.50666666666666,1.1893574533067075,0,1,0,0,0,0,0,0,0,0,0,0,0,0,0,0,0,0,0,0,0,0,0,0,0,0,1,0,0,0,0,0,0,0,0,0,0,0,0,0,0,0,1,0
2021-11-04,PROD_003,Asics Gel Nimbus 25,Running,Zapatillas Running,85,False,3,85.28,255.84,79.73,1.0660980810234542,0,0,1,0,0,0,0,0,0,0,0,0,0,0,0,0,0,0,0,0,0,0,0,0,0,0,1,0,0,0,0,0,0,0,0,0,0,0,0,0,0,0,1,0
2021-11-04,PROD_004,New Balance Fresh Foam X 1080v12,Running,Zapatillas Running,75,False,3,73.6,220.8,71.09333333333332,1.0549512378094525,0,0,0,0,0,0,0,0,0,0,0,0,0,1,0,0,0,0,0,0,0,0,0,0,0,0,1,0,0,0,0,0,0,0,0,0,0,0,0,0,0,0,1,0
2021-11-04,PROD_005,Nike Dri-FIT Miler,Running,Ropa Running,35,False,2,34.7,69.4,34.75666666666667,1.007001054953486,0,0,0,0,0,0,0,0,0,0,0,0,0,0,0,1,0,0,0,0,0,0,0,0,0,0,1,0,0,0,0,0,0,0,0,0,0,0,0,0,0,1,0,0
2021-11-04,PROD_006,Adidas Own The Run Jacket,Running,Ropa Running,65,False,3,63.07,189.21,60.77,1.0696067138390652,1,0,0,0,0,0,0,0,0,0,0,0,0,0,0,0,0,0,0,0,0,0,0,0,0,0,1,0,0,0,0,0,0,0,0,0,0,0,0,0,0,1,0,0
2021-11-04,PROD_007,Puma Velocity Nitro 2,Running,Zapatillas Running,70,False,2,71.1,142.2,68.02999999999999,1.0289578127296783,0,0,0,0,0,0,0,0,0,0,0,0,0,0,0,0,1,0,0,0,0,0,0,0,0,0,1,0,0,0,0,0,0,0,0,0,0,0,0,0,0,0,1,0
2021-11-04,PROD_008,Reebok Floatride Energy 5,Running,Zapatillas Running,65,False,2,63.63,127.26,62.46333333333333,1.0406104914883398,0,0,0,0,0,0,0,0,0,0,0,0,0,0,0,0,0,0,1,0,0,0,0,0,0,0,1,0,0,0,0,0,0,0,0,0,0,0,0,0,0,0,1,0
2021-11-04,PROD_009,Bowflex SelectTech 552,Fitness,Mancuernas Ajustables,400,True,2,395.33,790.66,349.33666666666664,1.1450272421064684,0,0,0,1,0,0,0,0,0,0,0,0,0,0,0,0,0,0,0,0,0,0,0,0,1,0,0,0,0,0,0,0,0,0,0,1,0,0,0,0,0,0,0,0
2021-11-04,PROD_010,Domyos BM900,Fitness,Banco Gimnasio,175,True,1,177.33,177.33,161.27666666666664,1.0850918711117543,0,0,0,0,0,0,1,0,0,0,0,0,0,0,0,0,0,0,0,0,0,0,0,0,1,0,0,0,1,0,0,0,0,0,0,0,0,0,0,0,0,0,0,0
2021-11-04,PROD_011,Reebok Professional Deck,Fitness,Esterilla Fitness,45,False,2,46.04,92.08,43.38666666666666,1.0371850030731409,0,0,0,0,0,0,0,0,0,0,0,0,0,0,0,0,0,0,0,1,0,0,0,0,1,0,0,0,0,0,0,0,0,1,0,0,0,0,0,0,0,0,0,0
2021-11-04,PROD_012,Domyos Kit Mancuernas 20kg,Fitness,Pesas Casa,55,False,4,54.71,218.84,51.97666666666667,1.0581671262746104,0,0,0,0,0,0,0,1,0,0,0,0,0,0,0,0,0,0,0,0,0,0,0,0,1,0,0,0,0,0,0,0,0,0,0,0,0,0,1,0,0,0,0,0
2021-11-04,PROD_013,Decathlon Bandas Elásticas Set,Fitness,Bandas Elásticas,25,False,3,25.29,75.87,25.006666666666664,0.9997334044254866,0,0,0,0,0,1,0,0,0,0,0,0,0,0,0,0,0,0,0,0,0,0,0,0,1,0,0,0,0,1,0,0,0,0,0,0,0,0,0,0,0,0,0,0
2021-11-04,PROD_014,Sveltus Kettlebell 12kg,Fitness,Pesa Rusa,40,False,3,39.02,117.06,39.76333333333334,1.0059518819683122,0,0,0,0,0,0,0,0,0,0,0,0,0,0,0,0,0,0,0,0,0,1,0,0,1,0,0,0,0,0,0,0,0,0,0,0,0,1,0,0,0,0,0,0
2021-11-04,PROD_015,Salomon Speedcross 5 GTX,Outdoor,Zapatillas Trail,150,True,4,150.79,603.16,136.17,1.1015642211940957,0,0,0,0,0,0,0,0,0,0,0,0,0,0,0,0,0,0,0,0,1,0,0,0,0,1,0,0,0,0,0,0,0,0,0,0,0,0,0,0,0,0,0,1
2021-11-04,PROD_016,Trek Marlin 7,Outdoor,Bicicleta Montaña,830,True,3,808.33,2424.99,748.82,1.1084105659571057,0,0,0,0,0,0,0,0,0,0,0,0,0,0,0,0,0,0,0,0,0,0,0,1,0,1,0,0,0,0,1,0,0,0,0,0,0,0,0,0,0,0,0,0
2021-11-04,PROD_017,The North Face Borealis,Outdoor,Mochila Trekking,95,False,2,95.46,190.92,91.61666666666667,1.0369292341277059,0,0,0,0,0,0,0,0,0,0,0,0,0,0,0,0,0,0,0,0,0,0,1,0,0,1,0,0,0,0,0,0,0,0,0,0,1,0,0,0,0,0,0,0
2021-11-04,PROD_018,Columbia Silver Ridge,Outdoor,Ropa Montaña,70,False,2,70.43,140.86,68.99333333333334,1.0145907817180404,0,0,0,0,1,0,0,0,0,0,0,0,0,0,0,0,0,0,0,0,0,0,0,0,0,1,0,0,0,0,0,0,0,0,0,0,0,0,0,0,1,0,0,0
2021-11-04,PROD_019,Merrell Moab 2 GTX,Outdoor,Zapatillas Trail,110,False,2,111.16,222.32,107.81666666666668,1.0202504251043436,0,0,0,0,0,0,0,0,0,0,0,0,1,0,0,0,0,0,0,0,0,0,0,0,0,1,0,0,0,0,0,0,0,0,0,0,0,0,0,0,0,0,0,1
2021-11-04,PROD_020,Quechua MH500,Outdoor,Ropa Montaña,80,False,2,81.56,163.12,73.39333333333333,1.0900172586065946,0,0,0,0,0,0,0,0,0,0,0,0,0,0,0,0,0,1,0,0,0,0,0,0,0,1,0,0,0,0,0,0,0,0,0,0,0,0,0,0,1,0,0,0
2021-11-04,PROD_021,Manduka PRO Yoga Mat,Wellness,Esterilla Yoga,130,True,5,129.99,649.95,117.65333333333332,1.1049410698096103,0,0,0,0,0,0,0,0,0,0,0,1,0,0,0,0,0,0,0,0,0,0,0,0,0,0,0,1,0,0,0,0,0,0,1,0,0,0,0,0,0,0,0,0
2021-11-04,PROD_022,Gaiam Premium Yoga Block,Wellness,Bloque Yoga,20,False,1,20.25,20.25,19.683333333333334,1.0160880609652836,0,0,0,0,0,0,0,0,1,0,0,0,0,0,0,0,0,0,0,0,0,0,0,0,0,0,0,1,0,0,0,1,0,0,0,0,0,0,0,0,0,0,0,0
2021-11-04,PROD_023,Liforme Yoga Pad,Wellness,Rodillera Yoga,35,False,1,35.61,35.61,34.019999999999996,1.0288065843621401,0,0,0,0,0,0,0,0,0,1,0,0,0,0,0,0,0,0,0,0,0,0,0,0,0,0,0,1,0,0,0,0,0,0,0,0,0,0,0,1,0,0,0,0
2021-11-04,PROD_024,Lotuscrafts Yoga Bolster,Wellness,Cojín Yoga,50,False,1,48.94,48.94,46.71333333333334,1.070358213215356,0,0,0,0,0,0,0,0,0,0,1,0,0,0,0,0,0,0,0,0,0,0,0,0,0,0,0,1,0,0,0,0,1,0,0,0,0,0,0,0,0,0,0,0
2021-11-05,PROD_001,Nike Air Zoom Pegasus 40,Running,Zapatillas Running,115,True,10,113.81,1138.1,96.17,1.195799105750234,0,0,0,0,0,0,0,0,0,0,0,0,0,0,1,0,0,0,0,0,0,0,0,0,0,0,1,0,0,0,0,0,0,0,0,0,0,0,0,0,0,0,1,0
2021-11-05,PROD_002,Adidas Ultraboost 23,Running,Zapatillas Running,135,True,12,132.74,1592.88,113.90666666666668,1.1851808498185648,0,1,0,0,0,0,0,0,0,0,0,0,0,0,0,0,0,0,0,0,0,0,0,0,0,0,1,0,0,0,0,0,0,0,0,0,0,0,0,0,0,0,1,0
2021-11-05,PROD_003,Asics Gel Nimbus 25,Running,Zapatillas Running,85,False,3,85.5,256.5,83.15666666666667,1.022166994027338,0,0,1,0,0,0,0,0,0,0,0,0,0,0,0,0,0,0,0,0,0,0,0,0,0,0,1,0,0,0,0,0,0,0,0,0,0,0,0,0,0,0,1,0
2021-11-05,PROD_004,New Balance Fresh Foam X 1080v12,Running,Zapatillas Running,75,False,3,74.65,223.95,72.92666666666666,1.0284303866898254,0,0,0,0,0,0,0,0,0,0,0,0,0,1,0,0,0,0,0,0,0,0,0,0,0,0,1,0,0,0,0,0,0,0,0,0,0,0,0,0,0,0,1,0
2021-11-05,PROD_005,Nike Dri-FIT Miler,Running,Ropa Running,35,False,2,35.29,70.58,33.40333333333333,1.0477996207963278,0,0,0,0,0,0,0,0,0,0,0,0,0,0,0,1,0,0,0,0,0,0,0,0,0,0,1,0,0,0,0,0,0,0,0,0,0,0,0,0,0,1,0,0
2021-11-05,PROD_006,Adidas Own The Run Jacket,Running,Ropa Running,65,False,2,64.65,129.3,64.74000000000001,1.004016064257028,1,0,0,0,0,0,0,0,0,0,0,0,0,0,0,0,0,0,0,0,0,0,0,0,0,0,1,0,0,0,0,0,0,0,0,0,0,0,0,0,0,1,0,0
2021-11-05,PROD_007,Puma Velocity Nitro 2,Running,Zapatillas Running,70,False,3,71.43,214.29,67.33,1.0396554284865587,0,0,0,0,0,0,0,0,0,0,0,0,0,0,0,0,1,0,0,0,0,0,0,0,0,0,1,0,0,0,0,0,0,0,0,0,0,0,0,0,0,0,1,0
2021-11-05,PROD_008,Reebok Floatride Energy 5,Running,Zapatillas Running,65,False,2,65.34,130.68,63.52,1.0232997481108312,0,0,0,0,0,0,0,0,0,0,0,0,0,0,0,0,0,0,1,0,0,0,0,0,0,0,1,0,0,0,0,0,0,0,0,0,0,0,0,0,0,0,1,0
2021-11-05,PROD_009,Bowflex SelectTech 552,Fitness,Mancuernas Ajustables,400,True,2,392.43,784.86,352.5333333333333,1.1346444780635403,0,0,0,1,0,0,0,0,0,0,0,0,0,0,0,0,0,0,0,0,0,0,0,0,1,0,0,0,0,0,0,0,0,0,0,1,0,0,0,0,0,0,0,0
2021-11-05,PROD_010,Domyos BM900,Fitness,Banco Gimnasio,175,True,2,170.03,340.06,161.95333333333332,1.0805581854855308,0,0,0,0,0,0,1,0,0,0,0,0,0,0,0,0,0,0,0,0,0,0,0,0,1,0,0,0,1,0,0,0,0,0,0,0,0,0,0,0,0,0,0,0
2021-11-05,PROD_011,Reebok Professional Deck,Fitness,Esterilla Fitness,45,False,3,43.72,131.16,44.03,1.0220304337951396,0,0,0,0,0,0,0,0,0,0,0,0,0,0,0,0,0,0,0,1,0,0,0,0,1,0,0,0,0,0,0,0,0,1,0,0,0,0,0,0,0,0,0,0
2021-11-05,PROD_012,Domyos Kit Mancuernas 20kg,Fitness,Pesas Casa,55,False,4,55.06,220.24,53.846666666666664,1.0214188436300606,0,0,0,0,0,0,0,1,0,0,0,0,0,0,0,0,0,0,0,0,0,0,0,0,1,0,0,0,0,0,0,0,0,0,0,0,0,0,1,0,0,0,0,0
2021-11-05,PROD_013,Decathlon Bandas Elásticas Set,Fitness,Bandas Elásticas,25,False,4,24.7,98.8,24.593333333333334,1.0165356465166713,0,0,0,0,0,1,0,0,0,0,0,0,0,0,0,0,0,0,0,0,0,0,0,0,1,0,0,0,0,1,0,0,0,0,0,0,0,0,0,0,0,0,0,0
2021-11-05,PROD_014,Sveltus Kettlebell 12kg,Fitness,Pesa Rusa,40,False,3,40.82,122.46,38.51666666666667,1.0385114668974469,0,0,0,0,0,0,0,0,0,0,0,0,0,0,0,0,0,0,0,0,0,1,0,0,1,0,0,0,0,0,0,0,0,0,0,0,0,1,0,0,0,0,0,0
2021-11-05,PROD_015,Salomon Speedcross 5 GTX,Outdoor,Zapatillas Trail,150,True,4,147.17,588.68,136.85666666666665,1.0960372165525978,0,0,0,0,0,0,0,0,0,0,0,0,0,0,0,0,0,0,0,0,1,0,0,0,0,1,0,0,0,0,0,0,0,0,0,0,0,0,0,0,0,0,0,1
2021-11-05,PROD_016,Trek Marlin 7,Outdoor,Bicicleta Montaña,830,True,4,829.15,3316.6,748.7199999999999,1.108558606688749,0,0,0,0,0,0,0,0,0,0,0,0,0,0,0,0,0,0,0,0,0,0,0,1,0,1,0,0,0,0,1,0,0,0,0,0,0,0,0,0,0,0,0,0
2021-11-05,PROD_017,The North Face Borealis,Outdoor,Mochila Trekking,95,False,2,92.91,185.82,92.47666666666667,1.0272861622751683,0,0,0,0,0,0,0,0,0,0,0,0,0,0,0,0,0,0,0,0,0,0,1,0,0,1,0,0,0,0,0,0,0,0,0,0,1,0,0,0,0,0,0,0
2021-11-05,PROD_018,Columbia Silver Ridge,Outdoor,Ropa Montaña,70,False,2,69.99,139.98,67.04333333333334,1.0441008303087556,0,0,0,0,1,0,0,0,0,0,0,0,0,0,0,0,0,0,0,0,0,0,0,0,0,1,0,0,0,0,0,0,0,0,0,0,0,0,0,0,1,0,0,0
2021-11-05,PROD_019,Merrell Moab 2 GTX,Outdoor,Zapatillas Trail,110,False,2,109.58,219.16,105.81666666666666,1.0395337848480075,0,0,0,0,0,0,0,0,0,0,0,0,1,0,0,0,0,0,0,0,0,0,0,0,0,1,0,0,0,0,0,0,0,0,0,0,0,0,0,0,0,0,0,1
2021-11-05,PROD_020,Quechua MH500,Outdoor,Ropa Montaña,80,False,2,78.36,156.72,76.22000000000001,1.0495932826029912,0,0,0,0,0,0,0,0,0,0,0,0,0,0,0,0,0,1,0,0,0,0,0,0,0,1,0,0,0,0,0,0,0,0,0,0,0,0,0,0,1,0,0,0
2021-11-05,PROD_021,Manduka PRO Yoga Mat,Wellness,Esterilla Yoga,130,True,4,130.86,523.44,116.69333333333334,1.1140310786106031,0,0,0,0,0,0,0,0,0,0,0,1,0,0,0,0,0,0,0,0,0,0,0,0,0,0,0,1,0,0,0,0,0,0,1,0,0,0,0,0,0,0,0,0
2021-11-05,PROD_022,Gaiam Premium Yoga Block,Wellness,Bloque Yoga,20,False,1,20.19,20.19,19.153333333333332,1.0442046641141665,0,0,0,0,0,0,0,0,1,0,0,0,0,0,0,0,0,0,0,0,0,0,0,0,0,0,0,1,0,0,0,1,0,0,0,0,0,0,0,0,0,0,0,0
2021-11-05,PROD_023,Liforme Yoga Pad,Wellness,Rodillera Yoga,35,False,1,35.96,35.96,33.699999999999996,1.0385756676557865,0,0,0,0,0,0,0,0,0,1,0,0,0,0,0,0,0,0,0,0,0,0,0,0,0,0,0,1,0,0,0,0,0,0,0,0,0,0,0,1,0,0,0,0
2021-11-05,PROD_024,Lotuscrafts Yoga Bolster,Wellness,Cojín Yoga,50,False,1,49.24,49.24,48.42333333333334,1.0325600605768568,0,0,0,0,0,0,0,0,0,0,1,0,0,0,0,0,0,0,0,0,0,0,0,0,0,0,0,1,0,0,0,0,1,0,0,0,0,0,0,0,0,0,0,0
2021-11-06,PROD_001,Nike Air Zoom Pegasus 40,Running,Zapatillas Running,115,True,10,117.8,1178.0,95.43666666666667,1.2049876008522231,0,0,0,0,0,0,0,0,0,0,0,0,0,0,1,0,0,0,0,0,0,0,0,0,0,0,1,0,0,0,0,0,0,0,0,0,0,0,0,0,0,0,1,0
2021-11-06,PROD_002,Adidas Ultraboost 23,Running,Zapatillas Running,135,True,11,137.1,1508.1,113.03666666666668,1.1943027336262568,0,1,0,0,0,0,0,0,0,0,0,0,0,0,0,0,0,0,0,0,0,0,0,0,0,0,1,0,0,0,0,0,0,0,0,0,0,0,0,0,0,0,1,0
2021-11-06,PROD_003,Asics Gel Nimbus 25,Running,Zapatillas Running,85,False,3,84.74,254.22,83.61666666666666,1.0165437512457645,0,0,1,0,0,0,0,0,0,0,0,0,0,0,0,0,0,0,0,0,0,0,0,0,0,0,1,0,0,0,0,0,0,0,0,0,0,0,0,0,0,0,1,0
2021-11-06,PROD_004,New Balance Fresh Foam X 1080v12,Running,Zapatillas Running,75,False,3,73.03,219.09,72.75999999999999,1.0307861462341947,0,0,0,0,0,0,0,0,0,0,0,0,0,1,0,0,0,0,0,0,0,0,0,0,0,0,1,0,0,0,0,0,0,0,0,0,0,0,0,0,0,0,1,0
2021-11-06,PROD_005,Nike Dri-FIT Miler,Running,Ropa Running,35,False,3,35.85,107.55,33.79333333333333,1.0357072400868022,0,0,0,0,0,0,0,0,0,0,0,0,0,0,0,1,0,0,0,0,0,0,0,0,0,0,1,0,0,0,0,0,0,0,0,0,0,0,0,0,0,1,0,0
2021-11-06,PROD_006,Adidas Own The Run Jacket,Running,Ropa Running,65,False,2,64.65,129.3,65.23333333333333,0.9964230965763924,1,0,0,0,0,0,0,0,0,0,0,0,0,0,0,0,0,0,0,0,0,0,0,0,0,0,1,0,0,0,0,0,0,0,0,0,0,0,0,0,0,1,0,0
2021-11-06,PROD_007,Puma Velocity Nitro 2,Running,Zapatillas Running,70,False,3,69.36,208.08,67.48666666666666,1.037241924330732,0,0,0,0,0,0,0,0,0,0,0,0,0,0,0,0,1,0,0,0,0,0,0,0,0,0,1,0,0,0,0,0,0,0,0,0,0,0,0,0,0,0,1,0
2021-11-06,PROD_008,Reebok Floatride Energy 5,Running,Zapatillas Running,65,False,3,65.23,195.69,62.49,1.0401664266282604,0,0,0,0,0,0,0,0,0,0,0,0,0,0,0,0,0,0,1,0,0,0,0,0,0,0,1,0,0,0,0,0,0,0,0,0,0,0,0,0,0,0,1,0
2021-11-06,PROD_009,Bowflex SelectTech 552,Fitness,Mancuernas Ajustables,400,True,2,410.48,820.96,349.59,1.144197488486513,0,0,0,1,0,0,0,0,0,0,0,0,0,0,0,0,0,0,0,0,0,0,0,0,1,0,0,0,0,0,0,0,0,0,0,1,0,0,0,0,0,0,0,0
2021-11-06,PROD_010,Domyos BM900,Fitness,Banco Gimnasio,175,True,2,172.48,344.96,159.73,1.0955988230138358,0,0,0,0,0,0,1,0,0,0,0,0,0,0,0,0,0,0,0,0,0,0,0,0,1,0,0,0,1,0,0,0,0,0,0,0,0,0,0,0,0,0,0,0
2021-11-06,PROD_011,Reebok Professional Deck,Fitness,Esterilla Fitness,45,False,3,45.62,136.86,42.85999999999999,1.0499300046663558,0,0,0,0,0,0,0,0,0,0,0,0,0,0,0,0,0,0,0,1,0,0,0,0,1,0,0,0,0,0,0,0,0,1,0,0,0,0,0,0,0,0,0,0
2021-11-06,PROD_012,Domyos Kit Mancuernas 20kg,Fitness,Pesas Casa,55,False,4,55.22,220.88,52.20333333333334,1.0535725688014812,0,0,0,0,0,0,0,1,0,0,0,0,0,0,0,0,0,0,0,0,0,0,0,0,1,0,0,0,0,0,0,0,0,0,0,0,0,0,1,0,0,0,0,0
2021-11-06,PROD_013,Decathlon Bandas Elásticas Set,Fitness,Bandas Elásticas,25,False,4,24.95,99.8,24.876666666666665,1.0049577917727457,0,0,0,0,0,1,0,0,0,0,0,0,0,0,0,0,0,0,0,0,0,0,0,0,1,0,0,0,0,1,0,0,0,0,0,0,0,0,0,0,0,0,0,0
2021-11-06,PROD_014,Sveltus Kettlebell 12kg,Fitness,Pesa Rusa,40,False,4,39.64,158.56,40.54333333333333,0.9865987009783771,0,0,0,0,0,0,0,0,0,0,0,0,0,0,0,0,0,0,0,0,0,1,0,0,1,0,0,0,0,0,0,0,0,0,0,0,0,1,0,0,0,0,0,0
2021-11-06,PROD_015,Salomon Speedcross 5 GTX,Outdoor,Zapatillas Trail,150,True,4,146.53,586.12,137.03333333333333,1.0946241790318658,0,0,0,0,0,0,0,0,0,0,0,0,0,0,0,0,0,0,0,0,1,0,0,0,0,1,0,0,0,0,0,0,0,0,0,0,0,0,0,0,0,0,0,1
2021-11-06,PROD_016,Trek Marlin 7,Outdoor,Bicicleta Montaña,830,True,3,817.6,2452.8,745.4566666666666,1.1134114659023329,0,0,0,0,0,0,0,0,0,0,0,0,0,0,0,0,0,0,0,0,0,0,0,1,0,1,0,0,0,0,1,0,0,0,0,0,0,0,0,0,0,0,0,0
2021-11-06,PROD_017,The North Face Borealis,Outdoor,Mochila Trekking,95,False,3,97.0,291.0,93.36333333333333,1.017530079617266,0,0,0,0,0,0,0,0,0,0,0,0,0,0,0,0,0,0,0,0,0,0,1,0,0,1,0,0,0,0,0,0,0,0,0,0,1,0,0,0,0,0,0,0
2021-11-06,PROD_018,Columbia Silver Ridge,Outdoor,Ropa Montaña,70,False,3,68.38,205.14,66.04666666666667,1.059856667003129,0,0,0,0,1,0,0,0,0,0,0,0,0,0,0,0,0,0,0,0,0,0,0,0,0,1,0,0,0,0,0,0,0,0,0,0,0,0,0,0,1,0,0,0
2021-11-06,PROD_019,Merrell Moab 2 GTX,Outdoor,Zapatillas Trail,110,False,2,112.38,224.76,106.80000000000001,1.0299625468164793,0,0,0,0,0,0,0,0,0,0,0,0,1,0,0,0,0,0,0,0,0,0,0,0,0,1,0,0,0,0,0,0,0,0,0,0,0,0,0,0,0,0,0,1
2021-11-06,PROD_020,Quechua MH500,Outdoor,Ropa Montaña,80,False,2,81.0,162.0,77.31666666666666,1.0347057555507653,0,0,0,0,0,0,0,0,0,0,0,0,0,0,0,0,0,1,0,0,0,0,0,0,0,1,0,0,0,0,0,0,0,0,0,0,0,0,0,0,1,0,0,0
2021-11-06,PROD_021,Manduka PRO Yoga Mat,Wellness,Esterilla Yoga,130,True,6,130.34,782.04,117.19,1.1093096680604146,0,0,0,0,0,0,0,0,0,0,0,1,0,0,0,0,0,0,0,0,0,0,0,0,0,0,0,1,0,0,0,0,0,0,1,0,0,0,0,0,0,0,0,0
2021-11-06,PROD_022,Gaiam Premium Yoga Block,Wellness,Bloque Yoga,20,False,2,19.98,39.96,19.31,1.035732780942517,0,0,0,0,0,0,0,0,1,0,0,0,0,0,0,0,0,0,0,0,0,0,0,0,0,0,0,1,0,0,0,1,0,0,0,0,0,0,0,0,0,0,0,0
2021-11-06,PROD_023,Liforme Yoga Pad,Wellness,Rodillera Yoga,35,False,2,34.3,68.6,33.306666666666665,1.0508406725380304,0,0,0,0,0,0,0,0,0,1,0,0,0,0,0,0,0,0,0,0,0,0,0,0,0,0,0,1,0,0,0,0,0,0,0,0,0,0,0,1,0,0,0,0
2021-11-06,PROD_024,Lotuscrafts Yoga Bolster,Wellness,Cojín Yoga,50,False,2,49.74,99.48,48.13333333333333,1.0387811634349031,0,0,0,0,0,0,0,0,0,0,1,0,0,0,0,0,0,0,0,0,0,0,0,0,0,0,0,1,0,0,0,0,1,0,0,0,0,0,0,0,0,0,0,0
2021-11-07,PROD_001,Nike Air Zoom Pegasus 40,Running,Zapatillas Running,115,True,10,116.04,1160.4,96.15333333333332,1.1960063787006865,0,0,0,0,0,0,0,0,0,0,0,0,0,0,1,0,0,0,0,0,0,0,0,0,0,0,1,0,0,0,0,0,0,0,0,0,0,0,0,0,0,0,1,0
2021-11-07,PROD_002,Adidas Ultraboost 23,Running,Zapatillas Running,135,True,10,135.1,1351.0,114.56333333333333,1.1783875003636999,0,1,0,0,0,0,0,0,0,0,0,0,0,0,0,0,0,0,0,0,0,0,0,0,0,0,1,0,0,0,0,0,0,0,0,0,0,0,0,0,0,0,1,0
2021-11-07,PROD_003,Asics Gel Nimbus 25,Running,Zapatillas Running,85,False,3,86.56,259.68,80.83,1.0515897562786094,0,0,1,0,0,0,0,0,0,0,0,0,0,0,0,0,0,0,0,0,0,0,0,0,0,0,1,0,0,0,0,0,0,0,0,0,0,0,0,0,0,0,1,0
2021-11-07,PROD_004,New Balance Fresh Foam X 1080v12,Running,Zapatillas Running,75,False,3,76.29,228.87,72.19666666666667,1.0388291241516228,0,0,0,0,0,0,0,0,0,0,0,0,0,1,0,0,0,0,0,0,0,0,0,0,0,0,1,0,0,0,0,0,0,0,0,0,0,0,0,0,0,0,1,0
2021-11-07,PROD_005,Nike Dri-FIT Miler,Running,Ropa Running,35,False,2,34.37,68.74,35.10333333333333,0.9970563099420758,0,0,0,0,0,0,0,0,0,0,0,0,0,0,0,1,0,0,0,0,0,0,0,0,0,0,1,0,0,0,0,0,0,0,0,0,0,0,0,0,0,1,0,0
2021-11-07,PROD_006,Adidas Own The Run Jacket,Running,Ropa Running,65,False,2,64.34,128.68,63.55666666666667,1.0227093931924267,1,0,0,0,0,0,0,0,0,0,0,0,0,0,0,0,0,0,0,0,0,0,0,0,0,0,1,0,0,0,0,0,0,0,0,0,0,0,0,0,0,1,0,0
2021-11-07,PROD_007,Puma Velocity Nitro 2,Running,Zapatillas Running,70,False,2,71.08,142.16,68.50666666666666,1.021798365122616,0,0,0,0,0,0,0,0,0,0,0,0,0,0,0,0,1,0,0,0,0,0,0,0,0,0,1,0,0,0,0,0,0,0,0,0,0,0,0,0,0,0,1,0
2021-11-07,PROD_008,Reebok Floatride Energy 5,Running,Zapatillas Running,65,False,2,66.47,132.94,63.76666666666667,1.019341348667015,0,0,0,0,0,0,0,0,0,0,0,0,0,0,0,0,0,0,1,0,0,0,0,0,0,0,1,0,0,0,0,0,0,0,0,0,0,0,0,0,0,0,1,0
2021-11-07,PROD_009,Bowflex SelectTech 552,Fitness,Mancuernas Ajustables,400,True,2,409.11,818.22,352.0266666666667,1.136277554730702,0,0,0,1,0,0,0,0,0,0,0,0,0,0,0,0,0,0,0,0,0,0,0,0,1,0,0,0,0,0,0,0,0,0,0,1,0,0,0,0,0,0,0,0
2021-11-07,PROD_010,Domyos BM900,Fitness,Banco Gimnasio,175,True,2,174.49,348.98,162.24,1.0786489151873766,0,0,0,0,0,0,1,0,0,0,0,0,0,0,0,0,0,0,0,0,0,0,0,0,1,0,0,0,1,0,0,0,0,0,0,0,0,0,0,0,0,0,0,0
2021-11-07,PROD_011,Reebok Professional Deck,Fitness,Esterilla Fitness,45,False,3,46.31,138.93,44.276666666666664,1.0163366709327712,0,0,0,0,0,0,0,0,0,0,0,0,0,0,0,0,0,0,0,1,0,0,0,0,1,0,0,0,0,0,0,0,0,1,0,0,0,0,0,0,0,0,0,0
2021-11-07,PROD_012,Domyos Kit Mancuernas 20kg,Fitness,Pesas Casa,55,False,3,56.35,169.05,53.28333333333333,1.0322177040975915,0,0,0,0,0,0,0,1,0,0,0,0,0,0,0,0,0,0,0,0,0,0,0,0,1,0,0,0,0,0,0,0,0,0,0,0,0,0,1,0,0,0,0,0
2021-11-07,PROD_013,Decathlon Bandas Elásticas Set,Fitness,Bandas Elásticas,25,False,3,25.06,75.18,24.51,1.0199918400652794,0,0,0,0,0,1,0,0,0,0,0,0,0,0,0,0,0,0,0,0,0,0,0,0,1,0,0,0,0,1,0,0,0,0,0,0,0,0,0,0,0,0,0,0
2021-11-07,PROD_014,Sveltus Kettlebell 12kg,Fitness,Pesa Rusa,40,False,3,40.38,121.14,38.67666666666667,1.034215289149358,0,0,0,0,0,0,0,0,0,0,0,0,0,0,0,0,0,0,0,0,0,1,0,0,1,0,0,0,0,0,0,0,0,0,0,0,0,1,0,0,0,0,0,0
2021-11-07,PROD_015,Salomon Speedcross 5 GTX,Outdoor,Zapatillas Trail,150,True,4,152.9,611.6,135.42,1.1076650420912717,0,0,0,0,0,0,0,0,0,0,0,0,0,0,0,0,0,0,0,0,1,0,0,0,0,1,0,0,0,0,0,0,0,0,0,0,0,0,0,0,0,0,0,1
2021-11-07,PROD_016,Trek Marlin 7,Outdoor,Bicicleta Montaña,830,True,3,853.13,2559.39,740.9533333333334,1.1201785087679834,0,0,0,0,0,0,0,0,0,0,0,0,0,0,0,0,0,0,0,0,0,0,0,1,0,1,0,0,0,0,1,0,0,0,0,0,0,0,0,0,0,0,0,0
2021-11-07,PROD_017,The North Face Borealis,Outdoor,Mochila Trekking,95,False,2,93.31,186.62,93.90000000000002,1.0117145899893503,0,0,0,0,0,0,0,0,0,0,0,0,0,0,0,0,0,0,0,0,0,0,1,0,0,1,0,0,0,0,0,0,0,0,0,0,1,0,0,0,0,0,0,0
2021-11-07,PROD_018,Columbia Silver Ridge,Outdoor,Ropa Montaña,70,False,2,71.23,142.46,69.84666666666666,1.0021952849098024,0,0,0,0,1,0,0,0,0,0,0,0,0,0,0,0,0,0,0,0,0,0,0,0,0,1,0,0,0,0,0,0,0,0,0,0,0,0,0,0,1,0,0,0
2021-11-07,PROD_019,Merrell Moab 2 GTX,Outdoor,Zapatillas Trail,110,False,2,110.51,221.02,110.64666666666666,0.9941555702837863,0,0,0,0,0,0,0,0,0,0,0,0,1,0,0,0,0,0,0,0,0,0,0,0,0,1,0,0,0,0,0,0,0,0,0,0,0,0,0,0,0,0,0,1
2021-11-07,PROD_020,Quechua MH500,Outdoor,Ropa Montaña,80,False,2,79.5,159.0,77.41666666666667,1.0333692142088267,0,0,0,0,0,0,0,0,0,0,0,0,0,0,0,0,0,1,0,0,0,0,0,0,0,1,0,0,0,0,0,0,0,0,0,0,0,0,0,0,1,0,0,0
2021-11-07,PROD_021,Manduka PRO Yoga Mat,Wellness,Esterilla Yoga,130,True,4,133.24,532.96,117.88333333333333,1.1027852396437157,0,0,0,0,0,0,0,0,0,0,0,1,0,0,0,0,0,0,0,0,0,0,0,0,0,0,0,1,0,0,0,0,0,0,1,0,0,0,0,0,0,0,0,0
2021-11-07,PROD_022,Gaiam Premium Yoga Block,Wellness,Bloque Yoga,20,False,1,20.24,20.24,18.88,1.0593220338983051,0,0,0,0,0,0,0,0,1,0,0,0,0,0,0,0,0,0,0,0,0,0,0,0,0,0,0,1,0,0,0,1,0,0,0,0,0,0,0,0,0,0,0,0
2021-11-07,PROD_023,Liforme Yoga Pad,Wellness,Rodillera Yoga,35,False,1,35.62,35.62,33.589999999999996,1.0419767788032153,0,0,0,0,0,0,0,0,0,1,0,0,0,0,0,0,0,0,0,0,0,0,0,0,0,0,0,1,0,0,0,0,0,0,0,0,0,0,0,1,0,0,0,0
2021-11-07,PROD_024,Lotuscrafts Yoga Bolster,Wellness,Cojín Yoga,50,False,1,51.22,51.22,48.38666666666668,1.033342518600165,0,0,0,0,0,0,0,0,0,0,1,0,0,0,0,0,0,0,0,0,0,0,0,0,0,0,0,1,0,0,0,0,1,0,0,0,0,0,0,0,0,0,0,0
2021-11-08,PROD_001,Nike Air Zoom Pegasus 40,Running,Zapatillas Running,115,True,9,113.46,1021.14,97.00333333333333,1.1855262705748943,0,0,0,0,0,0,0,0,0,0,0,0,0,0,1,0,0,0,0,0,0,0,0,0,0,0,1,0,0,0,0,0,0,0,0,0,0,0,0,0,0,0,1,0
2021-11-08,PROD_002,Adidas Ultraboost 23,Running,Zapatillas Running,135,True,9,138.19,1243.71,112.60000000000001,1.1989342806394314,0,1,0,0,0,0,0,0,0,0,0,0,0,0,0,0,0,0,0,0,0,0,0,0,0,0,1,0,0,0,0,0,0,0,0,0,0,0,0,0,0,0,1,0
2021-11-08,PROD_003,Asics Gel Nimbus 25,Running,Zapatillas Running,85,False,2,85.79,171.58,85.40000000000002,0.9953161592505853,0,0,1,0,0,0,0,0,0,0,0,0,0,0,0,0,0,0,0,0,0,0,0,0,0,0,1,0,0,0,0,0,0,0,0,0,0,0,0,0,0,0,1,0
2021-11-08,PROD_004,New Balance Fresh Foam X 1080v12,Running,Zapatillas Running,75,False,2,75.52,151.04,72.52666666666666,1.0341023991175662,0,0,0,0,0,0,0,0,0,0,0,0,0,1,0,0,0,0,0,0,0,0,0,0,0,0,1,0,0,0,0,0,0,0,0,0,0,0,0,0,0,0,1,0
2021-11-08,PROD_005,Nike Dri-FIT Miler,Running,Ropa Running,35,False,2,34.13,68.26,35.71333333333333,0.9800261340302409,0,0,0,0,0,0,0,0,0,0,0,0,0,0,0,1,0,0,0,0,0,0,0,0,0,0,1,0,0,0,0,0,0,0,0,0,0,0,0,0,0,1,0,0
2021-11-08,PROD_006,Adidas Own The Run Jacket,Running,Ropa Running,65,False,2,65.02,130.04,60.96333333333333,1.0662146645524633,1,0,0,0,0,0,0,0,0,0,0,0,0,0,0,0,0,0,0,0,0,0,0,0,0,0,1,0,0,0,0,0,0,0,0,0,0,0,0,0,0,1,0,0
2021-11-08,PROD_007,Puma Velocity Nitro 2,Running,Zapatillas Running,70,False,2,71.96,143.92,68.88666666666667,1.0161618116713442,0,0,0,0,0,0,0,0,0,0,0,0,0,0,0,0,1,0,0,0,0,0,0,0,0,0,1,0,0,0,0,0,0,0,0,0,0,0,0,0,0,0,1,0
2021-11-08,PROD_008,Reebok Floatride Energy 5,Running,Zapatillas Running,65,False,2,65.65,131.3,61.43,1.0581149275598243,0,0,0,0,0,0,0,0,0,0,0,0,0,0,0,0,0,0,1,0,0,0,0,0,0,0,1,0,0,0,0,0,0,0,0,0,0,0,0,0,0,0,1,0
2021-11-08,PROD_009,Bowflex SelectTech 552,Fitness,Mancuernas Ajustables,400,True,1,403.23,403.23,342.9433333333333,1.166373453340202,0,0,0,1,0,0,0,0,0,0,0,0,0,0,0,0,0,0,0,0,0,0,0,0,1,0,0,0,0,0,0,0,0,0,0,1,0,0,0,0,0,0,0,0
2021-11-08,PROD_010,Domyos BM900,Fitness,Banco Gimnasio,175,True,2,169.88,339.76,159.08333333333334,1.1000523834468308,0,0,0,0,0,0,1,0,0,0,0,0,0,0,0,0,0,0,0,0,0,0,0,0,1,0,0,0,1,0,0,0,0,0,0,0,0,0,0,0,0,0,0,0
2021-11-08,PROD_011,Reebok Professional Deck,Fitness,Esterilla Fitness,45,False,4,45.16,180.64,42.56,1.0573308270676691,0,0,0,0,0,0,0,0,0,0,0,0,0,0,0,0,0,0,0,1,0,0,0,0,1,0,0,0,0,0,0,0,0,1,0,0,0,0,0,0,0,0,0,0
2021-11-08,PROD_012,Domyos Kit Mancuernas 20kg,Fitness,Pesas Casa,55,False,3,56.29,168.87,56.34,0.9762158324458643,0,0,0,0,0,0,0,1,0,0,0,0,0,0,0,0,0,0,0,0,0,0,0,0,1,0,0,0,0,0,0,0,0,0,0,0,0,0,1,0,0,0,0,0
2021-11-08,PROD_013,Decathlon Bandas Elásticas Set,Fitness,Bandas Elásticas,25,False,3,24.37,73.11,24.776666666666667,1.0090138571236378,0,0,0,0,0,1,0,0,0,0,0,0,0,0,0,0,0,0,0,0,0,0,0,0,1,0,0,0,0,1,0,0,0,0,0,0,0,0,0,0,0,0,0,0
2021-11-08,PROD_014,Sveltus Kettlebell 12kg,Fitness,Pesa Rusa,40,False,3,40.86,122.58,38.13333333333333,1.048951048951049,0,0,0,0,0,0,0,0,0,0,0,0,0,0,0,0,0,0,0,0,0,1,0,0,1,0,0,0,0,0,0,0,0,0,0,0,0,1,0,0,0,0,0,0
2021-11-08,PROD_015,Salomon Speedcross 5 GTX,Outdoor,Zapatillas Trail,150,True,4,152.87,611.48,137.03333333333333,1.0946241790318658,0,0,0,0,0,0,0,0,0,0,0,0,0,0,0,0,0,0,0,0,1,0,0,0,0,1,0,0,0,0,0,0,0,0,0,0,0,0,0,0,0,0,0,1
2021-11-08,PROD_016,Trek Marlin 7,Outdoor,Bicicleta Montaña,830,True,3,820.75,2462.25,735.4866666666667,1.1285044822929036,0,0,0,0,0,0,0,0,0,0,0,0,0,0,0,0,0,0,0,0,0,0,0,1,0,1,0,0,0,0,1,0,0,0,0,0,0,0,0,0,0,0,0,0
2021-11-08,PROD_017,The North Face Borealis,Outdoor,Mochila Trekking,95,False,2,94.84,189.68,92.48333333333333,1.0272121102901424,0,0,0,0,0,0,0,0,0,0,0,0,0,0,0,0,0,0,0,0,0,0,1,0,0,1,0,0,0,0,0,0,0,0,0,0,1,0,0,0,0,0,0,0
2021-11-08,PROD_018,Columbia Silver Ridge,Outdoor,Ropa Montaña,70,False,2,69.4,138.8,66.75,1.048689138576779,0,0,0,0,1,0,0,0,0,0,0,0,0,0,0,0,0,0,0,0,0,0,0,0,0,1,0,0,0,0,0,0,0,0,0,0,0,0,0,0,1,0,0,0
2021-11-08,PROD_019,Merrell Moab 2 GTX,Outdoor,Zapatillas Trail,110,False,2,109.96,219.92,109.87333333333333,1.001152842667314,0,0,0,0,0,0,0,0,0,0,0,0,1,0,0,0,0,0,0,0,0,0,0,0,0,1,0,0,0,0,0,0,0,0,0,0,0,0,0,0,0,0,0,1
2021-11-08,PROD_020,Quechua MH500,Outdoor,Ropa Montaña,80,False,2,78.43,156.86,76.81333333333333,1.0414858531504947,0,0,0,0,0,0,0,0,0,0,0,0,0,0,0,0,0,1,0,0,0,0,0,0,0,1,0,0,0,0,0,0,0,0,0,0,0,0,0,0,1,0,0,0
2021-11-08,PROD_021,Manduka PRO Yoga Mat,Wellness,Esterilla Yoga,130,True,4,131.65,526.6,118.62666666666667,1.0958750140496796,0,0,0,0,0,0,0,0,0,0,0,1,0,0,0,0,0,0,0,0,0,0,0,0,0,0,0,1,0,0,0,0,0,0,1,0,0,0,0,0,0,0,0,0
2021-11-08,PROD_022,Gaiam Premium Yoga Block,Wellness,Bloque Yoga,20,False,1,19.82,19.82,19.446666666666665,1.0284538909838876,0,0,0,0,0,0,0,0,1,0,0,0,0,0,0,0,0,0,0,0,0,0,0,0,0,0,0,1,0,0,0,1,0,0,0,0,0,0,0,0,0,0,0,0
2021-11-08,PROD_023,Liforme Yoga Pad,Wellness,Rodillera Yoga,35,False,1,34.9,34.9,33.92666666666667,1.031636863823934,0,0,0,0,0,0,0,0,0,1,0,0,0,0,0,0,0,0,0,0,0,0,0,0,0,0,0,1,0,0,0,0,0,0,0,0,0,0,0,1,0,0,0,0
2021-11-08,PROD_024,Lotuscrafts Yoga Bolster,Wellness,Cojín Yoga,50,False,1,50.36,50.36,49.166666666666664,1.0169491525423728,0,0,0,0,0,0,0,0,0,0,1,0,0,0,0,0,0,0,0,0,0,0,0,0,0,0,0,1,0,0,0,0,1,0,0,0,0,0,0,0,0,0,0,0
2021-11-09,PROD_001,Nike Air Zoom Pegasus 40,Running,Zapatillas Running,115,True,11,113.98,1253.78,96.93333333333334,1.186382393397524,0,0,0,0,0,0,0,0,0,0,0,0,0,0,1,0,0,0,0,0,0,0,0,0,0,0,1,0,0,0,0,0,0,0,0,0,0,0,0,0,0,0,1,0
2021-11-09,PROD_002,Adidas Ultraboost 23,Running,Zapatillas Running,135,True,11,138.88,1527.68,114.81666666666668,1.1757874872985918,0,1,0,0,0,0,0,0,0,0,0,0,0,0,0,0,0,0,0,0,0,0,0,0,0,0,1,0,0,0,0,0,0,0,0,0,0,0,0,0,0,0,1,0
2021-11-09,PROD_003,Asics Gel Nimbus 25,Running,Zapatillas Running,85,False,3,85.68,257.04,80.26333333333334,1.0590140786577515,0,0,1,0,0,0,0,0,0,0,0,0,0,0,0,0,0,0,0,0,0,0,0,0,0,0,1,0,0,0,0,0,0,0,0,0,0,0,0,0,0,0,1,0
2021-11-09,PROD_004,New Balance Fresh Foam X 1080v12,Running,Zapatillas Running,75,False,2,74.21,148.42,70.70666666666666,1.0607203469734112,0,0,0,0,0,0,0,0,0,0,0,0,0,1,0,0,0,0,0,0,0,0,0,0,0,0,1,0,0,0,0,0,0,0,0,0,0,0,0,0,0,0,1,0
2021-11-09,PROD_005,Nike Dri-FIT Miler,Running,Ropa Running,35,False,2,35.39,70.78,33.083333333333336,1.0579345088161207,0,0,0,0,0,0,0,0,0,0,0,0,0,0,0,1,0,0,0,0,0,0,0,0,0,0,1,0,0,0,0,0,0,0,0,0,0,0,0,0,0,1,0,0
2021-11-09,PROD_006,Adidas Own The Run Jacket,Running,Ropa Running,65,False,2,66.31,132.62,65.06,0.9990777743621272,1,0,0,0,0,0,0,0,0,0,0,0,0,0,0,0,0,0,0,0,0,0,0,0,0,0,1,0,0,0,0,0,0,0,0,0,0,0,0,0,0,1,0,0
2021-11-09,PROD_007,Puma Velocity Nitro 2,Running,Zapatillas Running,70,False,2,69.07,138.14,70.15,0.9978617248752673,0,0,0,0,0,0,0,0,0,0,0,0,0,0,0,0,1,0,0,0,0,0,0,0,0,0,1,0,0,0,0,0,0,0,0,0,0,0,0,0,0,0,1,0
2021-11-09,PROD_008,Reebok Floatride Energy 5,Running,Zapatillas Running,65,False,2,65.05,130.1,63.473333333333336,1.0240520953681336,0,0,0,0,0,0,0,0,0,0,0,0,0,0,0,0,0,0,1,0,0,0,0,0,0,0,1,0,0,0,0,0,0,0,0,0,0,0,0,0,0,0,1,0
2021-11-09,PROD_009,Bowflex SelectTech 552,Fitness,Mancuernas Ajustables,400,True,2,395.33,790.66,348.37000000000006,1.1482044952205985,0,0,0,1,0,0,0,0,0,0,0,0,0,0,0,0,0,0,0,0,0,0,0,0,1,0,0,0,0,0,0,0,0,0,0,1,0,0,0,0,0,0,0,0
2021-11-09,PROD_010,Domyos BM900,Fitness,Banco Gimnasio,175,True,1,179.6,179.6,162.08,1.0797137216189536,0,0,0,0,0,0,1,0,0,0,0,0,0,0,0,0,0,0,0,0,0,0,0,0,1,0,0,0,1,0,0,0,0,0,0,0,0,0,0,0,0,0,0,0
2021-11-09,PROD_011,Reebok Professional Deck,Fitness,Esterilla Fitness,45,False,3,46.0,138.0,45.47666666666667,0.9895184343619439,0,0,0,0,0,0,0,0,0,0,0,0,0,0,0,0,0,0,0,1,0,0,0,0,1,0,0,0,0,0,0,0,0,1,0,0,0,0,0,0,0,0,0,0
2021-11-09,PROD_012,Domyos Kit Mancuernas 20kg,Fitness,Pesas Casa,55,False,3,55.54,166.62,53.830000000000005,1.021735091956158,0,0,0,0,0,0,0,1,0,0,0,0,0,0,0,0,0,0,0,0,0,0,0,0,1,0,0,0,0,0,0,0,0,0,0,0,0,0,1,0,0,0,0,0
2021-11-09,PROD_013,Decathlon Bandas Elásticas Set,Fitness,Bandas Elásticas,25,False,3,24.64,73.92,24.13,1.0360547036883547,0,0,0,0,0,1,0,0,0,0,0,0,0,0,0,0,0,0,0,0,0,0,0,0,1,0,0,0,0,1,0,0,0,0,0,0,0,0,0,0,0,0,0,0
2021-11-09,PROD_014,Sveltus Kettlebell 12kg,Fitness,Pesa Rusa,40,False,3,40.15,120.45,38.376666666666665,1.0423000086858334,0,0,0,0,0,0,0,0,0,0,0,0,0,0,0,0,0,0,0,0,0,1,0,0,1,0,0,0,0,0,0,0,0,0,0,0,0,1,0,0,0,0,0,0
2021-11-09,PROD_015,Salomon Speedcross 5 GTX,Outdoor,Zapatillas Trail,150,True,3,146.5,439.5,136.7,1.097293343087052,0,0,0,0,0,0,0,0,0,0,0,0,0,0,0,0,0,0,0,0,1,0,0,0,0,1,0,0,0,0,0,0,0,0,0,0,0,0,0,0,0,0,0,1
2021-11-09,PROD_016,Trek Marlin 7,Outdoor,Bicicleta Montaña,830,True,2,848.16,1696.32,749.5133333333333,1.1073852366424435,0,0,0,0,0,0,0,0,0,0,0,0,0,0,0,0,0,0,0,0,0,0,0,1,0,1,0,0,0,0,1,0,0,0,0,0,0,0,0,0,0,0,0,0
2021-11-09,PROD_017,The North Face Borealis,Outdoor,Mochila Trekking,95,False,2,95.27,190.54,92.12,1.03126356925749,0,0,0,0,0,0,0,0,0,0,0,0,0,0,0,0,0,0,0,0,0,0,1,0,0,1,0,0,0,0,0,0,0,0,0,0,1,0,0,0,0,0,0,0
2021-11-09,PROD_018,Columbia Silver Ridge,Outdoor,Ropa Montaña,70,False,2,68.37,136.74,70.09333333333332,0.9986684420772306,0,0,0,0,1,0,0,0,0,0,0,0,0,0,0,0,0,0,0,0,0,0,0,0,0,1,0,0,0,0,0,0,0,0,0,0,0,0,0,0,1,0,0,0
2021-11-09,PROD_019,Merrell Moab 2 GTX,Outdoor,Zapatillas Trail,110,False,2,109.49,218.98,108.09666666666665,1.0176076968145797,0,0,0,0,0,0,0,0,0,0,0,0,1,0,0,0,0,0,0,0,0,0,0,0,0,1,0,0,0,0,0,0,0,0,0,0,0,0,0,0,0,0,0,1
2021-11-09,PROD_020,Quechua MH500,Outdoor,Ropa Montaña,80,False,2,81.72,163.44,78.20666666666666,1.022930696445316,0,0,0,0,0,0,0,0,0,0,0,0,0,0,0,0,0,1,0,0,0,0,0,0,0,1,0,0,0,0,0,0,0,0,0,0,0,0,0,0,1,0,0,0
2021-11-09,PROD_021,Manduka PRO Yoga Mat,Wellness,Esterilla Yoga,130,True,5,128.38,641.9,118.07000000000001,1.1010417548911662,0,0,0,0,0,0,0,0,0,0,0,1,0,0,0,0,0,0,0,0,0,0,0,0,0,0,0,1,0,0,0,0,0,0,1,0,0,0,0,0,0,0,0,0
2021-11-09,PROD_022,Gaiam Premium Yoga Block,Wellness,Bloque Yoga,20,False,1,20.37,20.37,19.416666666666668,1.0300429184549356,0,0,0,0,0,0,0,0,1,0,0,0,0,0,0,0,0,0,0,0,0,0,0,0,0,0,0,1,0,0,0,1,0,0,0,0,0,0,0,0,0,0,0,0
2021-11-09,PROD_023,Liforme Yoga Pad,Wellness,Rodillera Yoga,35,False,1,33.99,33.99,34.31333333333334,1.020011657276083,0,0,0,0,0,0,0,0,0,1,0,0,0,0,0,0,0,0,0,0,0,0,0,0,0,0,0,1,0,0,0,0,0,0,0,0,0,0,0,1,0,0,0,0
2021-11-09,PROD_024,Lotuscrafts Yoga Bolster,Wellness,Cojín Yoga,50,False,1,49.34,49.34,46.79333333333333,1.0685282803818208,0,0,0,0,0,0,0,0,0,0,1,0,0,0,0,0,0,0,0,0,0,0,0,0,0,0,0,1,0,0,0,0,1,0,0,0,0,0,0,0,0,0,0,0
2021-11-10,PROD_001,Nike Air Zoom Pegasus 40,Running,Zapatillas Running,115,True,10,117.57,1175.7,96.34333333333332,1.1936477182299416,0,0,0,0,0,0,0,0,0,0,0,0,0,0,1,0,0,0,0,0,0,0,0,0,0,0,1,0,0,0,0,0,0,0,0,0,0,0,0,0,0,0,1,0
2021-11-10,PROD_002,Adidas Ultraboost 23,Running,Zapatillas Running,135,True,8,135.33,1082.64,112.70666666666666,1.1977995977759375,0,1,0,0,0,0,0,0,0,0,0,0,0,0,0,0,0,0,0,0,0,0,0,0,0,0,1,0,0,0,0,0,0,0,0,0,0,0,0,0,0,0,1,0
2021-11-10,PROD_003,Asics Gel Nimbus 25,Running,Zapatillas Running,85,False,2,82.94,165.88,85.35000000000001,0.9958992384299941,0,0,1,0,0,0,0,0,0,0,0,0,0,0,0,0,0,0,0,0,0,0,0,0,0,0,1,0,0,0,0,0,0,0,0,0,0,0,0,0,0,0,1,0
2021-11-10,PROD_004,New Balance Fresh Foam X 1080v12,Running,Zapatillas Running,75,False,2,75.44,150.88,70.80333333333334,1.0592721623275738,0,0,0,0,0,0,0,0,0,0,0,0,0,1,0,0,0,0,0,0,0,0,0,0,0,0,1,0,0,0,0,0,0,0,0,0,0,0,0,0,0,0,1,0
2021-11-10,PROD_005,Nike Dri-FIT Miler,Running,Ropa Running,35,False,3,34.57,103.71,35.24333333333334,0.9930956209212143,0,0,0,0,0,0,0,0,0,0,0,0,0,0,0,1,0,0,0,0,0,0,0,0,0,0,1,0,0,0,0,0,0,0,0,0,0,0,0,0,0,1,0,0
2021-11-10,PROD_006,Adidas Own The Run Jacket,Running,Ropa Running,65,False,2,63.24,126.48,63.60666666666666,1.0219054606435385,1,0,0,0,0,0,0,0,0,0,0,0,0,0,0,0,0,0,0,0,0,0,0,0,0,0,1,0,0,0,0,0,0,0,0,0,0,0,0,0,0,1,0,0
2021-11-10,PROD_007,Puma Velocity Nitro 2,Running,Zapatillas Running,70,False,2,71.69,143.38,68.45333333333333,1.0225944682508765,0,0,0,0,0,0,0,0,0,0,0,0,0,0,0,0,1,0,0,0,0,0,0,0,0,0,1,0,0,0,0,0,0,0,0,0,0,0,0,0,0,0,1,0
2021-11-10,PROD_008,Reebok Floatride Energy 5,Running,Zapatillas Running,65,False,2,65.36,130.72,63.669999999999995,1.0208889586932621,0,0,0,0,0,0,0,0,0,0,0,0,0,0,0,0,0,0,1,0,0,0,0,0,0,0,1,0,0,0,0,0,0,0,0,0,0,0,0,0,0,0,1,0
2021-11-10,PROD_009,Bowflex SelectTech 552,Fitness,Mancuernas Ajustables,400,True,2,409.42,818.84,348.83,1.1466903649342086,0,0,0,1,0,0,0,0,0,0,0,0,0,0,0,0,0,0,0,0,0,0,0,0,1,0,0,0,0,0,0,0,0,0,0,1,0,0,0,0,0,0,0,0
2021-11-10,PROD_010,Domyos BM900,Fitness,Banco Gimnasio,175,True,2,170.11,340.22,163.91666666666666,1.0676156583629894,0,0,0,0,0,0,1,0,0,0,0,0,0,0,0,0,0,0,0,0,0,0,0,0,1,0,0,0,1,0,0,0,0,0,0,0,0,0,0,0,0,0,0,0
2021-11-10,PROD_011,Reebok Professional Deck,Fitness,Esterilla Fitness,45,False,3,45.22,135.66,43.580000000000005,1.0325837540156033,0,0,0,0,0,0,0,0,0,0,0,0,0,0,0,0,0,0,0,1,0,0,0,0,1,0,0,0,0,0,0,0,0,1,0,0,0,0,0,0,0,0,0,0
2021-11-10,PROD_012,Domyos Kit Mancuernas 20kg,Fitness,Pesas Casa,55,False,3,56.09,168.27,52.669999999999995,1.0442377064742738,0,0,0,0,0,0,0,1,0,0,0,0,0,0,0,0,0,0,0,0,0,0,0,0,1,0,0,0,0,0,0,0,0,0,0,0,0,0,1,0,0,0,0,0
2021-11-10,PROD_013,Decathlon Bandas Elásticas Set,Fitness,Bandas Elásticas,25,False,3,25.15,75.45,23.566666666666666,1.0608203677510608,0,0,0,0,0,1,0,0,0,0,0,0,0,0,0,0,0,0,0,0,0,0,0,0,1,0,0,0,0,1,0,0,0,0,0,0,0,0,0,0,0,0,0,0
2021-11-10,PROD_014,Sveltus Kettlebell 12kg,Fitness,Pesa Rusa,40,False,3,40.79,122.37,39.64333333333334,1.008996888926259,0,0,0,0,0,0,0,0,0,0,0,0,0,0,0,0,0,0,0,0,0,1,0,0,1,0,0,0,0,0,0,0,0,0,0,0,0,1,0,0,0,0,0,0
2021-11-10,PROD_015,Salomon Speedcross 5 GTX,Outdoor,Zapatillas Trail,150,True,3,153.41,460.23,134.40333333333334,1.1160437489149575,0,0,0,0,0,0,0,0,0,0,0,0,0,0,0,0,0,0,0,0,1,0,0,0,0,1,0,0,0,0,0,0,0,0,0,0,0,0,0,0,0,0,0,1
2021-11-10,PROD_016,Trek Marlin 7,Outdoor,Bicicleta Montaña,830,True,4,826.54,3306.16,756.6133333333333,1.0969936206957318,0,0,0,0,0,0,0,0,0,0,0,0,0,0,0,0,0,0,0,0,0,0,0,1,0,1,0,0,0,0,1,0,0,0,0,0,0,0,0,0,0,0,0,0
2021-11-10,PROD_017,The North Face Borealis,Outdoor,Mochila Trekking,95,False,2,93.96,187.92,90.31333333333333,1.0518934081346423,0,0,0,0,0,0,0,0,0,0,0,0,0,0,0,0,0,0,0,0,0,0,1,0,0,1,0,0,0,0,0,0,0,0,0,0,1,0,0,0,0,0,0,0
2021-11-10,PROD_018,Columbia Silver Ridge,Outdoor,Ropa Montaña,70,False,2,70.43,140.86,69.02333333333333,1.0141498044139663,0,0,0,0,1,0,0,0,0,0,0,0,0,0,0,0,0,0,0,0,0,0,0,0,0,1,0,0,0,0,0,0,0,0,0,0,0,0,0,0,1,0,0,0
2021-11-10,PROD_019,Merrell Moab 2 GTX,Outdoor,Zapatillas Trail,110,False,2,112.59,225.18,110.22333333333334,0.9979738107478754,0,0,0,0,0,0,0,0,0,0,0,0,1,0,0,0,0,0,0,0,0,0,0,0,0,1,0,0,0,0,0,0,0,0,0,0,0,0,0,0,0,0,0,1
2021-11-10,PROD_020,Quechua MH500,Outdoor,Ropa Montaña,80,False,1,80.63,80.63,80.30333333333334,0.9962226557635631,0,0,0,0,0,0,0,0,0,0,0,0,0,0,0,0,0,1,0,0,0,0,0,0,0,1,0,0,0,0,0,0,0,0,0,0,0,0,0,0,1,0,0,0
2021-11-10,PROD_021,Manduka PRO Yoga Mat,Wellness,Esterilla Yoga,130,True,4,130.72,522.88,118.65666666666668,1.0955979436469363,0,0,0,0,0,0,0,0,0,0,0,1,0,0,0,0,0,0,0,0,0,0,0,0,0,0,0,1,0,0,0,0,0,0,1,0,0,0,0,0,0,0,0,0
2021-11-10,PROD_022,Gaiam Premium Yoga Block,Wellness,Bloque Yoga,20,False,1,20.01,20.01,19.496666666666666,1.0258163788681827,0,0,0,0,0,0,0,0,1,0,0,0,0,0,0,0,0,0,0,0,0,0,0,0,0,0,0,1,0,0,0,1,0,0,0,0,0,0,0,0,0,0,0,0
2021-11-10,PROD_023,Liforme Yoga Pad,Wellness,Rodillera Yoga,35,False,1,34.17,34.17,34.050000000000004,1.027900146842878,0,0,0,0,0,0,0,0,0,1,0,0,0,0,0,0,0,0,0,0,0,0,0,0,0,0,0,1,0,0,0,0,0,0,0,0,0,0,0,1,0,0,0,0
2021-11-10,PROD_024,Lotuscrafts Yoga Bolster,Wellness,Cojín Yoga,50,False,1,50.46,50.46,49.43333333333334,1.0114632501685772,0,0,0,0,0,0,0,0,0,0,1,0,0,0,0,0,0,0,0,0,0,0,0,0,0,0,0,1,0,0,0,0,1,0,0,0,0,0,0,0,0,0,0,0
2021-11-11,PROD_001,Nike Air Zoom Pegasus 40,Running,Zapatillas Running,115,True,10,118.11,1181.1,96.62666666666667,1.190147647302332,0,0,0,0,0,0,0,0,0,0,0,0,0,0,1,0,0,0,0,0,0,0,0,0,0,0,1,0,0,0,0,0,0,0,0,0,0,0,0,0,0,0,1,0
2021-11-11,PROD_002,Adidas Ultraboost 23,Running,Zapatillas Running,135,True,11,135.05,1485.55,113.17333333333333,1.1928605089538171,0,1,0,0,0,0,0,0,0,0,0,0,0,0,0,0,0,0,0,0,0,0,0,0,0,0,1,0,0,0,0,0,0,0,0,0,0,0,0,0,0,0,1,0
2021-11-11,PROD_003,Asics Gel Nimbus 25,Running,Zapatillas Running,85,False,2,85.68,171.36,83.76666666666667,1.014723438121767,0,0,1,0,0,0,0,0,0,0,0,0,0,0,0,0,0,0,0,0,0,0,0,0,0,0,1,0,0,0,0,0,0,0,0,0,0,0,0,0,0,0,1,0
2021-11-11,PROD_004,New Balance Fresh Foam X 1080v12,Running,Zapatillas Running,75,False,2,74.38,148.76,72.17,1.0392129693778578,0,0,0,0,0,0,0,0,0,0,0,0,0,1,0,0,0,0,0,0,0,0,0,0,0,0,1,0,0,0,0,0,0,0,0,0,0,0,0,0,0,0,1,0
2021-11-11,PROD_005,Nike Dri-FIT Miler,Running,Ropa Running,35,False,2,34.94,69.88,34.623333333333335,1.0108789833445653,0,0,0,0,0,0,0,0,0,0,0,0,0,0,0,1,0,0,0,0,0,0,0,0,0,0,1,0,0,0,0,0,0,0,0,0,0,0,0,0,0,1,0,0
2021-11-11,PROD_006,Adidas Own The Run Jacket,Running,Ropa Running,65,False,2,63.81,127.62,62.94,1.032729583730537,1,0,0,0,0,0,0,0,0,0,0,0,0,0,0,0,0,0,0,0,0,0,0,0,0,0,1,0,0,0,0,0,0,0,0,0,0,0,0,0,0,1,0,0
2021-11-11,PROD_007,Puma Velocity Nitro 2,Running,Zapatillas Running,70,False,2,70.47,140.94,65.93666666666667,1.0616247914665589,0,0,0,0,0,0,0,0,0,0,0,0,0,0,0,0,1,0,0,0,0,0,0,0,0,0,1,0,0,0,0,0,0,0,0,0,0,0,0,0,0,0,1,0
2021-11-11,PROD_008,Reebok Floatride Energy 5,Running,Zapatillas Running,65,False,2,65.06,130.12,63.40666666666667,1.0251287982336241,0,0,0,0,0,0,0,0,0,0,0,0,0,0,0,0,0,0,1,0,0,0,0,0,0,0,1,0,0,0,0,0,0,0,0,0,0,0,0,0,0,0,1,0
2021-11-11,PROD_009,Bowflex SelectTech 552,Fitness,Mancuernas Ajustables,400,True,2,388.13,776.26,353.51,1.1315097168396935,0,0,0,1,0,0,0,0,0,0,0,0,0,0,0,0,0,0,0,0,0,0,0,0,1,0,0,0,0,0,0,0,0,0,0,1,0,0,0,0,0,0,0,0
2021-11-11,PROD_010,Domyos BM900,Fitness,Banco Gimnasio,175,True,2,175.76,351.52,159.92666666666668,1.0942515319521446,0,0,0,0,0,0,1,0,0,0,0,0,0,0,0,0,0,0,0,0,0,0,0,0,1,0,0,0,1,0,0,0,0,0,0,0,0,0,0,0,0,0,0,0
2021-11-11,PROD_011,Reebok Professional Deck,Fitness,Esterilla Fitness,45,False,3,45.03,135.09,42.28,1.064333017975402,0,0,0,0,0,0,0,0,0,0,0,0,0,0,0,0,0,0,0,1,0,0,0,0,1,0,0,0,0,0,0,0,0,1,0,0,0,0,0,0,0,0,0,0
2021-11-11,PROD_012,Domyos Kit Mancuernas 20kg,Fitness,Pesas Casa,55,False,3,54.66,163.98,53.06333333333333,1.036497267416295,0,0,0,0,0,0,0,1,0,0,0,0,0,0,0,0,0,0,0,0,0,0,0,0,1,0,0,0,0,0,0,0,0,0,0,0,0,0,1,0,0,0,0,0
2021-11-11,PROD_013,Decathlon Bandas Elásticas Set,Fitness,Bandas Elásticas,25,False,3,24.38,73.14,24.203333333333333,1.0329155763668916,0,0,0,0,0,1,0,0,0,0,0,0,0,0,0,0,0,0,0,0,0,0,0,0,1,0,0,0,0,1,0,0,0,0,0,0,0,0,0,0,0,0,0,0
2021-11-11,PROD_014,Sveltus Kettlebell 12kg,Fitness,Pesa Rusa,40,False,3,39.63,118.89,39.04333333333333,1.0245026893195595,0,0,0,0,0,0,0,0,0,0,0,0,0,0,0,0,0,0,0,0,0,1,0,0,1,0,0,0,0,0,0,0,0,0,0,0,0,1,0,0,0,0,0,0
2021-11-11,PROD_015,Salomon Speedcross 5 GTX,Outdoor,Zapatillas Trail,150,True,3,150.07,450.21,137.0633333333333,1.0943845910649581,0,0,0,0,0,0,0,0,0,0,0,0,0,0,0,0,0,0,0,0,1,0,0,0,0,1,0,0,0,0,0,0,0,0,0,0,0,0,0,0,0,0,0,1
2021-11-11,PROD_016,Trek Marlin 7,Outdoor,Bicicleta Montaña,830,True,3,840.07,2520.21,757.1866666666666,1.0961629893113103,0,0,0,0,0,0,0,0,0,0,0,0,0,0,0,0,0,0,0,0,0,0,0,1,0,1,0,0,0,0,1,0,0,0,0,0,0,0,0,0,0,0,0,0
2021-11-11,PROD_017,The North Face Borealis,Outdoor,Mochila Trekking,95,False,2,97.81,195.62,91.95,1.0331702011963022,0,0,0,0,0,0,0,0,0,0,0,0,0,0,0,0,0,0,0,0,0,0,1,0,0,1,0,0,0,0,0,0,0,0,0,0,1,0,0,0,0,0,0,0
2021-11-11,PROD_018,Columbia Silver Ridge,Outdoor,Ropa Montaña,70,False,2,69.56,139.12,66.66666666666667,1.0499999999999998,0,0,0,0,1,0,0,0,0,0,0,0,0,0,0,0,0,0,0,0,0,0,0,0,0,1,0,0,0,0,0,0,0,0,0,0,0,0,0,0,1,0,0,0
2021-11-11,PROD_019,Merrell Moab 2 GTX,Outdoor,Zapatillas Trail,110,False,2,109.48,218.96,104.49333333333334,1.052698736761516,0,0,0,0,0,0,0,0,0,0,0,0,1,0,0,0,0,0,0,0,0,0,0,0,0,1,0,0,0,0,0,0,0,0,0,0,0,0,0,0,0,0,0,1
2021-11-11,PROD_020,Quechua MH500,Outdoor,Ropa Montaña,80,False,2,81.03,162.06,75.29333333333334,1.0625110678236231,0,0,0,0,0,0,0,0,0,0,0,0,0,0,0,0,0,1,0,0,0,0,0,0,0,1,0,0,0,0,0,0,0,0,0,0,0,0,0,0,1,0,0,0
2021-11-11,PROD_021,Manduka PRO Yoga Mat,Wellness,Esterilla Yoga,130,True,4,130.84,523.36,116.22000000000001,1.1185682326621922,0,0,0,0,0,0,0,0,0,0,0,1,0,0,0,0,0,0,0,0,0,0,0,0,0,0,0,1,0,0,0,0,0,0,1,0,0,0,0,0,0,0,0,0
2021-11-11,PROD_022,Gaiam Premium Yoga Block,Wellness,Bloque Yoga,20,False,1,20.55,20.55,19.27,1.0378827192527245,0,0,0,0,0,0,0,0,1,0,0,0,0,0,0,0,0,0,0,0,0,0,0,0,0,0,0,1,0,0,0,1,0,0,0,0,0,0,0,0,0,0,0,0
2021-11-11,PROD_023,Liforme Yoga Pad,Wellness,Rodillera Yoga,35,False,1,35.67,35.67,33.76,1.0367298578199053,0,0,0,0,0,0,0,0,0,1,0,0,0,0,0,0,0,0,0,0,0,0,0,0,0,0,0,1,0,0,0,0,0,0,0,0,0,0,0,1,0,0,0,0
2021-11-11,PROD_024,Lotuscrafts Yoga Bolster,Wellness,Cojín Yoga,50,False,1,50.56,50.56,47.27,1.0577533319229955,0,0,0,0,0,0,0,0,0,0,1,0,0,0,0,0,0,0,0,0,0,0,0,0,0,0,0,1,0,0,0,0,1,0,0,0,0,0,0,0,0,0,0,0
2021-11-12,PROD_001,Nike Air Zoom Pegasus 40,Running,Zapatillas Running,115,True,11,112.34,1235.74,95.24000000000001,1.2074758504829903,0,0,0,0,0,0,0,0,0,0,0,0,0,0,1,0,0,0,0,0,0,0,0,0,0,0,1,0,0,0,0,0,0,0,0,0,0,0,0,0,0,0,1,0
2021-11-12,PROD_002,Adidas Ultraboost 23,Running,Zapatillas Running,135,True,9,133.94,1205.46,112.64999999999999,1.1984021304926766,0,1,0,0,0,0,0,0,0,0,0,0,0,0,0,0,0,0,0,0,0,0,0,0,0,0,1,0,0,0,0,0,0,0,0,0,0,0,0,0,0,0,1,0
2021-11-12,PROD_003,Asics Gel Nimbus 25,Running,Zapatillas Running,85,False,3,83.07,249.21,84.87,1.0015317544479792,0,0,1,0,0,0,0,0,0,0,0,0,0,0,0,0,0,0,0,0,0,0,0,0,0,0,1,0,0,0,0,0,0,0,0,0,0,0,0,0,0,0,1,0
2021-11-12,PROD_004,New Balance Fresh Foam X 1080v12,Running,Zapatillas Running,75,False,3,73.07,219.21,69.55,1.0783608914450036,0,0,0,0,0,0,0,0,0,0,0,0,0,1,0,0,0,0,0,0,0,0,0,0,0,0,1,0,0,0,0,0,0,0,0,0,0,0,0,0,0,0,1,0
2021-11-12,PROD_005,Nike Dri-FIT Miler,Running,Ropa Running,35,False,3,34.12,102.36,34.03,1.0285042609462238,0,0,0,0,0,0,0,0,0,0,0,0,0,0,0,1,0,0,0,0,0,0,0,0,0,0,1,0,0,0,0,0,0,0,0,0,0,0,0,0,0,1,0,0
2021-11-12,PROD_006,Adidas Own The Run Jacket,Running,Ropa Running,65,False,2,65.66,131.32,64.23666666666666,1.0118831404701365,1,0,0,0,0,0,0,0,0,0,0,0,0,0,0,0,0,0,0,0,0,0,0,0,0,0,1,0,0,0,0,0,0,0,0,0,0,0,0,0,0,1,0,0
2021-11-12,PROD_007,Puma Velocity Nitro 2,Running,Zapatillas Running,70,False,3,70.75,212.25,67.30333333333334,1.0400673567431031,0,0,0,0,0,0,0,0,0,0,0,0,0,0,0,0,1,0,0,0,0,0,0,0,0,0,1,0,0,0,0,0,0,0,0,0,0,0,0,0,0,0,1,0
2021-11-12,PROD_008,Reebok Floatride Energy 5,Running,Zapatillas Running,65,False,2,63.09,126.18,64.39666666666666,1.0093690149593666,0,0,0,0,0,0,0,0,0,0,0,0,0,0,0,0,0,0,1,0,0,0,0,0,0,0,1,0,0,0,0,0,0,0,0,0,0,0,0,0,0,0,1,0
2021-11-12,PROD_009,Bowflex SelectTech 552,Fitness,Mancuernas Ajustables,400,True,2,403.27,806.54,346.1433333333334,1.1555906512716312,0,0,0,1,0,0,0,0,0,0,0,0,0,0,0,0,0,0,0,0,0,0,0,0,1,0,0,0,0,0,0,0,0,0,0,1,0,0,0,0,0,0,0,0
2021-11-12,PROD_010,Domyos BM900,Fitness,Banco Gimnasio,175,True,2,178.92,357.84,162.51666666666665,1.0768126346015794,0,0,0,0,0,0,1,0,0,0,0,0,0,0,0,0,0,0,0,0,0,0,0,0,1,0,0,0,1,0,0,0,0,0,0,0,0,0,0,0,0,0,0,0
2021-11-12,PROD_011,Reebok Professional Deck,Fitness,Esterilla Fitness,45,False,4,45.6,182.4,42.34,1.0628247520075578,0,0,0,0,0,0,0,0,0,0,0,0,0,0,0,0,0,0,0,1,0,0,0,0,1,0,0,0,0,0,0,0,0,1,0,0,0,0,0,0,0,0,0,0
2021-11-12,PROD_012,Domyos Kit Mancuernas 20kg,Fitness,Pesas Casa,55,False,3,53.82,161.46,56.43000000000001,0.9746588693957113,0,0,0,0,0,0,0,1,0,0,0,0,0,0,0,0,0,0,0,0,0,0,0,0,1,0,0,0,0,0,0,0,0,0,0,0,0,0,1,0,0,0,0,0
2021-11-12,PROD_013,Decathlon Bandas Elásticas Set,Fitness,Bandas Elásticas,25,False,3,24.27,72.81,24.626666666666665,1.0151597184623715,0,0,0,0,0,1,0,0,0,0,0,0,0,0,0,0,0,0,0,0,0,0,0,0,1,0,0,0,0,1,0,0,0,0,0,0,0,0,0,0,0,0,0,0
2021-11-12,PROD_014,Sveltus Kettlebell 12kg,Fitness,Pesa Rusa,40,False,3,39.97,119.91,39.45333333333333,1.013856032443393,0,0,0,0,0,0,0,0,0,0,0,0,0,0,0,0,0,0,0,0,0,1,0,0,1,0,0,0,0,0,0,0,0,0,0,0,0,1,0,0,0,0,0,0
2021-11-12,PROD_015,Salomon Speedcross 5 GTX,Outdoor,Zapatillas Trail,150,True,3,150.69,452.07,136.16333333333333,1.101618154667189,0,0,0,0,0,0,0,0,0,0,0,0,0,0,0,0,0,0,0,0,1,0,0,0,0,1,0,0,0,0,0,0,0,0,0,0,0,0,0,0,0,0,0,1
2021-11-12,PROD_016,Trek Marlin 7,Outdoor,Bicicleta Montaña,830,True,3,841.41,2524.23,736.1133333333333,1.1275437659056124,0,0,0,0,0,0,0,0,0,0,0,0,0,0,0,0,0,0,0,0,0,0,0,1,0,1,0,0,0,0,1,0,0,0,0,0,0,0,0,0,0,0,0,0
2021-11-12,PROD_017,The North Face Borealis,Outdoor,Mochila Trekking,95,False,2,95.87,191.74,89.39333333333333,1.0627190692818256,0,0,0,0,0,0,0,0,0,0,0,0,0,0,0,0,0,0,0,0,0,0,1,0,0,1,0,0,0,0,0,0,0,0,0,0,1,0,0,0,0,0,0,0
2021-11-12,PROD_018,Columbia Silver Ridge,Outdoor,Ropa Montaña,70,False,2,69.71,139.42,68.61333333333334,1.0202098717450445,0,0,0,0,1,0,0,0,0,0,0,0,0,0,0,0,0,0,0,0,0,0,0,0,0,1,0,0,0,0,0,0,0,0,0,0,0,0,0,0,1,0,0,0
2021-11-12,PROD_019,Merrell Moab 2 GTX,Outdoor,Zapatillas Trail,110,False,2,111.14,222.28,105.55,1.0421601136901943,0,0,0,0,0,0,0,0,0,0,0,0,1,0,0,0,0,0,0,0,0,0,0,0,0,1,0,0,0,0,0,0,0,0,0,0,0,0,0,0,0,0,0,1
2021-11-12,PROD_020,Quechua MH500,Outdoor,Ropa Montaña,80,False,2,81.39,162.78,76.61333333333333,1.0442046641141665,0,0,0,0,0,0,0,0,0,0,0,0,0,0,0,0,0,1,0,0,0,0,0,0,0,1,0,0,0,0,0,0,0,0,0,0,0,0,0,0,1,0,0,0
2021-11-12,PROD_021,Manduka PRO Yoga Mat,Wellness,Esterilla Yoga,130,True,5,129.58,647.9,117.53666666666668,1.1060378321658488,0,0,0,0,0,0,0,0,0,0,0,1,0,0,0,0,0,0,0,0,0,0,0,0,0,0,0,1,0,0,0,0,0,0,1,0,0,0,0,0,0,0,0,0
2021-11-12,PROD_022,Gaiam Premium Yoga Block,Wellness,Bloque Yoga,20,False,2,20.43,40.86,19.426666666666666,1.0295126973232671,0,0,0,0,0,0,0,0,1,0,0,0,0,0,0,0,0,0,0,0,0,0,0,0,0,0,0,1,0,0,0,1,0,0,0,0,0,0,0,0,0,0,0,0
2021-11-12,PROD_023,Liforme Yoga Pad,Wellness,Rodillera Yoga,35,False,1,35.87,35.87,34.29333333333333,1.020606531881804,0,0,0,0,0,0,0,0,0,1,0,0,0,0,0,0,0,0,0,0,0,0,0,0,0,0,0,1,0,0,0,0,0,0,0,0,0,0,0,1,0,0,0,0
2021-11-12,PROD_024,Lotuscrafts Yoga Bolster,Wellness,Cojín Yoga,50,False,1,50.25,50.25,47.42333333333334,1.054333309903704,0,0,0,0,0,0,0,0,0,0,1,0,0,0,0,0,0,0,0,0,0,0,0,0,0,0,0,1,0,0,0,0,1,0,0,0,0,0,0,0,0,0,0,0
2021-11-13,PROD_001,Nike Air Zoom Pegasus 40,Running,Zapatillas Running,115,True,17,114.11,1939.87,97.05000000000001,1.184956208140134,0,0,0,0,0,0,0,0,0,0,0,0,0,0,1,0,0,0,0,0,0,0,0,0,0,0,1,0,0,0,0,0,0,0,0,0,0,0,0,0,0,0,1,0
2021-11-13,PROD_002,Adidas Ultraboost 23,Running,Zapatillas Running,135,True,14,136.53,1911.42,113.59666666666668,1.1884151530267906,0,1,0,0,0,0,0,0,0,0,0,0,0,0,0,0,0,0,0,0,0,0,0,0,0,0,1,0,0,0,0,0,0,0,0,0,0,0,0,0,0,0,1,0
2021-11-13,PROD_003,Asics Gel Nimbus 25,Running,Zapatillas Running,85,False,3,84.36,253.08,82.22666666666666,1.0337279065996434,0,0,1,0,0,0,0,0,0,0,0,0,0,0,0,0,0,0,0,0,0,0,0,0,0,0,1,0,0,0,0,0,0,0,0,0,0,0,0,0,0,0,1,0
2021-11-13,PROD_004,New Balance Fresh Foam X 1080v12,Running,Zapatillas Running,75,False,3,73.39,220.17,72.24,1.0382059800664452,0,0,0,0,0,0,0,0,0,0,0,0,0,1,0,0,0,0,0,0,0,0,0,0,0,0,1,0,0,0,0,0,0,0,0,0,0,0,0,0,0,0,1,0
2021-11-13,PROD_005,Nike Dri-FIT Miler,Running,Ropa Running,35,False,3,35.82,107.46,33.663333333333334,1.039706901673433,0,0,0,0,0,0,0,0,0,0,0,0,0,0,0,1,0,0,0,0,0,0,0,0,0,0,1,0,0,0,0,0,0,0,0,0,0,0,0,0,0,1,0,0
2021-11-13,PROD_006,Adidas Own The Run Jacket,Running,Ropa Running,65,False,3,63.15,189.45,59.41,1.0940919037199126,1,0,0,0,0,0,0,0,0,0,0,0,0,0,0,0,0,0,0,0,0,0,0,0,0,0,1,0,0,0,0,0,0,0,0,0,0,0,0,0,0,1,0,0
2021-11-13,PROD_007,Puma Velocity Nitro 2,Running,Zapatillas Running,70,False,2,70.61,141.22,69.48666666666666,1.007387508394896,0,0,0,0,0,0,0,0,0,0,0,0,0,0,0,0,1,0,0,0,0,0,0,0,0,0,1,0,0,0,0,0,0,0,0,0,0,0,0,0,0,0,1,0
2021-11-13,PROD_008,Reebok Floatride Energy 5,Running,Zapatillas Running,65,False,3,63.33,189.99,63.78333333333333,1.019074993467468,0,0,0,0,0,0,0,0,0,0,0,0,0,0,0,0,0,0,1,0,0,0,0,0,0,0,1,0,0,0,0,0,0,0,0,0,0,0,0,0,0,0,1,0
2021-11-13,PROD_009,Bowflex SelectTech 552,Fitness,Mancuernas Ajustables,400,True,3,397.83,1193.49,349.95666666666665,1.1429986569765782,0,0,0,1,0,0,0,0,0,0,0,0,0,0,0,0,0,0,0,0,0,0,0,0,1,0,0,0,0,0,0,0,0,0,0,1,0,0,0,0,0,0,0,0
2021-11-13,PROD_010,Domyos BM900,Fitness,Banco Gimnasio,175,True,2,176.11,352.22,162.63666666666668,1.0760181180955504,0,0,0,0,0,0,1,0,0,0,0,0,0,0,0,0,0,0,0,0,0,0,0,0,1,0,0,0,1,0,0,0,0,0,0,0,0,0,0,0,0,0,0,0
2021-11-13,PROD_011,Reebok Professional Deck,Fitness,Esterilla Fitness,45,False,5,44.63,223.15,45.27333333333333,0.9939625975555882,0,0,0,0,0,0,0,0,0,0,0,0,0,0,0,0,0,0,0,1,0,0,0,0,1,0,0,0,0,0,0,0,0,1,0,0,0,0,0,0,0,0,0,0
2021-11-13,PROD_012,Domyos Kit Mancuernas 20kg,Fitness,Pesas Casa,55,False,4,53.81,215.24,51.90333333333333,1.0596621925374095,0,0,0,0,0,0,0,1,0,0,0,0,0,0,0,0,0,0,0,0,0,0,0,0,1,0,0,0,0,0,0,0,0,0,0,0,0,0,1,0,0,0,0,0
2021-11-13,PROD_013,Decathlon Bandas Elásticas Set,Fitness,Bandas Elásticas,25,False,4,24.98,99.92,24.58,1.0170870626525632,0,0,0,0,0,1,0,0,0,0,0,0,0,0,0,0,0,0,0,0,0,0,0,0,1,0,0,0,0,1,0,0,0,0,0,0,0,0,0,0,0,0,0,0
2021-11-13,PROD_014,Sveltus Kettlebell 12kg,Fitness,Pesa Rusa,40,False,3,41.11,123.33,38.07666666666666,1.0505121246607723,0,0,0,0,0,0,0,0,0,0,0,0,0,0,0,0,0,0,0,0,0,1,0,0,1,0,0,0,0,0,0,0,0,0,0,0,0,1,0,0,0,0,0,0
2021-11-13,PROD_015,Salomon Speedcross 5 GTX,Outdoor,Zapatillas Trail,150,True,4,148.96,595.84,135.98,1.1031033975584645,0,0,0,0,0,0,0,0,0,0,0,0,0,0,0,0,0,0,0,0,1,0,0,0,0,1,0,0,0,0,0,0,0,0,0,0,0,0,0,0,0,0,0,1
2021-11-13,PROD_016,Trek Marlin 7,Outdoor,Bicicleta Montaña,830,True,4,806.26,3225.04,742.1999999999999,1.1182969549986528,0,0,0,0,0,0,0,0,0,0,0,0,0,0,0,0,0,0,0,0,0,0,0,1,0,1,0,0,0,0,1,0,0,0,0,0,0,0,0,0,0,0,0,0
2021-11-13,PROD_017,The North Face Borealis,Outdoor,Mochila Trekking,95,False,2,96.46,192.92,94.53333333333335,1.0049365303244004,0,0,0,0,0,0,0,0,0,0,0,0,0,0,0,0,0,0,0,0,0,0,1,0,0,1,0,0,0,0,0,0,0,0,0,0,1,0,0,0,0,0,0,0
2021-11-13,PROD_018,Columbia Silver Ridge,Outdoor,Ropa Montaña,70,False,2,71.68,143.36,70.15666666666667,0.997766902646458,0,0,0,0,1,0,0,0,0,0,0,0,0,0,0,0,0,0,0,0,0,0,0,0,0,1,0,0,0,0,0,0,0,0,0,0,0,0,0,0,1,0,0,0
2021-11-13,PROD_019,Merrell Moab 2 GTX,Outdoor,Zapatillas Trail,110,False,2,107.47,214.94,109.05,1.0087116001834022,0,0,0,0,0,0,0,0,0,0,0,0,1,0,0,0,0,0,0,0,0,0,0,0,0,1,0,0,0,0,0,0,0,0,0,0,0,0,0,0,0,0,0,1
2021-11-13,PROD_020,Quechua MH500,Outdoor,Ropa Montaña,80,False,2,81.86,163.72,80.88000000000001,0.9891196834817012,0,0,0,0,0,0,0,0,0,0,0,0,0,0,0,0,0,1,0,0,0,0,0,0,0,1,0,0,0,0,0,0,0,0,0,0,0,0,0,0,1,0,0,0
2021-11-13,PROD_021,Manduka PRO Yoga Mat,Wellness,Esterilla Yoga,130,True,5,130.8,654.0,117.85666666666667,1.103034759736403,0,0,0,0,0,0,0,0,0,0,0,1,0,0,0,0,0,0,0,0,0,0,0,0,0,0,0,1,0,0,0,0,0,0,1,0,0,0,0,0,0,0,0,0
2021-11-13,PROD_022,Gaiam Premium Yoga Block,Wellness,Bloque Yoga,20,False,1,19.81,19.81,19.30666666666667,1.0359116022099446,0,0,0,0,0,0,0,0,1,0,0,0,0,0,0,0,0,0,0,0,0,0,0,0,0,0,0,1,0,0,0,1,0,0,0,0,0,0,0,0,0,0,0,0
2021-11-13,PROD_023,Liforme Yoga Pad,Wellness,Rodillera Yoga,35,False,2,35.09,70.18,33.46,1.0460251046025104,0,0,0,0,0,0,0,0,0,1,0,0,0,0,0,0,0,0,0,0,0,0,0,0,0,0,0,1,0,0,0,0,0,0,0,0,0,0,0,1,0,0,0,0
2021-11-13,PROD_024,Lotuscrafts Yoga Bolster,Wellness,Cojín Yoga,50,False,1,50.13,50.13,50.916666666666664,0.9819967266775778,0,0,0,0,0,0,0,0,0,0,1,0,0,0,0,0,0,0,0,0,0,0,0,0,0,0,0,1,0,0,0,0,1,0,0,0,0,0,0,0,0,0,0,0
2021-11-14,PROD_001,Nike Air Zoom Pegasus 40,Running,Zapatillas Running,115,True,9,116.81,1051.29,96.96666666666665,1.1859745617050534,0,0,0,0,0,0,0,0,0,0,0,0,0,0,1,0,0,0,0,0,0,0,0,0,0,0,1,0,0,0,0,0,0,0,0,0,0,0,0,0,0,0,1,0
2021-11-14,PROD_002,Adidas Ultraboost 23,Running,Zapatillas Running,135,True,12,133.4,1600.8,113.87,1.1855624835338543,0,1,0,0,0,0,0,0,0,0,0,0,0,0,0,0,0,0,0,0,0,0,0,0,0,0,1,0,0,0,0,0,0,0,0,0,0,0,0,0,0,0,1,0
2021-11-14,PROD_003,Asics Gel Nimbus 25,Running,Zapatillas Running,85,False,2,83.77,167.54,84.70333333333333,1.0035024202117193,0,0,1,0,0,0,0,0,0,0,0,0,0,0,0,0,0,0,0,0,0,0,0,0,0,0,1,0,0,0,0,0,0,0,0,0,0,0,0,0,0,0,1,0
2021-11-14,PROD_004,New Balance Fresh Foam X 1080v12,Running,Zapatillas Running,75,False,2,77.1,154.2,72.46333333333332,1.0350062100372603,0,0,0,0,0,0,0,0,0,0,0,0,0,1,0,0,0,0,0,0,0,0,0,0,0,0,1,0,0,0,0,0,0,0,0,0,0,0,0,0,0,0,1,0
2021-11-14,PROD_005,Nike Dri-FIT Miler,Running,Ropa Running,35,False,3,35.12,105.36,34.29333333333333,1.020606531881804,0,0,0,0,0,0,0,0,0,0,0,0,0,0,0,1,0,0,0,0,0,0,0,0,0,0,1,0,0,0,0,0,0,0,0,0,0,0,0,0,0,1,0,0
2021-11-14,PROD_006,Adidas Own The Run Jacket,Running,Ropa Running,65,False,2,63.59,127.18,60.656666666666666,1.0716052096499422,1,0,0,0,0,0,0,0,0,0,0,0,0,0,0,0,0,0,0,0,0,0,0,0,0,0,1,0,0,0,0,0,0,0,0,0,0,0,0,0,0,1,0,0
2021-11-14,PROD_007,Puma Velocity Nitro 2,Running,Zapatillas Running,70,False,2,69.76,139.52,66.43333333333334,1.053687907676869,0,0,0,0,0,0,0,0,0,0,0,0,0,0,0,0,1,0,0,0,0,0,0,0,0,0,1,0,0,0,0,0,0,0,0,0,0,0,0,0,0,0,1,0
2021-11-14,PROD_008,Reebok Floatride Energy 5,Running,Zapatillas Running,65,False,3,64.62,193.86,63.27666666666667,1.0272348943791814,0,0,0,0,0,0,0,0,0,0,0,0,0,0,0,0,0,0,1,0,0,0,0,0,0,0,1,0,0,0,0,0,0,0,0,0,0,0,0,0,0,0,1,0
2021-11-14,PROD_009,Bowflex SelectTech 552,Fitness,Mancuernas Ajustables,400,True,2,411.85,823.7,347.43333333333334,1.1513000095941668,0,0,0,1,0,0,0,0,0,0,0,0,0,0,0,0,0,0,0,0,0,0,0,0,1,0,0,0,0,0,0,0,0,0,0,1,0,0,0,0,0,0,0,0
2021-11-14,PROD_010,Domyos BM900,Fitness,Banco Gimnasio,175,True,2,175.73,351.46,162.31,1.0781837225063151,0,0,0,0,0,0,1,0,0,0,0,0,0,0,0,0,0,0,0,0,0,0,0,0,1,0,0,0,1,0,0,0,0,0,0,0,0,0,0,0,0,0,0,0
2021-11-14,PROD_011,Reebok Professional Deck,Fitness,Esterilla Fitness,45,False,3,45.33,135.99,43.03666666666667,1.0456200139416,0,0,0,0,0,0,0,0,0,0,0,0,0,0,0,0,0,0,0,1,0,0,0,0,1,0,0,0,0,0,0,0,0,1,0,0,0,0,0,0,0,0,0,0
2021-11-14,PROD_012,Domyos Kit Mancuernas 20kg,Fitness,Pesas Casa,55,False,3,53.48,160.44,54.09,1.0168238121649102,0,0,0,0,0,0,0,1,0,0,0,0,0,0,0,0,0,0,0,0,0,0,0,0,1,0,0,0,0,0,0,0,0,0,0,0,0,0,1,0,0,0,0,0
2021-11-14,PROD_013,Decathlon Bandas Elásticas Set,Fitness,Bandas Elásticas,25,False,3,24.96,74.88,24.236666666666665,1.0314949800577637,0,0,0,0,0,1,0,0,0,0,0,0,0,0,0,0,0,0,0,0,0,0,0,0,1,0,0,0,0,1,0,0,0,0,0,0,0,0,0,0,0,0,0,0
2021-11-14,PROD_014,Sveltus Kettlebell 12kg,Fitness,Pesa Rusa,40,False,3,41.11,123.33,39.193333333333335,1.0205817315870045,0,0,0,0,0,0,0,0,0,0,0,0,0,0,0,0,0,0,0,0,0,1,0,0,1,0,0,0,0,0,0,0,0,0,0,0,0,1,0,0,0,0,0,0
2021-11-14,PROD_015,Salomon Speedcross 5 GTX,Outdoor,Zapatillas Trail,150,True,3,153.69,461.07,135.3066666666667,1.1085928261726445,0,0,0,0,0,0,0,0,0,0,0,0,0,0,0,0,0,0,0,0,1,0,0,0,0,1,0,0,0,0,0,0,0,0,0,0,0,0,0,0,0,0,0,1
2021-11-14,PROD_016,Trek Marlin 7,Outdoor,Bicicleta Montaña,830,True,3,848.42,2545.26,734.5533333333333,1.1299383752484504,0,0,0,0,0,0,0,0,0,0,0,0,0,0,0,0,0,0,0,0,0,0,0,1,0,1,0,0,0,0,1,0,0,0,0,0,0,0,0,0,0,0,0,0
2021-11-14,PROD_017,The North Face Borealis,Outdoor,Mochila Trekking,95,False,2,92.89,185.78,92.54,1.0265830992003457,0,0,0,0,0,0,0,0,0,0,0,0,0,0,0,0,0,0,0,0,0,0,1,0,0,1,0,0,0,0,0,0,0,0,0,0,1,0,0,0,0,0,0,0
2021-11-14,PROD_018,Columbia Silver Ridge,Outdoor,Ropa Montaña,70,False,2,71.24,142.48,65.98666666666666,1.0608203677510608,0,0,0,0,1,0,0,0,0,0,0,0,0,0,0,0,0,0,0,0,0,0,0,0,0,1,0,0,0,0,0,0,0,0,0,0,0,0,0,0,1,0,0,0
2021-11-14,PROD_019,Merrell Moab 2 GTX,Outdoor,Zapatillas Trail,110,False,2,108.52,217.04,107.43666666666667,1.0238590177158635,0,0,0,0,0,0,0,0,0,0,0,0,1,0,0,0,0,0,0,0,0,0,0,0,0,1,0,0,0,0,0,0,0,0,0,0,0,0,0,0,0,0,0,1
2021-11-14,PROD_020,Quechua MH500,Outdoor,Ropa Montaña,80,False,2,82.31,164.62,78.56333333333333,1.018286732572447,0,0,0,0,0,0,0,0,0,0,0,0,0,0,0,0,0,1,0,0,0,0,0,0,0,1,0,0,0,0,0,0,0,0,0,0,0,0,0,0,1,0,0,0
2021-11-14,PROD_021,Manduka PRO Yoga Mat,Wellness,Esterilla Yoga,130,True,5,129.87,649.35,117.96,1.102068497795863,0,0,0,0,0,0,0,0,0,0,0,1,0,0,0,0,0,0,0,0,0,0,0,0,0,0,0,1,0,0,0,0,0,0,1,0,0,0,0,0,0,0,0,0
2021-11-14,PROD_022,Gaiam Premium Yoga Block,Wellness,Bloque Yoga,20,False,2,19.85,39.7,18.99,1.0531858873091102,0,0,0,0,0,0,0,0,1,0,0,0,0,0,0,0,0,0,0,0,0,0,0,0,0,0,0,1,0,0,0,1,0,0,0,0,0,0,0,0,0,0,0,0
2021-11-14,PROD_023,Liforme Yoga Pad,Wellness,Rodillera Yoga,35,False,1,34.55,34.55,34.76333333333334,1.0068079393997504,0,0,0,0,0,0,0,0,0,1,0,0,0,0,0,0,0,0,0,0,0,0,0,0,0,0,0,1,0,0,0,0,0,0,0,0,0,0,0,1,0,0,0,0
2021-11-14,PROD_024,Lotuscrafts Yoga Bolster,Wellness,Cojín Yoga,50,False,1,49.66,49.66,48.72,1.026272577996716,0,0,0,0,0,0,0,0,0,0,1,0,0,0,0,0,0,0,0,0,0,0,0,0,0,0,0,1,0,0,0,0,1,0,0,0,0,0,0,0,0,0,0,0
2021-11-15,PROD_001,Nike Air Zoom Pegasus 40,Running,Zapatillas Running,115,True,12,115.08,1380.96,95.46333333333332,1.2046510003840918,0,0,0,0,0,0,0,0,0,0,0,0,0,0,1,0,0,0,0,0,0,0,0,0,0,0,1,0,0,0,0,0,0,0,0,0,0,0,0,0,0,0,1,0
2021-11-15,PROD_002,Adidas Ultraboost 23,Running,Zapatillas Running,135,True,8,137.96,1103.68,113.81666666666666,1.1861180260653097,0,1,0,0,0,0,0,0,0,0,0,0,0,0,0,0,0,0,0,0,0,0,0,0,0,0,1,0,0,0,0,0,0,0,0,0,0,0,0,0,0,0,1,0
2021-11-15,PROD_003,Asics Gel Nimbus 25,Running,Zapatillas Running,85,False,3,87.45,262.35,85.96999999999998,0.9887169943003375,0,0,1,0,0,0,0,0,0,0,0,0,0,0,0,0,0,0,0,0,0,0,0,0,0,0,1,0,0,0,0,0,0,0,0,0,0,0,0,0,0,0,1,0
2021-11-15,PROD_004,New Balance Fresh Foam X 1080v12,Running,Zapatillas Running,75,False,2,76.19,152.38,73.57666666666667,1.019344901010284,0,0,0,0,0,0,0,0,0,0,0,0,0,1,0,0,0,0,0,0,0,0,0,0,0,0,1,0,0,0,0,0,0,0,0,0,0,0,0,0,0,0,1,0
2021-11-15,PROD_005,Nike Dri-FIT Miler,Running,Ropa Running,35,False,3,35.15,105.45,34.06333333333333,1.0274977982190039,0,0,0,0,0,0,0,0,0,0,0,0,0,0,0,1,0,0,0,0,0,0,0,0,0,0,1,0,0,0,0,0,0,0,0,0,0,0,0,0,0,1,0,0
2021-11-15,PROD_006,Adidas Own The Run Jacket,Running,Ropa Running,65,False,2,66.53,133.06,62.47,1.040499439731071,1,0,0,0,0,0,0,0,0,0,0,0,0,0,0,0,0,0,0,0,0,0,0,0,0,0,1,0,0,0,0,0,0,0,0,0,0,0,0,0,0,1,0,0
2021-11-15,PROD_007,Puma Velocity Nitro 2,Running,Zapatillas Running,70,False,2,68.16,136.32,65.37333333333333,1.0707729961248216,0,0,0,0,0,0,0,0,0,0,0,0,0,0,0,0,1,0,0,0,0,0,0,0,0,0,1,0,0,0,0,0,0,0,0,0,0,0,0,0,0,0,1,0
2021-11-15,PROD_008,Reebok Floatride Energy 5,Running,Zapatillas Running,65,False,2,65.04,130.08,65.06333333333333,0.9990265894769199,0,0,0,0,0,0,0,0,0,0,0,0,0,0,0,0,0,0,1,0,0,0,0,0,0,0,1,0,0,0,0,0,0,0,0,0,0,0,0,0,0,0,1,0
2021-11-15,PROD_009,Bowflex SelectTech 552,Fitness,Mancuernas Ajustables,400,True,2,403.04,806.08,346.99333333333334,1.1527598993256354,0,0,0,1,0,0,0,0,0,0,0,0,0,0,0,0,0,0,0,0,0,0,0,0,1,0,0,0,0,0,0,0,0,0,0,1,0,0,0,0,0,0,0,0
2021-11-15,PROD_010,Domyos BM900,Fitness,Banco Gimnasio,175,True,2,177.34,354.68,161.14666666666665,1.0859672348171439,0,0,0,0,0,0,1,0,0,0,0,0,0,0,0,0,0,0,0,0,0,0,0,0,1,0,0,0,1,0,0,0,0,0,0,0,0,0,0,0,0,0,0,0
2021-11-15,PROD_011,Reebok Professional Deck,Fitness,Esterilla Fitness,45,False,3,45.52,136.56,44.35,1.0146561443066515,0,0,0,0,0,0,0,0,0,0,0,0,0,0,0,0,0,0,0,1,0,0,0,0,1,0,0,0,0,0,0,0,0,1,0,0,0,0,0,0,0,0,0,0
2021-11-15,PROD_012,Domyos Kit Mancuernas 20kg,Fitness,Pesas Casa,55,False,3,54.53,163.59,54.21333333333333,1.014510575504181,0,0,0,0,0,0,0,1,0,0,0,0,0,0,0,0,0,0,0,0,0,0,0,0,1,0,0,0,0,0,0,0,0,0,0,0,0,0,1,0,0,0,0,0
2021-11-15,PROD_013,Decathlon Bandas Elásticas Set,Fitness,Bandas Elásticas,25,False,3,25.46,76.38,23.656666666666666,1.0567845568550092,0,0,0,0,0,1,0,0,0,0,0,0,0,0,0,0,0,0,0,0,0,0,0,0,1,0,0,0,0,1,0,0,0,0,0,0,0,0,0,0,0,0,0,0
2021-11-15,PROD_014,Sveltus Kettlebell 12kg,Fitness,Pesa Rusa,40,False,2,41.1,82.2,37.696666666666665,1.0611017773454772,0,0,0,0,0,0,0,0,0,0,0,0,0,0,0,0,0,0,0,0,0,1,0,0,1,0,0,0,0,0,0,0,0,0,0,0,0,1,0,0,0,0,0,0
2021-11-15,PROD_015,Salomon Speedcross 5 GTX,Outdoor,Zapatillas Trail,150,True,3,145.58,436.74,138.73666666666665,1.0811849787366956,0,0,0,0,0,0,0,0,0,0,0,0,0,0,0,0,0,0,0,0,1,0,0,0,0,1,0,0,0,0,0,0,0,0,0,0,0,0,0,0,0,0,0,1
2021-11-15,PROD_016,Trek Marlin 7,Outdoor,Bicicleta Montaña,830,True,3,805.81,2417.43,739.8333333333334,1.1218742960126153,0,0,0,0,0,0,0,0,0,0,0,0,0,0,0,0,0,0,0,0,0,0,0,1,0,1,0,0,0,0,1,0,0,0,0,0,0,0,0,0,0,0,0,0
2021-11-15,PROD_017,The North Face Borealis,Outdoor,Mochila Trekking,95,False,2,96.36,192.72,91.87666666666667,1.0339948481660197,0,0,0,0,0,0,0,0,0,0,0,0,0,0,0,0,0,0,0,0,0,0,1,0,0,1,0,0,0,0,0,0,0,0,0,0,1,0,0,0,0,0,0,0
2021-11-15,PROD_018,Columbia Silver Ridge,Outdoor,Ropa Montaña,70,False,2,68.5,137.0,67.27,1.040582726326743,0,0,0,0,1,0,0,0,0,0,0,0,0,0,0,0,0,0,0,0,0,0,0,0,0,1,0,0,0,0,0,0,0,0,0,0,0,0,0,0,1,0,0,0
2021-11-15,PROD_019,Merrell Moab 2 GTX,Outdoor,Zapatillas Trail,110,False,2,111.67,223.34,109.09333333333332,1.0083109264238574,0,0,0,0,0,0,0,0,0,0,0,0,1,0,0,0,0,0,0,0,0,0,0,0,0,1,0,0,0,0,0,0,0,0,0,0,0,0,0,0,0,0,0,1
2021-11-15,PROD_020,Quechua MH500,Outdoor,Ropa Montaña,80,False,2,81.28,162.56,76.93,1.039906408423242,0,0,0,0,0,0,0,0,0,0,0,0,0,0,0,0,0,1,0,0,0,0,0,0,0,1,0,0,0,0,0,0,0,0,0,0,0,0,0,0,1,0,0,0
2021-11-15,PROD_021,Manduka PRO Yoga Mat,Wellness,Esterilla Yoga,130,True,4,132.7,530.8,118.37666666666667,1.0981893954326585,0,0,0,0,0,0,0,0,0,0,0,1,0,0,0,0,0,0,0,0,0,0,0,0,0,0,0,1,0,0,0,0,0,0,1,0,0,0,0,0,0,0,0,0
2021-11-15,PROD_022,Gaiam Premium Yoga Block,Wellness,Bloque Yoga,20,False,1,19.99,19.99,19.676666666666666,1.016432322547857,0,0,0,0,0,0,0,0,1,0,0,0,0,0,0,0,0,0,0,0,0,0,0,0,0,0,0,1,0,0,0,1,0,0,0,0,0,0,0,0,0,0,0,0
2021-11-15,PROD_023,Liforme Yoga Pad,Wellness,Rodillera Yoga,35,False,1,34.11,34.11,34.87,1.0037281330656727,0,0,0,0,0,0,0,0,0,1,0,0,0,0,0,0,0,0,0,0,0,0,0,0,0,0,0,1,0,0,0,0,0,0,0,0,0,0,0,1,0,0,0,0
2021-11-15,PROD_024,Lotuscrafts Yoga Bolster,Wellness,Cojín Yoga,50,False,1,48.7,48.7,47.22666666666667,1.0587238848108413,0,0,0,0,0,0,0,0,0,0,1,0,0,0,0,0,0,0,0,0,0,0,0,0,0,0,0,1,0,0,0,0,1,0,0,0,0,0,0,0,0,0,0,0
2021-11-16,PROD_001,Nike Air Zoom Pegasus 40,Running,Zapatillas Running,115,True,11,113.96,1253.56,95.14333333333333,1.20870265914585,0,0,0,0,0,0,0,0,0,0,0,0,0,0,1,0,0,0,0,0,0,0,0,0,0,0,1,0,0,0,0,0,0,0,0,0,0,0,0,0,0,0,1,0
2021-11-16,PROD_002,Adidas Ultraboost 23,Running,Zapatillas Running,135,True,10,138.63,1386.3,114.62666666666667,1.1777364196812843,0,1,0,0,0,0,0,0,0,0,0,0,0,0,0,0,0,0,0,0,0,0,0,0,0,0,1,0,0,0,0,0,0,0,0,0,0,0,0,0,0,0,1,0
2021-11-16,PROD_003,Asics Gel Nimbus 25,Running,Zapatillas Running,85,False,3,82.82,248.46,85.89999999999999,0.9895227008149011,0,0,1,0,0,0,0,0,0,0,0,0,0,0,0,0,0,0,0,0,0,0,0,0,0,0,1,0,0,0,0,0,0,0,0,0,0,0,0,0,0,0,1,0
2021-11-16,PROD_004,New Balance Fresh Foam X 1080v12,Running,Zapatillas Running,75,False,3,74.1,222.3,72.04,1.0410882842865075,0,0,0,0,0,0,0,0,0,0,0,0,0,1,0,0,0,0,0,0,0,0,0,0,0,0,1,0,0,0,0,0,0,0,0,0,0,0,0,0,0,0,1,0
2021-11-16,PROD_005,Nike Dri-FIT Miler,Running,Ropa Running,35,False,3,34.11,102.33,34.76333333333333,1.0068079393997509,0,0,0,0,0,0,0,0,0,0,0,0,0,0,0,1,0,0,0,0,0,0,0,0,0,0,1,0,0,0,0,0,0,0,0,0,0,0,0,0,0,1,0,0
2021-11-16,PROD_006,Adidas Own The Run Jacket,Running,Ropa Running,65,False,2,65.81,131.62,61.84,1.0510996119016818,1,0,0,0,0,0,0,0,0,0,0,0,0,0,0,0,0,0,0,0,0,0,0,0,0,0,1,0,0,0,0,0,0,0,0,0,0,0,0,0,0,1,0,0
2021-11-16,PROD_007,Puma Velocity Nitro 2,Running,Zapatillas Running,70,False,2,68.11,136.22,67.60333333333334,1.0354519007938463,0,0,0,0,0,0,0,0,0,0,0,0,0,0,0,0,1,0,0,0,0,0,0,0,0,0,1,0,0,0,0,0,0,0,0,0,0,0,0,0,0,0,1,0
2021-11-16,PROD_008,Reebok Floatride Energy 5,Running,Zapatillas Running,65,False,2,64.2,128.4,65.54,0.9917607567897466,0,0,0,0,0,0,0,0,0,0,0,0,0,0,0,0,0,0,1,0,0,0,0,0,0,0,1,0,0,0,0,0,0,0,0,0,0,0,0,0,0,0,1,0
2021-11-16,PROD_009,Bowflex SelectTech 552,Fitness,Mancuernas Ajustables,400,True,2,393.58,787.16,350.91,1.139893419965233,0,0,0,1,0,0,0,0,0,0,0,0,0,0,0,0,0,0,0,0,0,0,0,0,1,0,0,0,0,0,0,0,0,0,0,1,0,0,0,0,0,0,0,0
2021-11-16,PROD_010,Domyos BM900,Fitness,Banco Gimnasio,175,True,2,179.51,359.02,161.80666666666664,1.0815376375097856,0,0,0,0,0,0,1,0,0,0,0,0,0,0,0,0,0,0,0,0,0,0,0,0,1,0,0,0,1,0,0,0,0,0,0,0,0,0,0,0,0,0,0,0
2021-11-16,PROD_011,Reebok Professional Deck,Fitness,Esterilla Fitness,45,False,3,44.74,134.22,44.946666666666665,1.0011865915158706,0,0,0,0,0,0,0,0,0,0,0,0,0,0,0,0,0,0,0,1,0,0,0,0,1,0,0,0,0,0,0,0,0,1,0,0,0,0,0,0,0,0,0,0
2021-11-16,PROD_012,Domyos Kit Mancuernas 20kg,Fitness,Pesas Casa,55,False,3,54.92,164.76,52.446666666666665,1.0486843777806025,0,0,0,0,0,0,0,1,0,0,0,0,0,0,0,0,0,0,0,0,0,0,0,0,1,0,0,0,0,0,0,0,0,0,0,0,0,0,1,0,0,0,0,0
2021-11-16,PROD_013,Decathlon Bandas Elásticas Set,Fitness,Bandas Elásticas,25,False,3,24.59,73.77,23.523333333333337,1.0627745500921069,0,0,0,0,0,1,0,0,0,0,0,0,0,0,0,0,0,0,0,0,0,0,0,0,1,0,0,0,0,1,0,0,0,0,0,0,0,0,0,0,0,0,0,0
2021-11-16,PROD_014,Sveltus Kettlebell 12kg,Fitness,Pesa Rusa,40,False,3,40.25,120.75,40.6,0.9852216748768473,0,0,0,0,0,0,0,0,0,0,0,0,0,0,0,0,0,0,0,0,0,1,0,0,1,0,0,0,0,0,0,0,0,0,0,0,0,1,0,0,0,0,0,0
2021-11-16,PROD_015,Salomon Speedcross 5 GTX,Outdoor,Zapatillas Trail,150,True,3,148.72,446.16,137.51666666666668,1.0907768755302387,0,0,0,0,0,0,0,0,0,0,0,0,0,0,0,0,0,0,0,0,1,0,0,0,0,1,0,0,0,0,0,0,0,0,0,0,0,0,0,0,0,0,0,1
2021-11-16,PROD_016,Trek Marlin 7,Outdoor,Bicicleta Montaña,830,True,3,849.36,2548.08,751.5933333333332,1.1043205989054365,0,0,0,0,0,0,0,0,0,0,0,0,0,0,0,0,0,0,0,0,0,0,0,1,0,1,0,0,0,0,1,0,0,0,0,0,0,0,0,0,0,0,0,0
2021-11-16,PROD_017,The North Face Borealis,Outdoor,Mochila Trekking,95,False,3,95.02,285.06,90.15333333333332,1.0537602602972715,0,0,0,0,0,0,0,0,0,0,0,0,0,0,0,0,0,0,0,0,0,0,1,0,0,1,0,0,0,0,0,0,0,0,0,0,1,0,0,0,0,0,0,0
2021-11-16,PROD_018,Columbia Silver Ridge,Outdoor,Ropa Montaña,70,False,2,70.52,141.04,70.61666666666666,0.9912674061836205,0,0,0,0,1,0,0,0,0,0,0,0,0,0,0,0,0,0,0,0,0,0,0,0,0,1,0,0,0,0,0,0,0,0,0,0,0,0,0,0,1,0,0,0
2021-11-16,PROD_019,Merrell Moab 2 GTX,Outdoor,Zapatillas Trail,110,False,2,107.17,214.34,107.26666666666667,1.0254816656308265,0,0,0,0,0,0,0,0,0,0,0,0,1,0,0,0,0,0,0,0,0,0,0,0,0,1,0,0,0,0,0,0,0,0,0,0,0,0,0,0,0,0,0,1
2021-11-16,PROD_020,Quechua MH500,Outdoor,Ropa Montaña,80,False,2,81.03,162.06,77.21333333333334,1.0360904852357105,0,0,0,0,0,0,0,0,0,0,0,0,0,0,0,0,0,1,0,0,0,0,0,0,0,1,0,0,0,0,0,0,0,0,0,0,0,0,0,0,1,0,0,0
2021-11-16,PROD_021,Manduka PRO Yoga Mat,Wellness,Esterilla Yoga,130,True,4,132.52,530.08,116.91000000000001,1.1119664699341372,0,0,0,0,0,0,0,0,0,0,0,1,0,0,0,0,0,0,0,0,0,0,0,0,0,0,0,1,0,0,0,0,0,0,1,0,0,0,0,0,0,0,0,0
2021-11-16,PROD_022,Gaiam Premium Yoga Block,Wellness,Bloque Yoga,20,False,2,20.02,40.04,19.996666666666666,1.0001666944490748,0,0,0,0,0,0,0,0,1,0,0,0,0,0,0,0,0,0,0,0,0,0,0,0,0,0,0,1,0,0,0,1,0,0,0,0,0,0,0,0,0,0,0,0
2021-11-16,PROD_023,Liforme Yoga Pad,Wellness,Rodillera Yoga,35,False,1,34.25,34.25,32.913333333333334,1.0633988251974884,0,0,0,0,0,0,0,0,0,1,0,0,0,0,0,0,0,0,0,0,0,0,0,0,0,0,0,1,0,0,0,0,0,0,0,0,0,0,0,1,0,0,0,0
2021-11-16,PROD_024,Lotuscrafts Yoga Bolster,Wellness,Cojín Yoga,50,False,1,49.99,49.99,50.76333333333333,0.9849628997307769,0,0,0,0,0,0,0,0,0,0,1,0,0,0,0,0,0,0,0,0,0,0,0,0,0,0,0,1,0,0,0,0,1,0,0,0,0,0,0,0,0,0,0,0
2021-11-17,PROD_001,Nike Air Zoom Pegasus 40,Running,Zapatillas Running,115,True,10,113.51,1135.1,96.04333333333334,1.1973761843612258,0,0,0,0,0,0,0,0,0,0,0,0,0,0,1,0,0,0,0,0,0,0,0,0,0,0,1,0,0,0,0,0,0,0,0,0,0,0,0,0,0,0,1,0
2021-11-17,PROD_002,Adidas Ultraboost 23,Running,Zapatillas Running,135,True,9,131.39,1182.51,112.88999999999999,1.1958543715120915,0,1,0,0,0,0,0,0,0,0,0,0,0,0,0,0,0,0,0,0,0,0,0,0,0,0,1,0,0,0,0,0,0,0,0,0,0,0,0,0,0,0,1,0
2021-11-17,PROD_003,Asics Gel Nimbus 25,Running,Zapatillas Running,85,False,2,86.27,172.54,80.75333333333333,1.0525881284570298,0,0,1,0,0,0,0,0,0,0,0,0,0,0,0,0,0,0,0,0,0,0,0,0,0,0,1,0,0,0,0,0,0,0,0,0,0,0,0,0,0,0,1,0
2021-11-17,PROD_004,New Balance Fresh Foam X 1080v12,Running,Zapatillas Running,75,False,2,73.99,147.98,73.03333333333333,1.0269283432222729,0,0,0,0,0,0,0,0,0,0,0,0,0,1,0,0,0,0,0,0,0,0,0,0,0,0,1,0,0,0,0,0,0,0,0,0,0,0,0,0,0,0,1,0
2021-11-17,PROD_005,Nike Dri-FIT Miler,Running,Ropa Running,35,False,2,35.43,70.86,34.800000000000004,1.0057471264367814,0,0,0,0,0,0,0,0,0,0,0,0,0,0,0,1,0,0,0,0,0,0,0,0,0,0,1,0,0,0,0,0,0,0,0,0,0,0,0,0,0,1,0,0
2021-11-17,PROD_006,Adidas Own The Run Jacket,Running,Ropa Running,65,False,2,63.45,126.9,63.52666666666667,1.0231923601637107,1,0,0,0,0,0,0,0,0,0,0,0,0,0,0,0,0,0,0,0,0,0,0,0,0,0,1,0,0,0,0,0,0,0,0,0,0,0,0,0,0,1,0,0
2021-11-17,PROD_007,Puma Velocity Nitro 2,Running,Zapatillas Running,70,False,2,69.41,138.82,69.38333333333334,1.0088878212827288,0,0,0,0,0,0,0,0,0,0,0,0,0,0,0,0,1,0,0,0,0,0,0,0,0,0,1,0,0,0,0,0,0,0,0,0,0,0,0,0,0,0,1,0
2021-11-17,PROD_008,Reebok Floatride Energy 5,Running,Zapatillas Running,65,False,2,64.27,128.54,63.13333333333333,1.0295670538542767,0,0,0,0,0,0,0,0,0,0,0,0,0,0,0,0,0,0,1,0,0,0,0,0,0,0,1,0,0,0,0,0,0,0,0,0,0,0,0,0,0,0,1,0
2021-11-17,PROD_009,Bowflex SelectTech 552,Fitness,Mancuernas Ajustables,400,True,2,406.93,813.86,347.42,1.1513441943469,0,0,0,1,0,0,0,0,0,0,0,0,0,0,0,0,0,0,0,0,0,0,0,0,1,0,0,0,0,0,0,0,0,0,0,1,0,0,0,0,0,0,0,0
2021-11-17,PROD_010,Domyos BM900,Fitness,Banco Gimnasio,175,True,2,179.3,358.6,162.4,1.0775862068965516,0,0,0,0,0,0,1,0,0,0,0,0,0,0,0,0,0,0,0,0,0,0,0,0,1,0,0,0,1,0,0,0,0,0,0,0,0,0,0,0,0,0,0,0
2021-11-17,PROD_011,Reebok Professional Deck,Fitness,Esterilla Fitness,45,False,3,44.67,134.01,42.416666666666664,1.0609037328094304,0,0,0,0,0,0,0,0,0,0,0,0,0,0,0,0,0,0,0,1,0,0,0,0,1,0,0,0,0,0,0,0,0,1,0,0,0,0,0,0,0,0,0,0
2021-11-17,PROD_012,Domyos Kit Mancuernas 20kg,Fitness,Pesas Casa,55,False,4,54.63,218.52,55.34666666666667,0.993736449048422,0,0,0,0,0,0,0,1,0,0,0,0,0,0,0,0,0,0,0,0,0,0,0,0,1,0,0,0,0,0,0,0,0,0,0,0,0,0,1,0,0,0,0,0
2021-11-17,PROD_013,Decathlon Bandas Elásticas Set,Fitness,Bandas Elásticas,25,False,3,25.2,75.6,24.263333333333335,1.0303613133672207,0,0,0,0,0,1,0,0,0,0,0,0,0,0,0,0,0,0,0,0,0,0,0,0,1,0,0,0,0,1,0,0,0,0,0,0,0,0,0,0,0,0,0,0
2021-11-17,PROD_014,Sveltus Kettlebell 12kg,Fitness,Pesa Rusa,40,False,2,40.4,80.8,36.78333333333333,1.0874490258269145,0,0,0,0,0,0,0,0,0,0,0,0,0,0,0,0,0,0,0,0,0,1,0,0,1,0,0,0,0,0,0,0,0,0,0,0,0,1,0,0,0,0,0,0
2021-11-17,PROD_015,Salomon Speedcross 5 GTX,Outdoor,Zapatillas Trail,150,True,3,154.19,462.57,136.22333333333333,1.101132943450706,0,0,0,0,0,0,0,0,0,0,0,0,0,0,0,0,0,0,0,0,1,0,0,0,0,1,0,0,0,0,0,0,0,0,0,0,0,0,0,0,0,0,0,1
2021-11-17,PROD_016,Trek Marlin 7,Outdoor,Bicicleta Montaña,830,True,3,810.35,2431.05,746.9633333333335,1.11116565293254,0,0,0,0,0,0,0,0,0,0,0,0,0,0,0,0,0,0,0,0,0,0,0,1,0,1,0,0,0,0,1,0,0,0,0,0,0,0,0,0,0,0,0,0
2021-11-17,PROD_017,The North Face Borealis,Outdoor,Mochila Trekking,95,False,2,96.61,193.22,89.27,1.0641872969642658,0,0,0,0,0,0,0,0,0,0,0,0,0,0,0,0,0,0,0,0,0,0,1,0,0,1,0,0,0,0,0,0,0,0,0,0,1,0,0,0,0,0,0,0
2021-11-17,PROD_018,Columbia Silver Ridge,Outdoor,Ropa Montaña,70,False,2,69.41,138.82,66.60666666666667,1.0509458512661396,0,0,0,0,1,0,0,0,0,0,0,0,0,0,0,0,0,0,0,0,0,0,0,0,0,1,0,0,0,0,0,0,0,0,0,0,0,0,0,0,1,0,0,0
2021-11-17,PROD_019,Merrell Moab 2 GTX,Outdoor,Zapatillas Trail,110,False,1,113.01,113.01,105.98,1.037931685223627,0,0,0,0,0,0,0,0,0,0,0,0,1,0,0,0,0,0,0,0,0,0,0,0,0,1,0,0,0,0,0,0,0,0,0,0,0,0,0,0,0,0,0,1
2021-11-17,PROD_020,Quechua MH500,Outdoor,Ropa Montaña,80,False,2,79.8,159.6,76.82000000000001,1.0413954699297057,0,0,0,0,0,0,0,0,0,0,0,0,0,0,0,0,0,1,0,0,0,0,0,0,0,1,0,0,0,0,0,0,0,0,0,0,0,0,0,0,1,0,0,0
2021-11-17,PROD_021,Manduka PRO Yoga Mat,Wellness,Esterilla Yoga,130,True,4,127.73,510.92,117.81666666666666,1.103409251662187,0,0,0,0,0,0,0,0,0,0,0,1,0,0,0,0,0,0,0,0,0,0,0,0,0,0,0,1,0,0,0,0,0,0,1,0,0,0,0,0,0,0,0,0
2021-11-17,PROD_022,Gaiam Premium Yoga Block,Wellness,Bloque Yoga,20,False,1,19.46,19.46,19.38,1.0319917440660475,0,0,0,0,0,0,0,0,1,0,0,0,0,0,0,0,0,0,0,0,0,0,0,0,0,0,0,1,0,0,0,1,0,0,0,0,0,0,0,0,0,0,0,0
2021-11-17,PROD_023,Liforme Yoga Pad,Wellness,Rodillera Yoga,35,False,1,35.56,35.56,33.63666666666666,1.0405311663858885,0,0,0,0,0,0,0,0,0,1,0,0,0,0,0,0,0,0,0,0,0,0,0,0,0,0,0,1,0,0,0,0,0,0,0,0,0,0,0,1,0,0,0,0
2021-11-17,PROD_024,Lotuscrafts Yoga Bolster,Wellness,Cojín Yoga,50,False,1,51.05,51.05,49.21,1.016053647632595,0,0,0,0,0,0,0,0,0,0,1,0,0,0,0,0,0,0,0,0,0,0,0,0,0,0,0,1,0,0,0,0,1,0,0,0,0,0,0,0,0,0,0,0
2021-11-18,PROD_001,Nike Air Zoom Pegasus 40,Running,Zapatillas Running,115,True,9,113.01,1017.09,97.34333333333332,1.1813854740951273,0,0,0,0,0,0,0,0,0,0,0,0,0,0,1,0,0,0,0,0,0,0,0,0,0,0,1,0,0,0,0,0,0,0,0,0,0,0,0,0,0,0,1,0
2021-11-18,PROD_002,Adidas Ultraboost 23,Running,Zapatillas Running,135,True,11,138.08,1518.88,114.32333333333332,1.180861299822142,0,1,0,0,0,0,0,0,0,0,0,0,0,0,0,0,0,0,0,0,0,0,0,0,0,0,1,0,0,0,0,0,0,0,0,0,0,0,0,0,0,0,1,0
2021-11-18,PROD_003,Asics Gel Nimbus 25,Running,Zapatillas Running,85,False,3,83.55,250.65,80.81666666666666,1.0517632501546712,0,0,1,0,0,0,0,0,0,0,0,0,0,0,0,0,0,0,0,0,0,0,0,0,0,0,1,0,0,0,0,0,0,0,0,0,0,0,0,0,0,0,1,0
2021-11-18,PROD_004,New Balance Fresh Foam X 1080v12,Running,Zapatillas Running,75,False,3,74.08,222.24,73.82666666666667,1.0158930828968755,0,0,0,0,0,0,0,0,0,0,0,0,0,1,0,0,0,0,0,0,0,0,0,0,0,0,1,0,0,0,0,0,0,0,0,0,0,0,0,0,0,0,1,0
2021-11-18,PROD_005,Nike Dri-FIT Miler,Running,Ropa Running,35,False,3,34.24,102.72,34.43666666666667,1.0163585325718711,0,0,0,0,0,0,0,0,0,0,0,0,0,0,0,1,0,0,0,0,0,0,0,0,0,0,1,0,0,0,0,0,0,0,0,0,0,0,0,0,0,1,0,0
2021-11-18,PROD_006,Adidas Own The Run Jacket,Running,Ropa Running,65,False,2,64.28,128.56,64.69333333333333,1.0047403132728772,1,0,0,0,0,0,0,0,0,0,0,0,0,0,0,0,0,0,0,0,0,0,0,0,0,0,1,0,0,0,0,0,0,0,0,0,0,0,0,0,0,1,0,0
2021-11-18,PROD_007,Puma Velocity Nitro 2,Running,Zapatillas Running,70,False,2,70.61,141.22,67.77999999999999,1.0327530244910006,0,0,0,0,0,0,0,0,0,0,0,0,0,0,0,0,1,0,0,0,0,0,0,0,0,0,1,0,0,0,0,0,0,0,0,0,0,0,0,0,0,0,1,0
2021-11-18,PROD_008,Reebok Floatride Energy 5,Running,Zapatillas Running,65,False,2,63.83,127.66,62.093333333333334,1.046811251878892,0,0,0,0,0,0,0,0,0,0,0,0,0,0,0,0,0,0,1,0,0,0,0,0,0,0,1,0,0,0,0,0,0,0,0,0,0,0,0,0,0,0,1,0
2021-11-18,PROD_009,Bowflex SelectTech 552,Fitness,Mancuernas Ajustables,400,True,2,409.37,818.74,353.2866666666667,1.1322250108504897,0,0,0,1,0,0,0,0,0,0,0,0,0,0,0,0,0,0,0,0,0,0,0,0,1,0,0,0,0,0,0,0,0,0,0,1,0,0,0,0,0,0,0,0
2021-11-18,PROD_010,Domyos BM900,Fitness,Banco Gimnasio,175,True,2,170.36,340.72,162.32333333333335,1.0780951598661108,0,0,0,0,0,0,1,0,0,0,0,0,0,0,0,0,0,0,0,0,0,0,0,0,1,0,0,0,1,0,0,0,0,0,0,0,0,0,0,0,0,0,0,0
2021-11-18,PROD_011,Reebok Professional Deck,Fitness,Esterilla Fitness,45,False,3,43.95,131.85,41.88,1.0744985673352434,0,0,0,0,0,0,0,0,0,0,0,0,0,0,0,0,0,0,0,1,0,0,0,0,1,0,0,0,0,0,0,0,0,1,0,0,0,0,0,0,0,0,0,0
2021-11-18,PROD_012,Domyos Kit Mancuernas 20kg,Fitness,Pesas Casa,55,False,3,56.11,168.33,53.843333333333334,1.0214820776326379,0,0,0,0,0,0,0,1,0,0,0,0,0,0,0,0,0,0,0,0,0,0,0,0,1,0,0,0,0,0,0,0,0,0,0,0,0,0,1,0,0,0,0,0
2021-11-18,PROD_013,Decathlon Bandas Elásticas Set,Fitness,Bandas Elásticas,25,False,2,24.27,48.54,23.84,1.0486577181208054,0,0,0,0,0,1,0,0,0,0,0,0,0,0,0,0,0,0,0,0,0,0,0,0,1,0,0,0,0,1,0,0,0,0,0,0,0,0,0,0,0,0,0,0
2021-11-18,PROD_014,Sveltus Kettlebell 12kg,Fitness,Pesa Rusa,40,False,2,38.85,77.7,40.21,0.9947774185525988,0,0,0,0,0,0,0,0,0,0,0,0,0,0,0,0,0,0,0,0,0,1,0,0,1,0,0,0,0,0,0,0,0,0,0,0,0,1,0,0,0,0,0,0
2021-11-18,PROD_015,Salomon Speedcross 5 GTX,Outdoor,Zapatillas Trail,150,True,3,146.62,439.86,136.29333333333332,1.1005674036392097,0,0,0,0,0,0,0,0,0,0,0,0,0,0,0,0,0,0,0,0,1,0,0,0,0,1,0,0,0,0,0,0,0,0,0,0,0,0,0,0,0,0,0,1
2021-11-18,PROD_016,Trek Marlin 7,Outdoor,Bicicleta Montaña,830,True,2,825.23,1650.46,737.13,1.1259886315846594,0,0,0,0,0,0,0,0,0,0,0,0,0,0,0,0,0,0,0,0,0,0,0,1,0,1,0,0,0,0,1,0,0,0,0,0,0,0,0,0,0,0,0,0
2021-11-18,PROD_017,The North Face Borealis,Outdoor,Mochila Trekking,95,False,2,95.18,190.36,94.09666666666668,1.0096000566793013,0,0,0,0,0,0,0,0,0,0,0,0,0,0,0,0,0,0,0,0,0,0,1,0,0,1,0,0,0,0,0,0,0,0,0,0,1,0,0,0,0,0,0,0
2021-11-18,PROD_018,Columbia Silver Ridge,Outdoor,Ropa Montaña,70,False,2,69.85,139.7,68.08,1.028202115158637,0,0,0,0,1,0,0,0,0,0,0,0,0,0,0,0,0,0,0,0,0,0,0,0,0,1,0,0,0,0,0,0,0,0,0,0,0,0,0,0,1,0,0,0
2021-11-18,PROD_019,Merrell Moab 2 GTX,Outdoor,Zapatillas Trail,110,False,2,113.06,226.12,107.41333333333334,1.0240814299900693,0,0,0,0,0,0,0,0,0,0,0,0,1,0,0,0,0,0,0,0,0,0,0,0,0,1,0,0,0,0,0,0,0,0,0,0,0,0,0,0,0,0,0,1
2021-11-18,PROD_020,Quechua MH500,Outdoor,Ropa Montaña,80,False,2,79.1,158.2,74.36000000000001,1.0758472296933834,0,0,0,0,0,0,0,0,0,0,0,0,0,0,0,0,0,1,0,0,0,0,0,0,0,1,0,0,0,0,0,0,0,0,0,0,0,0,0,0,1,0,0,0
2021-11-18,PROD_021,Manduka PRO Yoga Mat,Wellness,Esterilla Yoga,130,True,4,132.14,528.56,117.52333333333333,1.106163315086366,0,0,0,0,0,0,0,0,0,0,0,1,0,0,0,0,0,0,0,0,0,0,0,0,0,0,0,1,0,0,0,0,0,0,1,0,0,0,0,0,0,0,0,0
2021-11-18,PROD_022,Gaiam Premium Yoga Block,Wellness,Bloque Yoga,20,False,2,20.57,41.14,18.873333333333335,1.0596962204168137,0,0,0,0,0,0,0,0,1,0,0,0,0,0,0,0,0,0,0,0,0,0,0,0,0,0,0,1,0,0,0,1,0,0,0,0,0,0,0,0,0,0,0,0
2021-11-18,PROD_023,Liforme Yoga Pad,Wellness,Rodillera Yoga,35,False,1,34.21,34.21,33.38666666666666,1.0483226837060704,0,0,0,0,0,0,0,0,0,1,0,0,0,0,0,0,0,0,0,0,0,0,0,0,0,0,0,1,0,0,0,0,0,0,0,0,0,0,0,1,0,0,0,0
2021-11-18,PROD_024,Lotuscrafts Yoga Bolster,Wellness,Cojín Yoga,50,False,1,49.3,49.3,48.27333333333333,1.0357685402568706,0,0,0,0,0,0,0,0,0,0,1,0,0,0,0,0,0,0,0,0,0,0,0,0,0,0,0,1,0,0,0,0,1,0,0,0,0,0,0,0,0,0,0,0
2021-11-19,PROD_001,Nike Air Zoom Pegasus 40,Running,Zapatillas Running,115,True,14,111.67,1563.38,97.22333333333334,1.1828436246442897,0,0,0,0,0,0,0,0,0,0,0,0,0,0,1,0,0,0,0,0,0,0,0,0,0,0,1,0,0,0,0,0,0,0,0,0,0,0,0,0,0,0,1,0
2021-11-19,PROD_002,Adidas Ultraboost 23,Running,Zapatillas Running,135,True,9,135.15,1216.35,113.68,1.1875439831104855,0,1,0,0,0,0,0,0,0,0,0,0,0,0,0,0,0,0,0,0,0,0,0,0,0,0,1,0,0,0,0,0,0,0,0,0,0,0,0,0,0,0,1,0
2021-11-19,PROD_003,Asics Gel Nimbus 25,Running,Zapatillas Running,85,False,3,84.23,252.69,80.65333333333334,1.0538932054885104,0,0,1,0,0,0,0,0,0,0,0,0,0,0,0,0,0,0,0,0,0,0,0,0,0,0,1,0,0,0,0,0,0,0,0,0,0,0,0,0,0,0,1,0
2021-11-19,PROD_004,New Balance Fresh Foam X 1080v12,Running,Zapatillas Running,75,False,2,77.13,154.26,72.44333333333334,1.035291952330557,0,0,0,0,0,0,0,0,0,0,0,0,0,1,0,0,0,0,0,0,0,0,0,0,0,0,1,0,0,0,0,0,0,0,0,0,0,0,0,0,0,0,1,0
2021-11-19,PROD_005,Nike Dri-FIT Miler,Running,Ropa Running,35,False,3,35.73,107.19,34.099999999999994,1.026392961876833,0,0,0,0,0,0,0,0,0,0,0,0,0,0,0,1,0,0,0,0,0,0,0,0,0,0,1,0,0,0,0,0,0,0,0,0,0,0,0,0,0,1,0,0
2021-11-19,PROD_006,Adidas Own The Run Jacket,Running,Ropa Running,65,False,3,64.84,194.52,64.06666666666666,1.0145681581685744,1,0,0,0,0,0,0,0,0,0,0,0,0,0,0,0,0,0,0,0,0,0,0,0,0,0,1,0,0,0,0,0,0,0,0,0,0,0,0,0,0,1,0,0
2021-11-19,PROD_007,Puma Velocity Nitro 2,Running,Zapatillas Running,70,False,2,69.57,139.14,68.61666666666667,1.0201603109059993,0,0,0,0,0,0,0,0,0,0,0,0,0,0,0,0,1,0,0,0,0,0,0,0,0,0,1,0,0,0,0,0,0,0,0,0,0,0,0,0,0,0,1,0
2021-11-19,PROD_008,Reebok Floatride Energy 5,Running,Zapatillas Running,65,False,2,63.94,127.88,61.49,1.0570824524312896,0,0,0,0,0,0,0,0,0,0,0,0,0,0,0,0,0,0,1,0,0,0,0,0,0,0,1,0,0,0,0,0,0,0,0,0,0,0,0,0,0,0,1,0
2021-11-19,PROD_009,Bowflex SelectTech 552,Fitness,Mancuernas Ajustables,400,True,3,393.92,1181.76,347.68333333333334,1.1504721729543166,0,0,0,1,0,0,0,0,0,0,0,0,0,0,0,0,0,0,0,0,0,0,0,0,1,0,0,0,0,0,0,0,0,0,0,1,0,0,0,0,0,0,0,0
2021-11-19,PROD_010,Domyos BM900,Fitness,Banco Gimnasio,175,True,2,174.73,349.46,162.58666666666667,1.076349024110218,0,0,0,0,0,0,1,0,0,0,0,0,0,0,0,0,0,0,0,0,0,0,0,0,1,0,0,0,1,0,0,0,0,0,0,0,0,0,0,0,0,0,0,0
2021-11-19,PROD_011,Reebok Professional Deck,Fitness,Esterilla Fitness,45,False,4,43.81,175.24,43.59666666666667,1.0321890052756326,0,0,0,0,0,0,0,0,0,0,0,0,0,0,0,0,0,0,0,1,0,0,0,0,1,0,0,0,0,0,0,0,0,1,0,0,0,0,0,0,0,0,0,0
2021-11-19,PROD_012,Domyos Kit Mancuernas 20kg,Fitness,Pesas Casa,55,False,4,53.6,214.4,54.303333333333335,1.012829169480081,0,0,0,0,0,0,0,1,0,0,0,0,0,0,0,0,0,0,0,0,0,0,0,0,1,0,0,0,0,0,0,0,0,0,0,0,0,0,1,0,0,0,0,0
2021-11-19,PROD_013,Decathlon Bandas Elásticas Set,Fitness,Bandas Elásticas,25,False,3,24.8,74.4,24.513333333333335,1.0198531411476746,0,0,0,0,0,1,0,0,0,0,0,0,0,0,0,0,0,0,0,0,0,0,0,0,1,0,0,0,0,1,0,0,0,0,0,0,0,0,0,0,0,0,0,0
2021-11-19,PROD_014,Sveltus Kettlebell 12kg,Fitness,Pesa Rusa,40,False,3,39.14,117.42,39.656666666666666,1.0086576447843993,0,0,0,0,0,0,0,0,0,0,0,0,0,0,0,0,0,0,0,0,0,1,0,0,1,0,0,0,0,0,0,0,0,0,0,0,0,1,0,0,0,0,0,0
2021-11-19,PROD_015,Salomon Speedcross 5 GTX,Outdoor,Zapatillas Trail,150,True,4,151.1,604.4,136.69333333333336,1.097346859149434,0,0,0,0,0,0,0,0,0,0,0,0,0,0,0,0,0,0,0,0,1,0,0,0,0,1,0,0,0,0,0,0,0,0,0,0,0,0,0,0,0,0,0,1
2021-11-19,PROD_016,Trek Marlin 7,Outdoor,Bicicleta Montaña,830,True,4,812.42,3249.68,742.3333333333334,1.1180960933991917,0,0,0,0,0,0,0,0,0,0,0,0,0,0,0,0,0,0,0,0,0,0,0,1,0,1,0,0,0,0,1,0,0,0,0,0,0,0,0,0,0,0,0,0
2021-11-19,PROD_017,The North Face Borealis,Outdoor,Mochila Trekking,95,False,2,96.77,193.54,92.18333333333334,1.030555053335744,0,0,0,0,0,0,0,0,0,0,0,0,0,0,0,0,0,0,0,0,0,0,1,0,0,1,0,0,0,0,0,0,0,0,0,0,1,0,0,0,0,0,0,0
2021-11-19,PROD_018,Columbia Silver Ridge,Outdoor,Ropa Montaña,70,False,2,70.73,141.46,65.23,1.0731258623332822,0,0,0,0,1,0,0,0,0,0,0,0,0,0,0,0,0,0,0,0,0,0,0,0,0,1,0,0,0,0,0,0,0,0,0,0,0,0,0,0,1,0,0,0
2021-11-19,PROD_019,Merrell Moab 2 GTX,Outdoor,Zapatillas Trail,110,False,2,108.42,216.84,107.39,1.0243039389142379,0,0,0,0,0,0,0,0,0,0,0,0,1,0,0,0,0,0,0,0,0,0,0,0,0,1,0,0,0,0,0,0,0,0,0,0,0,0,0,0,0,0,0,1
2021-11-19,PROD_020,Quechua MH500,Outdoor,Ropa Montaña,80,False,2,78.99,157.98,75.45666666666666,1.0602111587224456,0,0,0,0,0,0,0,0,0,0,0,0,0,0,0,0,0,1,0,0,0,0,0,0,0,1,0,0,0,0,0,0,0,0,0,0,0,0,0,0,1,0,0,0
2021-11-19,PROD_021,Manduka PRO Yoga Mat,Wellness,Esterilla Yoga,130,True,5,129.77,648.85,117.98333333333333,1.1018505438621273,0,0,0,0,0,0,0,0,0,0,0,1,0,0,0,0,0,0,0,0,0,0,0,0,0,0,0,1,0,0,0,0,0,0,1,0,0,0,0,0,0,0,0,0
2021-11-19,PROD_022,Gaiam Premium Yoga Block,Wellness,Bloque Yoga,20,False,2,19.47,38.94,19.933333333333334,1.0033444816053512,0,0,0,0,0,0,0,0,1,0,0,0,0,0,0,0,0,0,0,0,0,0,0,0,0,0,0,1,0,0,0,1,0,0,0,0,0,0,0,0,0,0,0,0
2021-11-19,PROD_023,Liforme Yoga Pad,Wellness,Rodillera Yoga,35,False,1,34.26,34.26,33.38666666666666,1.0483226837060704,0,0,0,0,0,0,0,0,0,1,0,0,0,0,0,0,0,0,0,0,0,0,0,0,0,0,0,1,0,0,0,0,0,0,0,0,0,0,0,1,0,0,0,0
2021-11-19,PROD_024,Lotuscrafts Yoga Bolster,Wellness,Cojín Yoga,50,False,1,51.37,51.37,48.82333333333333,1.024100498395576,0,0,0,0,0,0,0,0,0,0,1,0,0,0,0,0,0,0,0,0,0,0,0,0,0,0,0,1,0,0,0,0,1,0,0,0,0,0,0,0,0,0,0,0
2021-11-20,PROD_001,Nike Air Zoom Pegasus 40,Running,Zapatillas Running,115,True,13,115.2,1497.6,95.38333333333333,1.2056613664162155,0,0,0,0,0,0,0,0,0,0,0,0,0,0,1,0,0,0,0,0,0,0,0,0,0,0,1,0,0,0,0,0,0,0,0,0,0,0,0,0,0,0,1,0
2021-11-20,PROD_002,Adidas Ultraboost 23,Running,Zapatillas Running,135,True,10,136.45,1364.5,113.07333333333334,1.1939154530982843,0,1,0,0,0,0,0,0,0,0,0,0,0,0,0,0,0,0,0,0,0,0,0,0,0,0,1,0,0,0,0,0,0,0,0,0,0,0,0,0,0,0,1,0
2021-11-20,PROD_003,Asics Gel Nimbus 25,Running,Zapatillas Running,85,False,4,82.84,331.36,82.36999999999999,1.0319291004006315,0,0,1,0,0,0,0,0,0,0,0,0,0,0,0,0,0,0,0,0,0,0,0,0,0,0,1,0,0,0,0,0,0,0,0,0,0,0,0,0,0,0,1,0
2021-11-20,PROD_004,New Balance Fresh Foam X 1080v12,Running,Zapatillas Running,75,False,3,74.82,224.46,73.19333333333334,1.024683486656344,0,0,0,0,0,0,0,0,0,0,0,0,0,1,0,0,0,0,0,0,0,0,0,0,0,0,1,0,0,0,0,0,0,0,0,0,0,0,0,0,0,0,1,0
2021-11-20,PROD_005,Nike Dri-FIT Miler,Running,Ropa Running,35,False,3,35.1,105.3,33.196666666666665,1.0543227231649765,0,0,0,0,0,0,0,0,0,0,0,0,0,0,0,1,0,0,0,0,0,0,0,0,0,0,1,0,0,0,0,0,0,0,0,0,0,0,0,0,0,1,0,0
2021-11-20,PROD_006,Adidas Own The Run Jacket,Running,Ropa Running,65,False,3,63.7,191.1,60.893333333333324,1.0674403328224218,1,0,0,0,0,0,0,0,0,0,0,0,0,0,0,0,0,0,0,0,0,0,0,0,0,0,1,0,0,0,0,0,0,0,0,0,0,0,0,0,0,1,0,0
2021-11-20,PROD_007,Puma Velocity Nitro 2,Running,Zapatillas Running,70,False,3,69.77,209.31,67.47666666666667,1.0373956429382996,0,0,0,0,0,0,0,0,0,0,0,0,0,0,0,0,1,0,0,0,0,0,0,0,0,0,1,0,0,0,0,0,0,0,0,0,0,0,0,0,0,0,1,0
2021-11-20,PROD_008,Reebok Floatride Energy 5,Running,Zapatillas Running,65,False,3,63.99,191.97,62.84666666666667,1.0342632863052932,0,0,0,0,0,0,0,0,0,0,0,0,0,0,0,0,0,0,1,0,0,0,0,0,0,0,1,0,0,0,0,0,0,0,0,0,0,0,0,0,0,0,1,0
2021-11-20,PROD_009,Bowflex SelectTech 552,Fitness,Mancuernas Ajustables,400,True,2,411.06,822.12,349.74666666666667,1.1436849529183029,0,0,0,1,0,0,0,0,0,0,0,0,0,0,0,0,0,0,0,0,0,0,0,0,1,0,0,0,0,0,0,0,0,0,0,1,0,0,0,0,0,0,0,0
2021-11-20,PROD_010,Domyos BM900,Fitness,Banco Gimnasio,175,True,3,172.48,517.44,160.88000000000002,1.0877672799602187,0,0,0,0,0,0,1,0,0,0,0,0,0,0,0,0,0,0,0,0,0,0,0,0,1,0,0,0,1,0,0,0,0,0,0,0,0,0,0,0,0,0,0,0
2021-11-20,PROD_011,Reebok Professional Deck,Fitness,Esterilla Fitness,45,False,4,44.83,179.32,44.31333333333333,1.0154957123514368,0,0,0,0,0,0,0,0,0,0,0,0,0,0,0,0,0,0,0,1,0,0,0,0,1,0,0,0,0,0,0,0,0,1,0,0,0,0,0,0,0,0,0,0
2021-11-20,PROD_012,Domyos Kit Mancuernas 20kg,Fitness,Pesas Casa,55,False,4,55.4,221.6,52.910000000000004,1.0395010395010393,0,0,0,0,0,0,0,1,0,0,0,0,0,0,0,0,0,0,0,0,0,0,0,0,1,0,0,0,0,0,0,0,0,0,0,0,0,0,1,0,0,0,0,0
2021-11-20,PROD_013,Decathlon Bandas Elásticas Set,Fitness,Bandas Elásticas,25,False,4,25.72,102.88,24.0,1.0416666666666667,0,0,0,0,0,1,0,0,0,0,0,0,0,0,0,0,0,0,0,0,0,0,0,0,1,0,0,0,0,1,0,0,0,0,0,0,0,0,0,0,0,0,0,0
2021-11-20,PROD_014,Sveltus Kettlebell 12kg,Fitness,Pesa Rusa,40,False,3,40.98,122.94,38.346666666666664,1.0431154381084842,0,0,0,0,0,0,0,0,0,0,0,0,0,0,0,0,0,0,0,0,0,1,0,0,1,0,0,0,0,0,0,0,0,0,0,0,0,1,0,0,0,0,0,0
2021-11-20,PROD_015,Salomon Speedcross 5 GTX,Outdoor,Zapatillas Trail,150,True,4,153.99,615.96,137.40666666666667,1.0916500897578962,0,0,0,0,0,0,0,0,0,0,0,0,0,0,0,0,0,0,0,0,1,0,0,0,0,1,0,0,0,0,0,0,0,0,0,0,0,0,0,0,0,0,0,1
2021-11-20,PROD_016,Trek Marlin 7,Outdoor,Bicicleta Montaña,830,True,3,853.77,2561.31,750.2566666666667,1.106288070304829,0,0,0,0,0,0,0,0,0,0,0,0,0,0,0,0,0,0,0,0,0,0,0,1,0,1,0,0,0,0,1,0,0,0,0,0,0,0,0,0,0,0,0,0
2021-11-20,PROD_017,The North Face Borealis,Outdoor,Mochila Trekking,95,False,3,96.47,289.41,93.29666666666667,1.0182571724606095,0,0,0,0,0,0,0,0,0,0,0,0,0,0,0,0,0,0,0,0,0,0,1,0,0,1,0,0,0,0,0,0,0,0,0,0,1,0,0,0,0,0,0,0
2021-11-20,PROD_018,Columbia Silver Ridge,Outdoor,Ropa Montaña,70,False,2,70.92,141.84,67.65333333333332,1.0346866377611355,0,0,0,0,1,0,0,0,0,0,0,0,0,0,0,0,0,0,0,0,0,0,0,0,0,1,0,0,0,0,0,0,0,0,0,0,0,0,0,0,1,0,0,0
2021-11-20,PROD_019,Merrell Moab 2 GTX,Outdoor,Zapatillas Trail,110,False,3,108.33,324.99,109.59333333333332,1.0037106879980535,0,0,0,0,0,0,0,0,0,0,0,0,1,0,0,0,0,0,0,0,0,0,0,0,0,1,0,0,0,0,0,0,0,0,0,0,0,0,0,0,0,0,0,1
2021-11-20,PROD_020,Quechua MH500,Outdoor,Ropa Montaña,80,False,3,78.38,235.14,77.45666666666666,1.0328355639712528,0,0,0,0,0,0,0,0,0,0,0,0,0,0,0,0,0,1,0,0,0,0,0,0,0,1,0,0,0,0,0,0,0,0,0,0,0,0,0,0,1,0,0,0
2021-11-20,PROD_021,Manduka PRO Yoga Mat,Wellness,Esterilla Yoga,130,True,5,130.51,652.55,115.78000000000002,1.1228191397477973,0,0,0,0,0,0,0,0,0,0,0,1,0,0,0,0,0,0,0,0,0,0,0,0,0,0,0,1,0,0,0,0,0,0,1,0,0,0,0,0,0,0,0,0
2021-11-20,PROD_022,Gaiam Premium Yoga Block,Wellness,Bloque Yoga,20,False,2,19.41,38.82,19.656666666666666,1.0174665083940988,0,0,0,0,0,0,0,0,1,0,0,0,0,0,0,0,0,0,0,0,0,0,0,0,0,0,0,1,0,0,0,1,0,0,0,0,0,0,0,0,0,0,0,0
2021-11-20,PROD_023,Liforme Yoga Pad,Wellness,Rodillera Yoga,35,False,2,33.97,67.94,33.37,1.0488462691039857,0,0,0,0,0,0,0,0,0,1,0,0,0,0,0,0,0,0,0,0,0,0,0,0,0,0,0,1,0,0,0,0,0,0,0,0,0,0,0,1,0,0,0,0
2021-11-20,PROD_024,Lotuscrafts Yoga Bolster,Wellness,Cojín Yoga,50,False,1,49.19,49.19,46.85,1.0672358591248665,0,0,0,0,0,0,0,0,0,0,1,0,0,0,0,0,0,0,0,0,0,0,0,0,0,0,0,1,0,0,0,0,1,0,0,0,0,0,0,0,0,0,0,0
2021-11-21,PROD_001,Nike Air Zoom Pegasus 40,Running,Zapatillas Running,115,True,10,115.93,1159.3,95.92666666666666,1.1988324414483287,0,0,0,0,0,0,0,0,0,0,0,0,0,0,1,0,0,0,0,0,0,0,0,0,0,0,1,0,0,0,0,0,0,0,0,0,0,0,0,0,0,0,1,0
2021-11-21,PROD_002,Adidas Ultraboost 23,Running,Zapatillas Running,135,True,9,137.82,1240.38,113.16333333333334,1.1929659194674365,0,1,0,0,0,0,0,0,0,0,0,0,0,0,0,0,0,0,0,0,0,0,0,0,0,0,1,0,0,0,0,0,0,0,0,0,0,0,0,0,0,0,1,0
2021-11-21,PROD_003,Asics Gel Nimbus 25,Running,Zapatillas Running,85,False,3,86.17,258.51,81.7,1.040391676866585,0,0,1,0,0,0,0,0,0,0,0,0,0,0,0,0,0,0,0,0,0,0,0,0,0,0,1,0,0,0,0,0,0,0,0,0,0,0,0,0,0,0,1,0
2021-11-21,PROD_004,New Balance Fresh Foam X 1080v12,Running,Zapatillas Running,75,False,2,72.88,145.76,72.61333333333333,1.0328681601175176,0,0,0,0,0,0,0,0,0,0,0,0,0,1,0,0,0,0,0,0,0,0,0,0,0,0,1,0,0,0,0,0,0,0,0,0,0,0,0,0,0,0,1,0
2021-11-21,PROD_005,Nike Dri-FIT Miler,Running,Ropa Running,35,False,2,34.96,69.92,33.43333333333333,1.0468594217347957,0,0,0,0,0,0,0,0,0,0,0,0,0,0,0,1,0,0,0,0,0,0,0,0,0,0,1,0,0,0,0,0,0,0,0,0,0,0,0,0,0,1,0,0
2021-11-21,PROD_006,Adidas Own The Run Jacket,Running,Ropa Running,65,False,2,64.18,128.36,63.63666666666666,1.0214237075061547,1,0,0,0,0,0,0,0,0,0,0,0,0,0,0,0,0,0,0,0,0,0,0,0,0,0,1,0,0,0,0,0,0,0,0,0,0,0,0,0,0,1,0,0
2021-11-21,PROD_007,Puma Velocity Nitro 2,Running,Zapatillas Running,70,False,2,69.57,139.14,67.84,1.0318396226415094,0,0,0,0,0,0,0,0,0,0,0,0,0,0,0,0,1,0,0,0,0,0,0,0,0,0,1,0,0,0,0,0,0,0,0,0,0,0,0,0,0,0,1,0
2021-11-21,PROD_008,Reebok Floatride Energy 5,Running,Zapatillas Running,65,False,2,65.99,131.98,65.46,0.9929728078215705,0,0,0,0,0,0,0,0,0,0,0,0,0,0,0,0,0,0,1,0,0,0,0,0,0,0,1,0,0,0,0,0,0,0,0,0,0,0,0,0,0,0,1,0
2021-11-21,PROD_009,Bowflex SelectTech 552,Fitness,Mancuernas Ajustables,400,True,2,410.04,820.08,352.8833333333334,1.1335191045199073,0,0,0,1,0,0,0,0,0,0,0,0,0,0,0,0,0,0,0,0,0,0,0,0,1,0,0,0,0,0,0,0,0,0,0,1,0,0,0,0,0,0,0,0
2021-11-21,PROD_010,Domyos BM900,Fitness,Banco Gimnasio,175,True,2,173.5,347.0,160.8033333333333,1.088285897887689,0,0,0,0,0,0,1,0,0,0,0,0,0,0,0,0,0,0,0,0,0,0,0,0,1,0,0,0,1,0,0,0,0,0,0,0,0,0,0,0,0,0,0,0
2021-11-21,PROD_011,Reebok Professional Deck,Fitness,Esterilla Fitness,45,False,3,45.78,137.34,44.88333333333333,1.0025993316004456,0,0,0,0,0,0,0,0,0,0,0,0,0,0,0,0,0,0,0,1,0,0,0,0,1,0,0,0,0,0,0,0,0,1,0,0,0,0,0,0,0,0,0,0
2021-11-21,PROD_012,Domyos Kit Mancuernas 20kg,Fitness,Pesas Casa,55,False,3,54.53,163.59,51.4,1.0700389105058365,0,0,0,0,0,0,0,1,0,0,0,0,0,0,0,0,0,0,0,0,0,0,0,0,1,0,0,0,0,0,0,0,0,0,0,0,0,0,1,0,0,0,0,0
2021-11-21,PROD_013,Decathlon Bandas Elásticas Set,Fitness,Bandas Elásticas,25,False,3,25.23,75.69,23.886666666666667,1.0466089868825006,0,0,0,0,0,1,0,0,0,0,0,0,0,0,0,0,0,0,0,0,0,0,0,0,1,0,0,0,0,1,0,0,0,0,0,0,0,0,0,0,0,0,0,0
2021-11-21,PROD_014,Sveltus Kettlebell 12kg,Fitness,Pesa Rusa,40,False,3,41.0,123.0,39.910000000000004,1.0022550739163116,0,0,0,0,0,0,0,0,0,0,0,0,0,0,0,0,0,0,0,0,0,1,0,0,1,0,0,0,0,0,0,0,0,0,0,0,0,1,0,0,0,0,0,0
2021-11-21,PROD_015,Salomon Speedcross 5 GTX,Outdoor,Zapatillas Trail,150,True,3,146.42,439.26,137.26,1.092816552528049,0,0,0,0,0,0,0,0,0,0,0,0,0,0,0,0,0,0,0,0,1,0,0,0,0,1,0,0,0,0,0,0,0,0,0,0,0,0,0,0,0,0,0,1
2021-11-21,PROD_016,Trek Marlin 7,Outdoor,Bicicleta Montaña,830,True,3,807.04,2421.12,748.1366666666667,1.1094229663920585,0,0,0,0,0,0,0,0,0,0,0,0,0,0,0,0,0,0,0,0,0,0,0,1,0,1,0,0,0,0,1,0,0,0,0,0,0,0,0,0,0,0,0,0
2021-11-21,PROD_017,The North Face Borealis,Outdoor,Mochila Trekking,95,False,2,92.36,184.72,92.87,1.022935285883493,0,0,0,0,0,0,0,0,0,0,0,0,0,0,0,0,0,0,0,0,0,0,1,0,0,1,0,0,0,0,0,0,0,0,0,0,1,0,0,0,0,0,0,0
2021-11-21,PROD_018,Columbia Silver Ridge,Outdoor,Ropa Montaña,70,False,2,69.09,138.18,65.63,1.066585403016913,0,0,0,0,1,0,0,0,0,0,0,0,0,0,0,0,0,0,0,0,0,0,0,0,0,1,0,0,0,0,0,0,0,0,0,0,0,0,0,0,1,0,0,0
2021-11-21,PROD_019,Merrell Moab 2 GTX,Outdoor,Zapatillas Trail,110,False,2,112.97,225.94,102.25333333333333,1.0757595514408658,0,0,0,0,0,0,0,0,0,0,0,0,1,0,0,0,0,0,0,0,0,0,0,0,0,1,0,0,0,0,0,0,0,0,0,0,0,0,0,0,0,0,0,1
2021-11-21,PROD_020,Quechua MH500,Outdoor,Ropa Montaña,80,False,2,80.38,160.76,76.60333333333334,1.044340977329098,0,0,0,0,0,0,0,0,0,0,0,0,0,0,0,0,0,1,0,0,0,0,0,0,0,1,0,0,0,0,0,0,0,0,0,0,0,0,0,0,1,0,0,0
2021-11-21,PROD_021,Manduka PRO Yoga Mat,Wellness,Esterilla Yoga,130,True,4,130.13,520.52,116.77,1.1132996488824185,0,0,0,0,0,0,0,0,0,0,0,1,0,0,0,0,0,0,0,0,0,0,0,0,0,0,0,1,0,0,0,0,0,0,1,0,0,0,0,0,0,0,0,0
2021-11-21,PROD_022,Gaiam Premium Yoga Block,Wellness,Bloque Yoga,20,False,2,19.82,39.64,19.92,1.004016064257028,0,0,0,0,0,0,0,0,1,0,0,0,0,0,0,0,0,0,0,0,0,0,0,0,0,0,0,1,0,0,0,1,0,0,0,0,0,0,0,0,0,0,0,0
2021-11-21,PROD_023,Liforme Yoga Pad,Wellness,Rodillera Yoga,35,False,2,35.83,71.66,34.486666666666665,1.0148849797023005,0,0,0,0,0,0,0,0,0,1,0,0,0,0,0,0,0,0,0,0,0,0,0,0,0,0,0,1,0,0,0,0,0,0,0,0,0,0,0,1,0,0,0,0
2021-11-21,PROD_024,Lotuscrafts Yoga Bolster,Wellness,Cojín Yoga,50,False,1,49.93,49.93,48.10666666666666,1.0393569844789359,0,0,0,0,0,0,0,0,0,0,1,0,0,0,0,0,0,0,0,0,0,0,0,0,0,0,0,1,0,0,0,0,1,0,0,0,0,0,0,0,0,0,0,0
2021-11-22,PROD_001,Nike Air Zoom Pegasus 40,Running,Zapatillas Running,115,True,11,114.98,1264.78,94.78666666666668,1.2132508088338725,0,0,0,0,0,0,0,0,0,0,0,0,0,0,1,0,0,0,0,0,0,0,0,0,0,0,1,0,0,0,0,0,0,0,0,0,0,0,0,0,0,0,1,0
2021-11-22,PROD_002,Adidas Ultraboost 23,Running,Zapatillas Running,135,True,8,132.46,1059.68,113.12333333333333,1.1933877478857884,0,1,0,0,0,0,0,0,0,0,0,0,0,0,0,0,0,0,0,0,0,0,0,0,0,0,1,0,0,0,0,0,0,0,0,0,0,0,0,0,0,0,1,0
2021-11-22,PROD_003,Asics Gel Nimbus 25,Running,Zapatillas Running,85,False,2,84.14,168.28,81.33999999999999,1.0449963117777232,0,0,1,0,0,0,0,0,0,0,0,0,0,0,0,0,0,0,0,0,0,0,0,0,0,0,1,0,0,0,0,0,0,0,0,0,0,0,0,0,0,0,1,0
2021-11-22,PROD_004,New Balance Fresh Foam X 1080v12,Running,Zapatillas Running,75,False,3,73.07,219.21,72.89666666666666,1.0288536284237964,0,0,0,0,0,0,0,0,0,0,0,0,0,1,0,0,0,0,0,0,0,0,0,0,0,0,1,0,0,0,0,0,0,0,0,0,0,0,0,0,0,0,1,0
2021-11-22,PROD_005,Nike Dri-FIT Miler,Running,Ropa Running,35,False,2,34.09,68.18,33.45,1.046337817638266,0,0,0,0,0,0,0,0,0,0,0,0,0,0,0,1,0,0,0,0,0,0,0,0,0,0,1,0,0,0,0,0,0,0,0,0,0,0,0,0,0,1,0,0
2021-11-22,PROD_006,Adidas Own The Run Jacket,Running,Ropa Running,65,False,2,64.65,129.3,63.65333333333333,1.021156263091747,1,0,0,0,0,0,0,0,0,0,0,0,0,0,0,0,0,0,0,0,0,0,0,0,0,0,1,0,0,0,0,0,0,0,0,0,0,0,0,0,0,1,0,0
2021-11-22,PROD_007,Puma Velocity Nitro 2,Running,Zapatillas Running,70,False,2,71.31,142.62,68.46,1.0224948875255624,0,0,0,0,0,0,0,0,0,0,0,0,0,0,0,0,1,0,0,0,0,0,0,0,0,0,1,0,0,0,0,0,0,0,0,0,0,0,0,0,0,0,1,0
2021-11-22,PROD_008,Reebok Floatride Energy 5,Running,Zapatillas Running,65,False,2,65.76,131.52,64.35666666666667,1.0099963743719893,0,0,0,0,0,0,0,0,0,0,0,0,0,0,0,0,0,0,1,0,0,0,0,0,0,0,1,0,0,0,0,0,0,0,0,0,0,0,0,0,0,0,1,0
2021-11-22,PROD_009,Bowflex SelectTech 552,Fitness,Mancuernas Ajustables,400,True,2,406.51,813.02,344.98333333333335,1.1594763032030533,0,0,0,1,0,0,0,0,0,0,0,0,0,0,0,0,0,0,0,0,0,0,0,0,1,0,0,0,0,0,0,0,0,0,0,1,0,0,0,0,0,0,0,0
2021-11-22,PROD_010,Domyos BM900,Fitness,Banco Gimnasio,175,True,2,178.95,357.9,162.56333333333333,1.0765035165781542,0,0,0,0,0,0,1,0,0,0,0,0,0,0,0,0,0,0,0,0,0,0,0,0,1,0,0,0,1,0,0,0,0,0,0,0,0,0,0,0,0,0,0,0
2021-11-22,PROD_011,Reebok Professional Deck,Fitness,Esterilla Fitness,45,False,3,45.11,135.33,43.696666666666665,1.0298268365245251,0,0,0,0,0,0,0,0,0,0,0,0,0,0,0,0,0,0,0,1,0,0,0,0,1,0,0,0,0,0,0,0,0,1,0,0,0,0,0,0,0,0,0,0
2021-11-22,PROD_012,Domyos Kit Mancuernas 20kg,Fitness,Pesas Casa,55,False,3,53.47,160.41,54.01333333333334,1.0182670945445567,0,0,0,0,0,0,0,1,0,0,0,0,0,0,0,0,0,0,0,0,0,0,0,0,1,0,0,0,0,0,0,0,0,0,0,0,0,0,1,0,0,0,0,0
2021-11-22,PROD_013,Decathlon Bandas Elásticas Set,Fitness,Bandas Elásticas,25,False,3,24.44,73.32,24.343333333333334,1.0269752156647953,0,0,0,0,0,1,0,0,0,0,0,0,0,0,0,0,0,0,0,0,0,0,0,0,1,0,0,0,0,1,0,0,0,0,0,0,0,0,0,0,0,0,0,0
2021-11-22,PROD_014,Sveltus Kettlebell 12kg,Fitness,Pesa Rusa,40,False,2,38.93,77.86,38.0,1.0526315789473684,0,0,0,0,0,0,0,0,0,0,0,0,0,0,0,0,0,0,0,0,0,1,0,0,1,0,0,0,0,0,0,0,0,0,0,0,0,1,0,0,0,0,0,0
2021-11-22,PROD_015,Salomon Speedcross 5 GTX,Outdoor,Zapatillas Trail,150,True,3,154.26,462.78,134.85000000000002,1.1123470522803112,0,0,0,0,0,0,0,0,0,0,0,0,0,0,0,0,0,0,0,0,1,0,0,0,0,1,0,0,0,0,0,0,0,0,0,0,0,0,0,0,0,0,0,1
2021-11-22,PROD_016,Trek Marlin 7,Outdoor,Bicicleta Montaña,830,True,2,820.24,1640.48,734.43,1.1301281265743504,0,0,0,0,0,0,0,0,0,0,0,0,0,0,0,0,0,0,0,0,0,0,0,1,0,1,0,0,0,0,1,0,0,0,0,0,0,0,0,0,0,0,0,0
2021-11-22,PROD_017,The North Face Borealis,Outdoor,Mochila Trekking,95,False,2,93.46,186.92,92.49666666666667,1.0270640383437242,0,0,0,0,0,0,0,0,0,0,0,0,0,0,0,0,0,0,0,0,0,0,1,0,0,1,0,0,0,0,0,0,0,0,0,0,1,0,0,0,0,0,0,0
2021-11-22,PROD_018,Columbia Silver Ridge,Outdoor,Ropa Montaña,70,False,2,71.46,142.92,66.66333333333334,1.050052502625131,0,0,0,0,1,0,0,0,0,0,0,0,0,0,0,0,0,0,0,0,0,0,0,0,0,1,0,0,0,0,0,0,0,0,0,0,0,0,0,0,1,0,0,0
2021-11-22,PROD_019,Merrell Moab 2 GTX,Outdoor,Zapatillas Trail,110,False,2,109.49,218.98,105.63333333333333,1.0413379615020513,0,0,0,0,0,0,0,0,0,0,0,0,1,0,0,0,0,0,0,0,0,0,0,0,0,1,0,0,0,0,0,0,0,0,0,0,0,0,0,0,0,0,0,1
2021-11-22,PROD_020,Quechua MH500,Outdoor,Ropa Montaña,80,False,1,81.02,81.02,74.52,1.0735373054213635,0,0,0,0,0,0,0,0,0,0,0,0,0,0,0,0,0,1,0,0,0,0,0,0,0,1,0,0,0,0,0,0,0,0,0,0,0,0,0,0,1,0,0,0
2021-11-22,PROD_021,Manduka PRO Yoga Mat,Wellness,Esterilla Yoga,130,True,4,132.47,529.88,118.27333333333333,1.0991488642128404,0,0,0,0,0,0,0,0,0,0,0,1,0,0,0,0,0,0,0,0,0,0,0,0,0,0,0,1,0,0,0,0,0,0,1,0,0,0,0,0,0,0,0,0
2021-11-22,PROD_022,Gaiam Premium Yoga Block,Wellness,Bloque Yoga,20,False,1,20.48,20.48,19.459999999999997,1.0277492291880783,0,0,0,0,0,0,0,0,1,0,0,0,0,0,0,0,0,0,0,0,0,0,0,0,0,0,0,1,0,0,0,1,0,0,0,0,0,0,0,0,0,0,0,0
2021-11-22,PROD_023,Liforme Yoga Pad,Wellness,Rodillera Yoga,35,False,1,35.64,35.64,34.92,1.002290950744559,0,0,0,0,0,0,0,0,0,1,0,0,0,0,0,0,0,0,0,0,0,0,0,0,0,0,0,1,0,0,0,0,0,0,0,0,0,0,0,1,0,0,0,0
2021-11-22,PROD_024,Lotuscrafts Yoga Bolster,Wellness,Cojín Yoga,50,False,1,50.48,50.48,48.74666666666667,1.0257111597374178,0,0,0,0,0,0,0,0,0,0,1,0,0,0,0,0,0,0,0,0,0,0,0,0,0,0,0,1,0,0,0,0,1,0,0,0,0,0,0,0,0,0,0,0
2021-11-23,PROD_001,Nike Air Zoom Pegasus 40,Running,Zapatillas Running,115,True,12,112.09,1345.08,89.32,1.2875055978504255,0,0,0,0,0,0,0,0,0,0,0,0,0,0,1,0,0,0,0,0,0,0,0,0,0,0,1,0,0,0,0,0,0,0,0,0,0,0,0,0,0,0,1,0
2021-11-23,PROD_002,Adidas Ultraboost 23,Running,Zapatillas Running,135,True,12,132.31,1587.72,106.01999999999998,1.273344651952462,0,1,0,0,0,0,0,0,0,0,0,0,0,0,0,0,0,0,0,0,0,0,0,0,0,0,1,0,0,0,0,0,0,0,0,0,0,0,0,0,0,0,1,0
2021-11-23,PROD_003,Asics Gel Nimbus 25,Running,Zapatillas Running,85,False,3,86.43,259.29,81.13666666666667,1.0476151349574792,0,0,1,0,0,0,0,0,0,0,0,0,0,0,0,0,0,0,0,0,0,0,0,0,0,0,1,0,0,0,0,0,0,0,0,0,0,0,0,0,0,0,1,0
2021-11-23,PROD_004,New Balance Fresh Foam X 1080v12,Running,Zapatillas Running,75,False,3,72.94,218.82,73.21666666666665,1.0243569314819032,0,0,0,0,0,0,0,0,0,0,0,0,0,1,0,0,0,0,0,0,0,0,0,0,0,0,1,0,0,0,0,0,0,0,0,0,0,0,0,0,0,0,1,0
2021-11-23,PROD_005,Nike Dri-FIT Miler,Running,Ropa Running,35,False,2,34.51,69.02,34.15,1.0248901903367498,0,0,0,0,0,0,0,0,0,0,0,0,0,0,0,1,0,0,0,0,0,0,0,0,0,0,1,0,0,0,0,0,0,0,0,0,0,0,0,0,0,1,0,0
2021-11-23,PROD_006,Adidas Own The Run Jacket,Running,Ropa Running,65,False,3,65.84,197.52,62.953333333333326,1.032510854601292,1,0,0,0,0,0,0,0,0,0,0,0,0,0,0,0,0,0,0,0,0,0,0,0,0,0,1,0,0,0,0,0,0,0,0,0,0,0,0,0,0,1,0,0
2021-11-23,PROD_007,Puma Velocity Nitro 2,Running,Zapatillas Running,70,False,3,71.09,213.27,65.63000000000001,1.0665854030169128,0,0,0,0,0,0,0,0,0,0,0,0,0,0,0,0,1,0,0,0,0,0,0,0,0,0,1,0,0,0,0,0,0,0,0,0,0,0,0,0,0,0,1,0
2021-11-23,PROD_008,Reebok Floatride Energy 5,Running,Zapatillas Running,65,False,2,65.03,130.06,63.083333333333336,1.0303830911492735,0,0,0,0,0,0,0,0,0,0,0,0,0,0,0,0,0,0,1,0,0,0,0,0,0,0,1,0,0,0,0,0,0,0,0,0,0,0,0,0,0,0,1,0
2021-11-23,PROD_009,Bowflex SelectTech 552,Fitness,Mancuernas Ajustables,400,True,2,396.86,793.72,318.75,1.2549019607843137,0,0,0,1,0,0,0,0,0,0,0,0,0,0,0,0,0,0,0,0,0,0,0,0,1,0,0,0,0,0,0,0,0,0,0,1,0,0,0,0,0,0,0,0
2021-11-23,PROD_010,Domyos BM900,Fitness,Banco Gimnasio,175,True,3,174.6,523.8,150.8166666666667,1.1603492098574426,0,0,0,0,0,0,1,0,0,0,0,0,0,0,0,0,0,0,0,0,0,0,0,0,1,0,0,0,1,0,0,0,0,0,0,0,0,0,0,0,0,0,0,0
2021-11-23,PROD_011,Reebok Professional Deck,Fitness,Esterilla Fitness,45,False,4,46.14,184.56,43.173333333333325,1.042310067943175,0,0,0,0,0,0,0,0,0,0,0,0,0,0,0,0,0,0,0,1,0,0,0,0,1,0,0,0,0,0,0,0,0,1,0,0,0,0,0,0,0,0,0,0
2021-11-23,PROD_012,Domyos Kit Mancuernas 20kg,Fitness,Pesas Casa,55,False,5,56.19,280.95,53.839999999999996,1.0215453194650819,0,0,0,0,0,0,0,1,0,0,0,0,0,0,0,0,0,0,0,0,0,0,0,0,1,0,0,0,0,0,0,0,0,0,0,0,0,0,1,0,0,0,0,0
2021-11-23,PROD_013,Decathlon Bandas Elásticas Set,Fitness,Bandas Elásticas,25,False,4,24.66,98.64,25.55333333333333,0.9783459431254893,0,0,0,0,0,1,0,0,0,0,0,0,0,0,0,0,0,0,0,0,0,0,0,0,1,0,0,0,0,1,0,0,0,0,0,0,0,0,0,0,0,0,0,0
2021-11-23,PROD_014,Sveltus Kettlebell 12kg,Fitness,Pesa Rusa,40,False,4,39.63,158.52,38.916666666666664,1.0278372591006424,0,0,0,0,0,0,0,0,0,0,0,0,0,0,0,0,0,0,0,0,0,1,0,0,1,0,0,0,0,0,0,0,0,0,0,0,0,1,0,0,0,0,0,0
2021-11-23,PROD_015,Salomon Speedcross 5 GTX,Outdoor,Zapatillas Trail,150,True,3,148.52,445.56,127.33999999999999,1.1779487984922257,0,0,0,0,0,0,0,0,0,0,0,0,0,0,0,0,0,0,0,0,1,0,0,0,0,1,0,0,0,0,0,0,0,0,0,0,0,0,0,0,0,0,0,1
2021-11-23,PROD_016,Trek Marlin 7,Outdoor,Bicicleta Montaña,830,True,3,833.09,2499.27,686.4233333333333,1.2091663550675726,0,0,0,0,0,0,0,0,0,0,0,0,0,0,0,0,0,0,0,0,0,0,0,1,0,1,0,0,0,0,1,0,0,0,0,0,0,0,0,0,0,0,0,0
2021-11-23,PROD_017,The North Face Borealis,Outdoor,Mochila Trekking,95,False,2,97.55,195.1,92.10666666666667,1.0314128546612622,0,0,0,0,0,0,0,0,0,0,0,0,0,0,0,0,0,0,0,0,0,0,1,0,0,1,0,0,0,0,0,0,0,0,0,0,1,0,0,0,0,0,0,0
2021-11-23,PROD_018,Columbia Silver Ridge,Outdoor,Ropa Montaña,70,False,2,68.58,137.16,66.00333333333333,1.060552497348619,0,0,0,0,1,0,0,0,0,0,0,0,0,0,0,0,0,0,0,0,0,0,0,0,0,1,0,0,0,0,0,0,0,0,0,0,0,0,0,0,1,0,0,0
2021-11-23,PROD_019,Merrell Moab 2 GTX,Outdoor,Zapatillas Trail,110,False,2,111.89,223.78,111.68666666666667,0.9848982271831911,0,0,0,0,0,0,0,0,0,0,0,0,1,0,0,0,0,0,0,0,0,0,0,0,0,1,0,0,0,0,0,0,0,0,0,0,0,0,0,0,0,0,0,1
2021-11-23,PROD_020,Quechua MH500,Outdoor,Ropa Montaña,80,False,3,77.72,233.16,80.32,0.9960159362549802,0,0,0,0,0,0,0,0,0,0,0,0,0,0,0,0,0,1,0,0,0,0,0,0,0,1,0,0,0,0,0,0,0,0,0,0,0,0,0,0,1,0,0,0
2021-11-23,PROD_021,Manduka PRO Yoga Mat,Wellness,Esterilla Yoga,130,True,4,132.64,530.56,109.25333333333333,1.1898950451549914,0,0,0,0,0,0,0,0,0,0,0,1,0,0,0,0,0,0,0,0,0,0,0,0,0,0,0,1,0,0,0,0,0,0,1,0,0,0,0,0,0,0,0,0
2021-11-23,PROD_022,Gaiam Premium Yoga Block,Wellness,Bloque Yoga,20,False,2,19.68,39.36,18.62666666666667,1.073729420186113,0,0,0,0,0,0,0,0,1,0,0,0,0,0,0,0,0,0,0,0,0,0,0,0,0,0,0,1,0,0,0,1,0,0,0,0,0,0,0,0,0,0,0,0
2021-11-23,PROD_023,Liforme Yoga Pad,Wellness,Rodillera Yoga,35,False,2,35.43,70.86,32.35666666666666,1.0816936231585454,0,0,0,0,0,0,0,0,0,1,0,0,0,0,0,0,0,0,0,0,0,0,0,0,0,0,0,1,0,0,0,0,0,0,0,0,0,0,0,1,0,0,0,0
2021-11-23,PROD_024,Lotuscrafts Yoga Bolster,Wellness,Cojín Yoga,50,False,2,51.4,102.8,50.70333333333334,0.9861284596673459,0,0,0,0,0,0,0,0,0,0,1,0,0,0,0,0,0,0,0,0,0,0,0,0,0,0,0,1,0,0,0,0,1,0,0,0,0,0,0,0,0,0,0,0
2021-11-24,PROD_001,Nike Air Zoom Pegasus 40,Running,Zapatillas Running,115,True,14,111.91,1566.74,87.97333333333334,1.3072143073658682,0,0,0,0,0,0,0,0,0,0,0,0,0,0,1,0,0,0,0,0,0,0,0,0,0,0,1,0,0,0,0,0,0,0,0,0,0,0,0,0,0,0,1,0
2021-11-24,PROD_002,Adidas Ultraboost 23,Running,Zapatillas Running,135,True,9,137.94,1241.46,105.86,1.2752692235027394,0,1,0,0,0,0,0,0,0,0,0,0,0,0,0,0,0,0,0,0,0,0,0,0,0,0,1,0,0,0,0,0,0,0,0,0,0,0,0,0,0,0,1,0
2021-11-24,PROD_003,Asics Gel Nimbus 25,Running,Zapatillas Running,85,False,3,83.36,250.08,84.71666666666668,1.003344481605351,0,0,1,0,0,0,0,0,0,0,0,0,0,0,0,0,0,0,0,0,0,0,0,0,0,0,1,0,0,0,0,0,0,0,0,0,0,0,0,0,0,0,1,0
2021-11-24,PROD_004,New Balance Fresh Foam X 1080v12,Running,Zapatillas Running,75,False,4,74.53,298.12,74.67,1.004419445560466,0,0,0,0,0,0,0,0,0,0,0,0,0,1,0,0,0,0,0,0,0,0,0,0,0,0,1,0,0,0,0,0,0,0,0,0,0,0,0,0,0,0,1,0
2021-11-24,PROD_005,Nike Dri-FIT Miler,Running,Ropa Running,35,False,3,34.23,102.69,35.29666666666667,0.991595051468505,0,0,0,0,0,0,0,0,0,0,0,0,0,0,0,1,0,0,0,0,0,0,0,0,0,0,1,0,0,0,0,0,0,0,0,0,0,0,0,0,0,1,0,0
2021-11-24,PROD_006,Adidas Own The Run Jacket,Running,Ropa Running,65,False,2,66.45,132.9,62.616666666666674,1.0380622837370241,1,0,0,0,0,0,0,0,0,0,0,0,0,0,0,0,0,0,0,0,0,0,0,0,0,0,1,0,0,0,0,0,0,0,0,0,0,0,0,0,0,1,0,0
2021-11-24,PROD_007,Puma Velocity Nitro 2,Running,Zapatillas Running,70,False,2,70.73,141.46,68.80333333333333,1.0173925681895257,0,0,0,0,0,0,0,0,0,0,0,0,0,0,0,0,1,0,0,0,0,0,0,0,0,0,1,0,0,0,0,0,0,0,0,0,0,0,0,0,0,0,1,0
2021-11-24,PROD_008,Reebok Floatride Energy 5,Running,Zapatillas Running,65,False,3,65.49,196.47,62.833333333333336,1.0344827586206897,0,0,0,0,0,0,0,0,0,0,0,0,0,0,0,0,0,0,1,0,0,0,0,0,0,0,1,0,0,0,0,0,0,0,0,0,0,0,0,0,0,0,1,0
2021-11-24,PROD_009,Bowflex SelectTech 552,Fitness,Mancuernas Ajustables,400,True,2,401.72,803.44,320.54,1.2478941785736568,0,0,0,1,0,0,0,0,0,0,0,0,0,0,0,0,0,0,0,0,0,0,0,0,1,0,0,0,0,0,0,0,0,0,0,1,0,0,0,0,0,0,0,0
2021-11-24,PROD_010,Domyos BM900,Fitness,Banco Gimnasio,175,True,2,172.77,345.54,151.14,1.1578668783908959,0,0,0,0,0,0,1,0,0,0,0,0,0,0,0,0,0,0,0,0,0,0,0,0,1,0,0,0,1,0,0,0,0,0,0,0,0,0,0,0,0,0,0,0
2021-11-24,PROD_011,Reebok Professional Deck,Fitness,Esterilla Fitness,45,False,5,44.48,222.4,44.836666666666666,1.0036428518325775,0,0,0,0,0,0,0,0,0,0,0,0,0,0,0,0,0,0,0,1,0,0,0,0,1,0,0,0,0,0,0,0,0,1,0,0,0,0,0,0,0,0,0,0
2021-11-24,PROD_012,Domyos Kit Mancuernas 20kg,Fitness,Pesas Casa,55,False,4,54.45,217.8,55.51666666666667,0.9906934854398077,0,0,0,0,0,0,0,1,0,0,0,0,0,0,0,0,0,0,0,0,0,0,0,0,1,0,0,0,0,0,0,0,0,0,0,0,0,0,1,0,0,0,0,0
2021-11-24,PROD_013,Decathlon Bandas Elásticas Set,Fitness,Bandas Elásticas,25,False,3,25.35,76.05,24.80666666666667,1.0077936038699273,0,0,0,0,0,1,0,0,0,0,0,0,0,0,0,0,0,0,0,0,0,0,0,0,1,0,0,0,0,1,0,0,0,0,0,0,0,0,0,0,0,0,0,0
2021-11-24,PROD_014,Sveltus Kettlebell 12kg,Fitness,Pesa Rusa,40,False,3,40.68,122.04,39.38,1.015744032503809,0,0,0,0,0,0,0,0,0,0,0,0,0,0,0,0,0,0,0,0,0,1,0,0,1,0,0,0,0,0,0,0,0,0,0,0,0,1,0,0,0,0,0,0
2021-11-24,PROD_015,Salomon Speedcross 5 GTX,Outdoor,Zapatillas Trail,150,True,4,148.07,592.28,128.18333333333334,1.170198933818749,0,0,0,0,0,0,0,0,0,0,0,0,0,0,0,0,0,0,0,0,1,0,0,0,0,1,0,0,0,0,0,0,0,0,0,0,0,0,0,0,0,0,0,1
2021-11-24,PROD_016,Trek Marlin 7,Outdoor,Bicicleta Montaña,830,True,2,821.66,1643.32,689.2133333333335,1.2042715366311347,0,0,0,0,0,0,0,0,0,0,0,0,0,0,0,0,0,0,0,0,0,0,0,1,0,1,0,0,0,0,1,0,0,0,0,0,0,0,0,0,0,0,0,0
2021-11-24,PROD_017,The North Face Borealis,Outdoor,Mochila Trekking,95,False,3,92.47,277.41,92.95666666666666,1.0219815684727651,0,0,0,0,0,0,0,0,0,0,0,0,0,0,0,0,0,0,0,0,0,0,1,0,0,1,0,0,0,0,0,0,0,0,0,0,1,0,0,0,0,0,0,0
2021-11-24,PROD_018,Columbia Silver Ridge,Outdoor,Ropa Montaña,70,False,2,70.6,141.2,67.96,1.0300176574455564,0,0,0,0,1,0,0,0,0,0,0,0,0,0,0,0,0,0,0,0,0,0,0,0,0,1,0,0,0,0,0,0,0,0,0,0,0,0,0,0,1,0,0,0
2021-11-24,PROD_019,Merrell Moab 2 GTX,Outdoor,Zapatillas Trail,110,False,2,111.13,222.26,109.09666666666668,1.0082801185492987,0,0,0,0,0,0,0,0,0,0,0,0,1,0,0,0,0,0,0,0,0,0,0,0,0,1,0,0,0,0,0,0,0,0,0,0,0,0,0,0,0,0,0,1
2021-11-24,PROD_020,Quechua MH500,Outdoor,Ropa Montaña,80,False,2,79.61,159.22,76.55,1.0450685826257349,0,0,0,0,0,0,0,0,0,0,0,0,0,0,0,0,0,1,0,0,0,0,0,0,0,1,0,0,0,0,0,0,0,0,0,0,0,0,0,0,1,0,0,0
2021-11-24,PROD_021,Manduka PRO Yoga Mat,Wellness,Esterilla Yoga,130,True,4,131.96,527.84,110.76666666666667,1.173638278663858,0,0,0,0,0,0,0,0,0,0,0,1,0,0,0,0,0,0,0,0,0,0,0,0,0,0,0,1,0,0,0,0,0,0,1,0,0,0,0,0,0,0,0,0
2021-11-24,PROD_022,Gaiam Premium Yoga Block,Wellness,Bloque Yoga,20,False,2,19.73,39.46,19.616666666666664,1.0195412064570946,0,0,0,0,0,0,0,0,1,0,0,0,0,0,0,0,0,0,0,0,0,0,0,0,0,0,0,1,0,0,0,1,0,0,0,0,0,0,0,0,0,0,0,0
2021-11-24,PROD_023,Liforme Yoga Pad,Wellness,Rodillera Yoga,35,False,1,34.86,34.86,35.056666666666665,0.9983835694589712,0,0,0,0,0,0,0,0,0,1,0,0,0,0,0,0,0,0,0,0,0,0,0,0,0,0,0,1,0,0,0,0,0,0,0,0,0,0,0,1,0,0,0,0
2021-11-24,PROD_024,Lotuscrafts Yoga Bolster,Wellness,Cojín Yoga,50,False,2,51.41,102.82,46.14666666666667,1.083501878069922,0,0,0,0,0,0,0,0,0,0,1,0,0,0,0,0,0,0,0,0,0,0,0,0,0,0,0,1,0,0,0,0,1,0,0,0,0,0,0,0,0,0,0,0
2021-11-25,PROD_001,Nike Air Zoom Pegasus 40,Running,Zapatillas Running,115,True,14,112.33,1572.62,90.26333333333332,1.2740500018464493,0,0,0,0,0,0,0,0,0,0,0,0,0,0,1,0,0,0,0,0,0,0,0,0,0,0,1,0,0,0,0,0,0,0,0,0,0,0,0,0,0,0,1,0
2021-11-25,PROD_002,Adidas Ultraboost 23,Running,Zapatillas Running,135,True,9,136.66,1229.94,106.38,1.2690355329949239,0,1,0,0,0,0,0,0,0,0,0,0,0,0,0,0,0,0,0,0,0,0,0,0,0,0,1,0,0,0,0,0,0,0,0,0,0,0,0,0,0,0,1,0
2021-11-25,PROD_003,Asics Gel Nimbus 25,Running,Zapatillas Running,85,False,3,84.61,253.83,78.8,1.0786802030456852,0,0,1,0,0,0,0,0,0,0,0,0,0,0,0,0,0,0,0,0,0,0,0,0,0,0,1,0,0,0,0,0,0,0,0,0,0,0,0,0,0,0,1,0
2021-11-25,PROD_004,New Balance Fresh Foam X 1080v12,Running,Zapatillas Running,75,False,3,73.94,221.82,70.14333333333333,1.0692391769234426,0,0,0,0,0,0,0,0,0,0,0,0,0,1,0,0,0,0,0,0,0,0,0,0,0,0,1,0,0,0,0,0,0,0,0,0,0,0,0,0,0,0,1,0
2021-11-25,PROD_005,Nike Dri-FIT Miler,Running,Ropa Running,35,False,2,34.38,68.76,32.68333333333333,1.0708822029576748,0,0,0,0,0,0,0,0,0,0,0,0,0,0,0,1,0,0,0,0,0,0,0,0,0,0,1,0,0,0,0,0,0,0,0,0,0,0,0,0,0,1,0,0
2021-11-25,PROD_006,Adidas Own The Run Jacket,Running,Ropa Running,65,False,3,64.17,192.51,64.60333333333334,1.0061400340539703,1,0,0,0,0,0,0,0,0,0,0,0,0,0,0,0,0,0,0,0,0,0,0,0,0,0,1,0,0,0,0,0,0,0,0,0,0,0,0,0,0,1,0,0
2021-11-25,PROD_007,Puma Velocity Nitro 2,Running,Zapatillas Running,70,False,3,70.66,211.98,66.64333333333333,1.0503676286700345,0,0,0,0,0,0,0,0,0,0,0,0,0,0,0,0,1,0,0,0,0,0,0,0,0,0,1,0,0,0,0,0,0,0,0,0,0,0,0,0,0,0,1,0
2021-11-25,PROD_008,Reebok Floatride Energy 5,Running,Zapatillas Running,65,False,3,63.35,190.05,64.10000000000001,1.0140405616224648,0,0,0,0,0,0,0,0,0,0,0,0,0,0,0,0,0,0,1,0,0,0,0,0,0,0,1,0,0,0,0,0,0,0,0,0,0,0,0,0,0,0,1,0
2021-11-25,PROD_009,Bowflex SelectTech 552,Fitness,Mancuernas Ajustables,400,True,2,389.81,779.62,324.74666666666667,1.2317293480045985,0,0,0,1,0,0,0,0,0,0,0,0,0,0,0,0,0,0,0,0,0,0,0,0,1,0,0,0,0,0,0,0,0,0,0,1,0,0,0,0,0,0,0,0
2021-11-25,PROD_010,Domyos BM900,Fitness,Banco Gimnasio,175,True,2,170.72,341.44,152.04333333333332,1.1509876570276019,0,0,0,0,0,0,1,0,0,0,0,0,0,0,0,0,0,0,0,0,0,0,0,0,1,0,0,0,1,0,0,0,0,0,0,0,0,0,0,0,0,0,0,0
2021-11-25,PROD_011,Reebok Professional Deck,Fitness,Esterilla Fitness,45,False,5,45.27,226.35,43.71666666666667,1.0293556995806328,0,0,0,0,0,0,0,0,0,0,0,0,0,0,0,0,0,0,0,1,0,0,0,0,1,0,0,0,0,0,0,0,0,1,0,0,0,0,0,0,0,0,0,0
2021-11-25,PROD_012,Domyos Kit Mancuernas 20kg,Fitness,Pesas Casa,55,False,5,54.23,271.15,52.76333333333334,1.0423905489923557,0,0,0,0,0,0,0,1,0,0,0,0,0,0,0,0,0,0,0,0,0,0,0,0,1,0,0,0,0,0,0,0,0,0,0,0,0,0,1,0,0,0,0,0
2021-11-25,PROD_013,Decathlon Bandas Elásticas Set,Fitness,Bandas Elásticas,25,False,4,24.27,97.08,23.323333333333334,1.0718879519794198,0,0,0,0,0,1,0,0,0,0,0,0,0,0,0,0,0,0,0,0,0,0,0,0,1,0,0,0,0,1,0,0,0,0,0,0,0,0,0,0,0,0,0,0
2021-11-25,PROD_014,Sveltus Kettlebell 12kg,Fitness,Pesa Rusa,40,False,4,40.26,161.04,36.906666666666666,1.083815028901734,0,0,0,0,0,0,0,0,0,0,0,0,0,0,0,0,0,0,0,0,0,1,0,0,1,0,0,0,0,0,0,0,0,0,0,0,0,1,0,0,0,0,0,0
2021-11-25,PROD_015,Salomon Speedcross 5 GTX,Outdoor,Zapatillas Trail,150,True,3,148.32,444.96,126.8,1.1829652996845426,0,0,0,0,0,0,0,0,0,0,0,0,0,0,0,0,0,0,0,0,1,0,0,0,0,1,0,0,0,0,0,0,0,0,0,0,0,0,0,0,0,0,0,1
2021-11-25,PROD_016,Trek Marlin 7,Outdoor,Bicicleta Montaña,830,True,2,848.23,1696.46,683.87,1.2136809627560794,0,0,0,0,0,0,0,0,0,0,0,0,0,0,0,0,0,0,0,0,0,0,0,1,0,1,0,0,0,0,1,0,0,0,0,0,0,0,0,0,0,0,0,0
2021-11-25,PROD_017,The North Face Borealis,Outdoor,Mochila Trekking,95,False,2,97.55,195.1,94.2,1.0084925690021231,0,0,0,0,0,0,0,0,0,0,0,0,0,0,0,0,0,0,0,0,0,0,1,0,0,1,0,0,0,0,0,0,0,0,0,0,1,0,0,0,0,0,0,0
2021-11-25,PROD_018,Columbia Silver Ridge,Outdoor,Ropa Montaña,70,False,2,70.37,140.74,65.22333333333334,1.0732355496499206,0,0,0,0,1,0,0,0,0,0,0,0,0,0,0,0,0,0,0,0,0,0,0,0,0,1,0,0,0,0,0,0,0,0,0,0,0,0,0,0,1,0,0,0
2021-11-25,PROD_019,Merrell Moab 2 GTX,Outdoor,Zapatillas Trail,110,False,2,111.33,222.66,110.59333333333335,0.9946349990957862,0,0,0,0,0,0,0,0,0,0,0,0,1,0,0,0,0,0,0,0,0,0,0,0,0,1,0,0,0,0,0,0,0,0,0,0,0,0,0,0,0,0,0,1
2021-11-25,PROD_020,Quechua MH500,Outdoor,Ropa Montaña,80,False,3,77.67,233.01,78.60666666666667,1.0177253837672802,0,0,0,0,0,0,0,0,0,0,0,0,0,0,0,0,0,1,0,0,0,0,0,0,0,1,0,0,0,0,0,0,0,0,0,0,0,0,0,0,1,0,0,0
2021-11-25,PROD_021,Manduka PRO Yoga Mat,Wellness,Esterilla Yoga,130,True,5,130.65,653.25,108.12333333333333,1.2023306717637265,0,0,0,0,0,0,0,0,0,0,0,1,0,0,0,0,0,0,0,0,0,0,0,0,0,0,0,1,0,0,0,0,0,0,1,0,0,0,0,0,0,0,0,0
2021-11-25,PROD_022,Gaiam Premium Yoga Block,Wellness,Bloque Yoga,20,False,1,20.55,20.55,19.086666666666666,1.0478519035976248,0,0,0,0,0,0,0,0,1,0,0,0,0,0,0,0,0,0,0,0,0,0,0,0,0,0,0,1,0,0,0,1,0,0,0,0,0,0,0,0,0,0,0,0
2021-11-25,PROD_023,Liforme Yoga Pad,Wellness,Rodillera Yoga,35,False,2,34.79,69.58,33.93666666666667,1.0313328749631667,0,0,0,0,0,0,0,0,0,1,0,0,0,0,0,0,0,0,0,0,0,0,0,0,0,0,0,1,0,0,0,0,0,0,0,0,0,0,0,1,0,0,0,0
2021-11-25,PROD_024,Lotuscrafts Yoga Bolster,Wellness,Cojín Yoga,50,False,2,50.52,101.04,47.10666666666666,1.061420888763091,0,0,0,0,0,0,0,0,0,0,1,0,0,0,0,0,0,0,0,0,0,0,0,0,0,0,0,1,0,0,0,0,1,0,0,0,0,0,0,0,0,0,0,0
2021-11-26,PROD_001,Nike Air Zoom Pegasus 40,Running,Zapatillas Running,115,True,44,97.75,4301.0,92.94583333333334,1.2372797776482718,0,0,0,0,0,0,0,0,0,0,0,0,0,0,1,0,0,0,0,0,0,0,0,0,0,0,1,0,0,0,0,0,0,0,0,0,0,0,0,0,0,0,1,0
2021-11-26,PROD_002,Adidas Ultraboost 23,Running,Zapatillas Running,135,True,40,114.75,4590.0,109.75,1.2300683371298406,0,1,0,0,0,0,0,0,0,0,0,0,0,0,0,0,0,0,0,0,0,0,0,0,0,0,1,0,0,0,0,0,0,0,0,0,0,0,0,0,0,0,1,0
2021-11-26,PROD_003,Asics Gel Nimbus 25,Running,Zapatillas Running,85,False,13,72.25,939.25,73.71,1.1531678198344866,0,0,1,0,0,0,0,0,0,0,0,0,0,0,0,0,0,0,0,0,0,0,0,0,0,0,1,0,0,0,0,0,0,0,0,0,0,0,0,0,0,0,1,0
2021-11-26,PROD_004,New Balance Fresh Foam X 1080v12,Running,Zapatillas Running,75,False,12,63.75,765.0,65.08999999999999,1.1522507297587956,0,0,0,0,0,0,0,0,0,0,0,0,0,1,0,0,0,0,0,0,0,0,0,0,0,0,1,0,0,0,0,0,0,0,0,0,0,0,0,0,0,0,1,0
2021-11-26,PROD_005,Nike Dri-FIT Miler,Running,Ropa Running,35,False,11,29.75,327.25,31.123333333333335,1.1245582092749276,0,0,0,0,0,0,0,0,0,0,0,0,0,0,0,1,0,0,0,0,0,0,0,0,0,0,1,0,0,0,0,0,0,0,0,0,0,0,0,0,0,1,0,0
2021-11-26,PROD_006,Adidas Own The Run Jacket,Running,Ropa Running,65,False,12,55.25,663.0,57.95000000000001,1.1216566005176876,1,0,0,0,0,0,0,0,0,0,0,0,0,0,0,0,0,0,0,0,0,0,0,0,0,0,1,0,0,0,0,0,0,0,0,0,0,0,0,0,0,1,0,0
2021-11-26,PROD_007,Puma Velocity Nitro 2,Running,Zapatillas Running,70,False,10,59.5,595.0,61.54333333333333,1.1374099550452257,0,0,0,0,0,0,0,0,0,0,0,0,0,0,0,0,1,0,0,0,0,0,0,0,0,0,1,0,0,0,0,0,0,0,0,0,0,0,0,0,0,0,1,0
2021-11-26,PROD_008,Reebok Floatride Energy 5,Running,Zapatillas Running,65,False,8,55.25,442.0,56.71666666666667,1.1460476050543638,0,0,0,0,0,0,0,0,0,0,0,0,0,0,0,0,0,0,1,0,0,0,0,0,0,0,1,0,0,0,0,0,0,0,0,0,0,0,0,0,0,0,1,0
2021-11-26,PROD_009,Bowflex SelectTech 552,Fitness,Mancuernas Ajustables,400,True,10,360.0,3600.0,341.7,1.170617500731636,0,0,0,1,0,0,0,0,0,0,0,0,0,0,0,0,0,0,0,0,0,0,0,0,1,0,0,0,0,0,0,0,0,0,0,1,0,0,0,0,0,0,0,0
2021-11-26,PROD_010,Domyos BM900,Fitness,Banco Gimnasio,175,True,9,157.5,1417.5,155.35,1.126488574187319,0,0,0,0,0,0,1,0,0,0,0,0,0,0,0,0,0,0,0,0,0,0,0,0,1,0,0,0,1,0,0,0,0,0,0,0,0,0,0,0,0,0,0,0
2021-11-26,PROD_011,Reebok Professional Deck,Fitness,Esterilla Fitness,45,False,14,40.5,567.0,40.28333333333334,1.1170872983036821,0,0,0,0,0,0,0,0,0,0,0,0,0,0,0,0,0,0,0,1,0,0,0,0,1,0,0,0,0,0,0,0,0,1,0,0,0,0,0,0,0,0,0,0
2021-11-26,PROD_012,Domyos Kit Mancuernas 20kg,Fitness,Pesas Casa,55,False,18,49.5,891.0,47.91,1.1479858067209352,0,0,0,0,0,0,0,1,0,0,0,0,0,0,0,0,0,0,0,0,0,0,0,0,1,0,0,0,0,0,0,0,0,0,0,0,0,0,1,0,0,0,0,0
2021-11-26,PROD_013,Decathlon Bandas Elásticas Set,Fitness,Bandas Elásticas,25,False,14,22.5,315.0,21.97666666666667,1.1375701501592597,0,0,0,0,0,1,0,0,0,0,0,0,0,0,0,0,0,0,0,0,0,0,0,0,1,0,0,0,0,1,0,0,0,0,0,0,0,0,0,0,0,0,0,0
2021-11-26,PROD_014,Sveltus Kettlebell 12kg,Fitness,Pesa Rusa,40,False,14,36.0,504.0,33.65,1.188707280832095,0,0,0,0,0,0,0,0,0,0,0,0,0,0,0,0,0,0,0,0,0,1,0,0,1,0,0,0,0,0,0,0,0,0,0,0,0,1,0,0,0,0,0,0
2021-11-26,PROD_015,Salomon Speedcross 5 GTX,Outdoor,Zapatillas Trail,150,True,11,135.0,1485.0,131.29583333333332,1.1424581892037702,0,0,0,0,0,0,0,0,0,0,0,0,0,0,0,0,0,0,0,0,1,0,0,0,0,1,0,0,0,0,0,0,0,0,0,0,0,0,0,0,0,0,0,1
2021-11-26,PROD_016,Trek Marlin 7,Outdoor,Bicicleta Montaña,830,True,11,747.0,8217.0,720.7208333333333,1.1516248200586219,0,0,0,0,0,0,0,0,0,0,0,0,0,0,0,0,0,0,0,0,0,0,0,1,0,1,0,0,0,0,1,0,0,0,0,0,0,0,0,0,0,0,0,0
2021-11-26,PROD_017,The North Face Borealis,Outdoor,Mochila Trekking,95,False,9,85.5,769.5,81.71333333333332,1.1626009627151832,0,0,0,0,0,0,0,0,0,0,0,0,0,0,0,0,0,0,0,0,0,0,1,0,0,1,0,0,0,0,0,0,0,0,0,0,1,0,0,0,0,0,0,0
2021-11-26,PROD_018,Columbia Silver Ridge,Outdoor,Ropa Montaña,70,False,8,63.0,504.0,61.89333333333334,1.1309780267126237,0,0,0,0,1,0,0,0,0,0,0,0,0,0,0,0,0,0,0,0,0,0,0,0,0,1,0,0,0,0,0,0,0,0,0,0,0,0,0,0,1,0,0,0
2021-11-26,PROD_019,Merrell Moab 2 GTX,Outdoor,Zapatillas Trail,110,False,9,99.0,891.0,90.81666666666666,1.211231418608919,0,0,0,0,0,0,0,0,0,0,0,0,1,0,0,0,0,0,0,0,0,0,0,0,0,1,0,0,0,0,0,0,0,0,0,0,0,0,0,0,0,0,0,1
2021-11-26,PROD_020,Quechua MH500,Outdoor,Ropa Montaña,80,False,8,72.0,576.0,69.08333333333333,1.158021712907117,0,0,0,0,0,0,0,0,0,0,0,0,0,0,0,0,0,1,0,0,0,0,0,0,0,1,0,0,0,0,0,0,0,0,0,0,0,0,0,0,1,0,0,0
2021-11-26,PROD_021,Manduka PRO Yoga Mat,Wellness,Esterilla Yoga,130,True,14,123.5,1729.0,112.22500000000001,1.1583871686344396,0,0,0,0,0,0,0,0,0,0,0,1,0,0,0,0,0,0,0,0,0,0,0,0,0,0,0,1,0,0,0,0,0,0,1,0,0,0,0,0,0,0,0,0
2021-11-26,PROD_022,Gaiam Premium Yoga Block,Wellness,Bloque Yoga,20,False,6,19.0,114.0,17.213333333333335,1.1618900077459333,0,0,0,0,0,0,0,0,1,0,0,0,0,0,0,0,0,0,0,0,0,0,0,0,0,0,0,1,0,0,0,1,0,0,0,0,0,0,0,0,0,0,0,0
2021-11-26,PROD_023,Liforme Yoga Pad,Wellness,Rodillera Yoga,35,False,7,33.25,232.75,30.76,1.1378413524057216,0,0,0,0,0,0,0,0,0,1,0,0,0,0,0,0,0,0,0,0,0,0,0,0,0,0,0,1,0,0,0,0,0,0,0,0,0,0,0,1,0,0,0,0
2021-11-26,PROD_024,Lotuscrafts Yoga Bolster,Wellness,Cojín Yoga,50,False,7,47.5,332.5,43.48,1.1499540018399266,0,0,0,0,0,0,0,0,0,0,1,0,0,0,0,0,0,0,0,0,0,0,0,0,0,0,0,1,0,0,0,0,1,0,0,0,0,0,0,0,0,0,0,0
2021-11-27,PROD_001,Nike Air Zoom Pegasus 40,Running,Zapatillas Running,115,True,49,101.2,4958.8,97.29583333333333,1.1819622285983469,0,0,0,0,0,0,0,0,0,0,0,0,0,0,1,0,0,0,0,0,0,0,0,0,0,0,1,0,0,0,0,0,0,0,0,0,0,0,0,0,0,0,1,0
2021-11-27,PROD_002,Adidas Ultraboost 23,Running,Zapatillas Running,135,True,47,118.8,5583.6,116.05833333333334,1.1632081568176922,0,1,0,0,0,0,0,0,0,0,0,0,0,0,0,0,0,0,0,0,0,0,0,0,0,0,1,0,0,0,0,0,0,0,0,0,0,0,0,0,0,0,1,0
2021-11-27,PROD_003,Asics Gel Nimbus 25,Running,Zapatillas Running,85,False,14,74.8,1047.2,82.62333333333333,1.028765078468552,0,0,1,0,0,0,0,0,0,0,0,0,0,0,0,0,0,0,0,0,0,0,0,0,0,0,1,0,0,0,0,0,0,0,0,0,0,0,0,0,0,0,1,0
2021-11-27,PROD_004,New Balance Fresh Foam X 1080v12,Running,Zapatillas Running,75,False,13,66.0,858.0,70.94666666666666,1.057132118022928,0,0,0,0,0,0,0,0,0,0,0,0,0,1,0,0,0,0,0,0,0,0,0,0,0,0,1,0,0,0,0,0,0,0,0,0,0,0,0,0,0,0,1,0
2021-11-27,PROD_005,Nike Dri-FIT Miler,Running,Ropa Running,35,False,12,30.8,369.6,32.583333333333336,1.074168797953964,0,0,0,0,0,0,0,0,0,0,0,0,0,0,0,1,0,0,0,0,0,0,0,0,0,0,1,0,0,0,0,0,0,0,0,0,0,0,0,0,0,1,0,0
2021-11-27,PROD_006,Adidas Own The Run Jacket,Running,Ropa Running,65,False,12,57.2,686.4,62.89333333333334,1.0334958660165359,1,0,0,0,0,0,0,0,0,0,0,0,0,0,0,0,0,0,0,0,0,0,0,0,0,0,1,0,0,0,0,0,0,0,0,0,0,0,0,0,0,1,0,0
2021-11-27,PROD_007,Puma Velocity Nitro 2,Running,Zapatillas Running,70,False,11,61.6,677.6,65.78333333333333,1.064099315936154,0,0,0,0,0,0,0,0,0,0,0,0,0,0,0,0,1,0,0,0,0,0,0,0,0,0,1,0,0,0,0,0,0,0,0,0,0,0,0,0,0,0,1,0
2021-11-27,PROD_008,Reebok Floatride Energy 5,Running,Zapatillas Running,65,False,9,57.2,514.8,64.91000000000001,1.0013865352025881,0,0,0,0,0,0,0,0,0,0,0,0,0,0,0,0,0,0,1,0,0,0,0,0,0,0,1,0,0,0,0,0,0,0,0,0,0,0,0,0,0,0,1,0
2021-11-27,PROD_009,Bowflex SelectTech 552,Fitness,Mancuernas Ajustables,400,True,9,368.0,3312.0,359.2458333333334,1.1134436725083796,0,0,0,1,0,0,0,0,0,0,0,0,0,0,0,0,0,0,0,0,0,0,0,0,1,0,0,0,0,0,0,0,0,0,0,1,0,0,0,0,0,0,0,0
2021-11-27,PROD_010,Domyos BM900,Fitness,Banco Gimnasio,175,True,8,161.0,1288.0,166.25833333333333,1.0525788181043558,0,0,0,0,0,0,1,0,0,0,0,0,0,0,0,0,0,0,0,0,0,0,0,0,1,0,0,0,1,0,0,0,0,0,0,0,0,0,0,0,0,0,0,0
2021-11-27,PROD_011,Reebok Professional Deck,Fitness,Esterilla Fitness,45,False,15,41.4,621.0,44.45333333333334,1.0122975404919015,0,0,0,0,0,0,0,0,0,0,0,0,0,0,0,0,0,0,0,1,0,0,0,0,1,0,0,0,0,0,0,0,0,1,0,0,0,0,0,0,0,0,0,0
2021-11-27,PROD_012,Domyos Kit Mancuernas 20kg,Fitness,Pesas Casa,55,False,17,50.6,860.2,54.4,1.0110294117647058,0,0,0,0,0,0,0,1,0,0,0,0,0,0,0,0,0,0,0,0,0,0,0,0,1,0,0,0,0,0,0,0,0,0,0,0,0,0,1,0,0,0,0,0
2021-11-27,PROD_013,Decathlon Bandas Elásticas Set,Fitness,Bandas Elásticas,25,False,16,23.0,368.0,24.356666666666666,1.0264130286027098,0,0,0,0,0,1,0,0,0,0,0,0,0,0,0,0,0,0,0,0,0,0,0,0,1,0,0,0,0,1,0,0,0,0,0,0,0,0,0,0,0,0,0,0
2021-11-27,PROD_014,Sveltus Kettlebell 12kg,Fitness,Pesa Rusa,40,False,14,36.8,515.2,40.11333333333334,0.9971746717633371,0,0,0,0,0,0,0,0,0,0,0,0,0,0,0,0,0,0,0,0,0,1,0,0,1,0,0,0,0,0,0,0,0,0,0,0,0,1,0,0,0,0,0,0
2021-11-27,PROD_015,Salomon Speedcross 5 GTX,Outdoor,Zapatillas Trail,150,True,14,138.0,1932.0,140.6,1.0668563300142249,0,0,0,0,0,0,0,0,0,0,0,0,0,0,0,0,0,0,0,0,1,0,0,0,0,1,0,0,0,0,0,0,0,0,0,0,0,0,0,0,0,0,0,1
2021-11-27,PROD_016,Trek Marlin 7,Outdoor,Bicicleta Montaña,830,True,16,763.6,12217.6,770.9625000000001,1.0765763574752338,0,0,0,0,0,0,0,0,0,0,0,0,0,0,0,0,0,0,0,0,0,0,0,1,0,1,0,0,0,0,1,0,0,0,0,0,0,0,0,0,0,0,0,0
2021-11-27,PROD_017,The North Face Borealis,Outdoor,Mochila Trekking,95,False,9,87.4,786.6,93.32666666666667,1.0179298521322953,0,0,0,0,0,0,0,0,0,0,0,0,0,0,0,0,0,0,0,0,0,0,1,0,0,1,0,0,0,0,0,0,0,0,0,0,1,0,0,0,0,0,0,0
2021-11-27,PROD_018,Columbia Silver Ridge,Outdoor,Ropa Montaña,70,False,8,64.4,515.2,67.35333333333334,1.0392952588340096,0,0,0,0,1,0,0,0,0,0,0,0,0,0,0,0,0,0,0,0,0,0,0,0,0,1,0,0,0,0,0,0,0,0,0,0,0,0,0,0,1,0,0,0
2021-11-27,PROD_019,Merrell Moab 2 GTX,Outdoor,Zapatillas Trail,110,False,10,101.2,1012.0,111.29666666666667,0.9883494564077989,0,0,0,0,0,0,0,0,0,0,0,0,1,0,0,0,0,0,0,0,0,0,0,0,0,1,0,0,0,0,0,0,0,0,0,0,0,0,0,0,0,0,0,1
2021-11-27,PROD_020,Quechua MH500,Outdoor,Ropa Montaña,80,False,9,73.6,662.4,78.14333333333333,1.0237597577101907,0,0,0,0,0,0,0,0,0,0,0,0,0,0,0,0,0,1,0,0,0,0,0,0,0,1,0,0,0,0,0,0,0,0,0,0,0,0,0,0,1,0,0,0
2021-11-27,PROD_021,Manduka PRO Yoga Mat,Wellness,Esterilla Yoga,130,True,20,124.8,2496.0,121.55833333333334,1.0694453965860011,0,0,0,0,0,0,0,0,0,0,0,1,0,0,0,0,0,0,0,0,0,0,0,0,0,0,0,1,0,0,0,0,0,0,1,0,0,0,0,0,0,0,0,0
2021-11-27,PROD_022,Gaiam Premium Yoga Block,Wellness,Bloque Yoga,20,False,8,19.2,153.6,19.506666666666664,1.0252904989747096,0,0,0,0,0,0,0,0,1,0,0,0,0,0,0,0,0,0,0,0,0,0,0,0,0,0,0,1,0,0,0,1,0,0,0,0,0,0,0,0,0,0,0,0
2021-11-27,PROD_023,Liforme Yoga Pad,Wellness,Rodillera Yoga,35,False,6,33.6,201.6,33.96,1.0306242638398115,0,0,0,0,0,0,0,0,0,1,0,0,0,0,0,0,0,0,0,0,0,0,0,0,0,0,0,1,0,0,0,0,0,0,0,0,0,0,0,1,0,0,0,0
2021-11-27,PROD_024,Lotuscrafts Yoga Bolster,Wellness,Cojín Yoga,50,False,7,48.0,336.0,49.20666666666667,1.016122476629183,0,0,0,0,0,0,0,0,0,0,1,0,0,0,0,0,0,0,0,0,0,0,0,0,0,0,0,1,0,0,0,0,1,0,0,0,0,0,0,0,0,0,0,0
2021-11-28,PROD_001,Nike Air Zoom Pegasus 40,Running,Zapatillas Running,115,True,36,101.2,3643.2,97.66666666666667,1.1774744027303754,0,0,0,0,0,0,0,0,0,0,0,0,0,0,1,0,0,0,0,0,0,0,0,0,0,0,1,0,0,0,0,0,0,0,0,0,0,0,0,0,0,0,1,0
2021-11-28,PROD_002,Adidas Ultraboost 23,Running,Zapatillas Running,135,True,50,118.8,5940.0,115.10000000000001,1.1728931364031276,0,1,0,0,0,0,0,0,0,0,0,0,0,0,0,0,0,0,0,0,0,0,0,0,0,0,1,0,0,0,0,0,0,0,0,0,0,0,0,0,0,0,1,0
2021-11-28,PROD_003,Asics Gel Nimbus 25,Running,Zapatillas Running,85,False,14,74.8,1047.2,82.75999999999999,1.027066215563074,0,0,1,0,0,0,0,0,0,0,0,0,0,0,0,0,0,0,0,0,0,0,0,0,0,0,1,0,0,0,0,0,0,0,0,0,0,0,0,0,0,0,1,0
2021-11-28,PROD_004,New Balance Fresh Foam X 1080v12,Running,Zapatillas Running,75,False,9,66.0,594.0,73.62666666666667,1.0186526620789569,0,0,0,0,0,0,0,0,0,0,0,0,0,1,0,0,0,0,0,0,0,0,0,0,0,0,1,0,0,0,0,0,0,0,0,0,0,0,0,0,0,0,1,0
2021-11-28,PROD_005,Nike Dri-FIT Miler,Running,Ropa Running,35,False,9,30.8,277.2,33.626666666666665,1.0408406026962729,0,0,0,0,0,0,0,0,0,0,0,0,0,0,0,1,0,0,0,0,0,0,0,0,0,0,1,0,0,0,0,0,0,0,0,0,0,0,0,0,0,1,0,0
2021-11-28,PROD_006,Adidas Own The Run Jacket,Running,Ropa Running,65,False,10,57.2,572.0,60.35666666666666,1.0769315734246425,1,0,0,0,0,0,0,0,0,0,0,0,0,0,0,0,0,0,0,0,0,0,0,0,0,0,1,0,0,0,0,0,0,0,0,0,0,0,0,0,0,1,0,0
2021-11-28,PROD_007,Puma Velocity Nitro 2,Running,Zapatillas Running,70,False,8,61.6,492.8,69.19,1.0117068940598353,0,0,0,0,0,0,0,0,0,0,0,0,0,0,0,0,1,0,0,0,0,0,0,0,0,0,1,0,0,0,0,0,0,0,0,0,0,0,0,0,0,0,1,0
2021-11-28,PROD_008,Reebok Floatride Energy 5,Running,Zapatillas Running,65,False,9,57.2,514.8,63.55666666666667,1.0227093931924267,0,0,0,0,0,0,0,0,0,0,0,0,0,0,0,0,0,0,1,0,0,0,0,0,0,0,1,0,0,0,0,0,0,0,0,0,0,0,0,0,0,0,1,0
2021-11-28,PROD_009,Bowflex SelectTech 552,Fitness,Mancuernas Ajustables,400,True,6,368.0,2208.0,354.9333333333334,1.1269722013523664,0,0,0,1,0,0,0,0,0,0,0,0,0,0,0,0,0,0,0,0,0,0,0,0,1,0,0,0,0,0,0,0,0,0,0,1,0,0,0,0,0,0,0,0
2021-11-28,PROD_010,Domyos BM900,Fitness,Banco Gimnasio,175,True,5,161.0,805.0,166.54166666666666,1.0507880910683012,0,0,0,0,0,0,1,0,0,0,0,0,0,0,0,0,0,0,0,0,0,0,0,0,1,0,0,0,1,0,0,0,0,0,0,0,0,0,0,0,0,0,0,0
2021-11-28,PROD_011,Reebok Professional Deck,Fitness,Esterilla Fitness,45,False,13,41.4,538.2,43.916666666666664,1.0246679316888045,0,0,0,0,0,0,0,0,0,0,0,0,0,0,0,0,0,0,0,1,0,0,0,0,1,0,0,0,0,0,0,0,0,1,0,0,0,0,0,0,0,0,0,0
2021-11-28,PROD_012,Domyos Kit Mancuernas 20kg,Fitness,Pesas Casa,55,False,13,50.6,657.8,52.31666666666666,1.0512902198152279,0,0,0,0,0,0,0,1,0,0,0,0,0,0,0,0,0,0,0,0,0,0,0,0,1,0,0,0,0,0,0,0,0,0,0,0,0,0,1,0,0,0,0,0
2021-11-28,PROD_013,Decathlon Bandas Elásticas Set,Fitness,Bandas Elásticas,25,False,12,23.0,276.0,25.006666666666664,0.9997334044254866,0,0,0,0,0,1,0,0,0,0,0,0,0,0,0,0,0,0,0,0,0,0,0,0,1,0,0,0,0,1,0,0,0,0,0,0,0,0,0,0,0,0,0,0
2021-11-28,PROD_014,Sveltus Kettlebell 12kg,Fitness,Pesa Rusa,40,False,14,36.8,515.2,38.73333333333333,1.0327022375215147,0,0,0,0,0,0,0,0,0,0,0,0,0,0,0,0,0,0,0,0,0,1,0,0,1,0,0,0,0,0,0,0,0,0,0,0,0,1,0,0,0,0,0,0
2021-11-28,PROD_015,Salomon Speedcross 5 GTX,Outdoor,Zapatillas Trail,150,True,11,138.0,1518.0,141.82500000000002,1.057641459545214,0,0,0,0,0,0,0,0,0,0,0,0,0,0,0,0,0,0,0,0,1,0,0,0,0,1,0,0,0,0,0,0,0,0,0,0,0,0,0,0,0,0,0,1
2021-11-28,PROD_016,Trek Marlin 7,Outdoor,Bicicleta Montaña,830,True,11,763.6,8399.6,777.9375,1.066923756728529,0,0,0,0,0,0,0,0,0,0,0,0,0,0,0,0,0,0,0,0,0,0,0,1,0,1,0,0,0,0,1,0,0,0,0,0,0,0,0,0,0,0,0,0
2021-11-28,PROD_017,The North Face Borealis,Outdoor,Mochila Trekking,95,False,9,87.4,786.6,95.83999999999999,0.9912353923205344,0,0,0,0,0,0,0,0,0,0,0,0,0,0,0,0,0,0,0,0,0,0,1,0,0,1,0,0,0,0,0,0,0,0,0,0,1,0,0,0,0,0,0,0
2021-11-28,PROD_018,Columbia Silver Ridge,Outdoor,Ropa Montaña,70,False,8,64.4,515.2,67.44666666666667,1.0378570722546208,0,0,0,0,1,0,0,0,0,0,0,0,0,0,0,0,0,0,0,0,0,0,0,0,0,1,0,0,0,0,0,0,0,0,0,0,0,0,0,0,1,0,0,0
2021-11-28,PROD_019,Merrell Moab 2 GTX,Outdoor,Zapatillas Trail,110,False,9,101.2,910.8,108.29666666666667,1.0157284003816676,0,0,0,0,0,0,0,0,0,0,0,0,1,0,0,0,0,0,0,0,0,0,0,0,0,1,0,0,0,0,0,0,0,0,0,0,0,0,0,0,0,0,0,1
2021-11-28,PROD_020,Quechua MH500,Outdoor,Ropa Montaña,80,False,8,73.6,588.8,76.7,1.0430247718383312,0,0,0,0,0,0,0,0,0,0,0,0,0,0,0,0,0,1,0,0,0,0,0,0,0,1,0,0,0,0,0,0,0,0,0,0,0,0,0,0,1,0,0,0
2021-11-28,PROD_021,Manduka PRO Yoga Mat,Wellness,Esterilla Yoga,130,True,17,124.8,2121.6,123.55416666666667,1.052170100832968,0,0,0,0,0,0,0,0,0,0,0,1,0,0,0,0,0,0,0,0,0,0,0,0,0,0,0,1,0,0,0,0,0,0,1,0,0,0,0,0,0,0,0,0
2021-11-28,PROD_022,Gaiam Premium Yoga Block,Wellness,Bloque Yoga,20,False,7,19.2,134.4,19.226666666666667,1.0402219140083218,0,0,0,0,0,0,0,0,1,0,0,0,0,0,0,0,0,0,0,0,0,0,0,0,0,0,0,1,0,0,0,1,0,0,0,0,0,0,0,0,0,0,0,0
2021-11-28,PROD_023,Liforme Yoga Pad,Wellness,Rodillera Yoga,35,False,5,33.6,168.0,34.45666666666667,1.0157685982393343,0,0,0,0,0,0,0,0,0,1,0,0,0,0,0,0,0,0,0,0,0,0,0,0,0,0,0,1,0,0,0,0,0,0,0,0,0,0,0,1,0,0,0,0
2021-11-28,PROD_024,Lotuscrafts Yoga Bolster,Wellness,Cojín Yoga,50,False,5,48.0,240.0,47.923333333333325,1.0433331014815332,0,0,0,0,0,0,0,0,0,0,1,0,0,0,0,0,0,0,0,0,0,0,0,0,0,0,0,1,0,0,0,0,1,0,0,0,0,0,0,0,0,0,0,0
2021-11-29,PROD_001,Nike Air Zoom Pegasus 40,Running,Zapatillas Running,115,True,36,97.75,3519.0,93.05,1.2358946802794197,0,0,0,0,0,0,0,0,0,0,0,0,0,0,1,0,0,0,0,0,0,0,0,0,0,0,1,0,0,0,0,0,0,0,0,0,0,0,0,0,0,0,1,0
2021-11-29,PROD_002,Adidas Ultraboost 23,Running,Zapatillas Running,135,True,31,114.75,3557.25,109.53333333333335,1.2325015216068167,0,1,0,0,0,0,0,0,0,0,0,0,0,0,0,0,0,0,0,0,0,0,0,0,0,0,1,0,0,0,0,0,0,0,0,0,0,0,0,0,0,0,1,0
2021-11-29,PROD_003,Asics Gel Nimbus 25,Running,Zapatillas Running,85,False,15,72.25,1083.75,84.04666666666667,1.0113429047354645,0,0,1,0,0,0,0,0,0,0,0,0,0,0,0,0,0,0,0,0,0,0,0,0,0,0,1,0,0,0,0,0,0,0,0,0,0,0,0,0,0,0,1,0
2021-11-29,PROD_004,New Balance Fresh Foam X 1080v12,Running,Zapatillas Running,75,False,12,63.75,765.0,72.04666666666667,1.040991949662256,0,0,0,0,0,0,0,0,0,0,0,0,0,1,0,0,0,0,0,0,0,0,0,0,0,0,1,0,0,0,0,0,0,0,0,0,0,0,0,0,0,0,1,0
2021-11-29,PROD_005,Nike Dri-FIT Miler,Running,Ropa Running,35,False,8,29.75,238.0,33.68666666666667,1.0389867405501683,0,0,0,0,0,0,0,0,0,0,0,0,0,0,0,1,0,0,0,0,0,0,0,0,0,0,1,0,0,0,0,0,0,0,0,0,0,0,0,0,0,1,0,0
2021-11-29,PROD_006,Adidas Own The Run Jacket,Running,Ropa Running,65,False,7,55.25,386.75,62.48,1.0403329065300897,1,0,0,0,0,0,0,0,0,0,0,0,0,0,0,0,0,0,0,0,0,0,0,0,0,0,1,0,0,0,0,0,0,0,0,0,0,0,0,0,0,1,0,0
2021-11-29,PROD_007,Puma Velocity Nitro 2,Running,Zapatillas Running,70,False,9,59.5,535.5,67.37333333333333,1.0389867405501683,0,0,0,0,0,0,0,0,0,0,0,0,0,0,0,0,1,0,0,0,0,0,0,0,0,0,1,0,0,0,0,0,0,0,0,0,0,0,0,0,0,0,1,0
2021-11-29,PROD_008,Reebok Floatride Energy 5,Running,Zapatillas Running,65,False,9,55.25,497.25,64.78666666666668,1.003292858612883,0,0,0,0,0,0,0,0,0,0,0,0,0,0,0,0,0,0,1,0,0,0,0,0,0,0,1,0,0,0,0,0,0,0,0,0,0,0,0,0,0,0,1,0
2021-11-29,PROD_009,Bowflex SelectTech 552,Fitness,Mancuernas Ajustables,400,True,6,360.0,2160.0,344.9791666666667,1.1594903073857117,0,0,0,1,0,0,0,0,0,0,0,0,0,0,0,0,0,0,0,0,0,0,0,0,1,0,0,0,0,0,0,0,0,0,0,1,0,0,0,0,0,0,0,0
2021-11-29,PROD_010,Domyos BM900,Fitness,Banco Gimnasio,175,True,6,157.5,945.0,155.0125,1.128941214418192,0,0,0,0,0,0,1,0,0,0,0,0,0,0,0,0,0,0,0,0,0,0,0,0,1,0,0,0,1,0,0,0,0,0,0,0,0,0,0,0,0,0,0,0
2021-11-29,PROD_011,Reebok Professional Deck,Fitness,Esterilla Fitness,45,False,13,40.5,526.5,44.326666666666675,1.0151902541735598,0,0,0,0,0,0,0,0,0,0,0,0,0,0,0,0,0,0,0,1,0,0,0,0,1,0,0,0,0,0,0,0,0,1,0,0,0,0,0,0,0,0,0,0
2021-11-29,PROD_012,Domyos Kit Mancuernas 20kg,Fitness,Pesas Casa,55,False,14,49.5,693.0,53.18666666666667,1.0340937578340437,0,0,0,0,0,0,0,1,0,0,0,0,0,0,0,0,0,0,0,0,0,0,0,0,1,0,0,0,0,0,0,0,0,0,0,0,0,0,1,0,0,0,0,0
2021-11-29,PROD_013,Decathlon Bandas Elásticas Set,Fitness,Bandas Elásticas,25,False,12,22.5,270.0,24.790000000000003,1.008471157724889,0,0,0,0,0,1,0,0,0,0,0,0,0,0,0,0,0,0,0,0,0,0,0,0,1,0,0,0,0,1,0,0,0,0,0,0,0,0,0,0,0,0,0,0
2021-11-29,PROD_014,Sveltus Kettlebell 12kg,Fitness,Pesa Rusa,40,False,9,36.0,324.0,38.39666666666667,1.041757096970223,0,0,0,0,0,0,0,0,0,0,0,0,0,0,0,0,0,0,0,0,0,1,0,0,1,0,0,0,0,0,0,0,0,0,0,0,0,1,0,0,0,0,0,0
2021-11-29,PROD_015,Salomon Speedcross 5 GTX,Outdoor,Zapatillas Trail,150,True,11,135.0,1485.0,131.70833333333334,1.1388801012337868,0,0,0,0,0,0,0,0,0,0,0,0,0,0,0,0,0,0,0,0,1,0,0,0,0,1,0,0,0,0,0,0,0,0,0,0,0,0,0,0,0,0,0,1
2021-11-29,PROD_016,Trek Marlin 7,Outdoor,Bicicleta Montaña,830,True,7,747.0,5229.0,721.475,1.150421012509096,0,0,0,0,0,0,0,0,0,0,0,0,0,0,0,0,0,0,0,0,0,0,0,1,0,1,0,0,0,0,1,0,0,0,0,0,0,0,0,0,0,0,0,0
2021-11-29,PROD_017,The North Face Borealis,Outdoor,Mochila Trekking,95,False,9,85.5,769.5,93.05666666666667,1.0208833327363256,0,0,0,0,0,0,0,0,0,0,0,0,0,0,0,0,0,0,0,0,0,0,1,0,0,1,0,0,0,0,0,0,0,0,0,0,1,0,0,0,0,0,0,0
2021-11-29,PROD_018,Columbia Silver Ridge,Outdoor,Ropa Montaña,70,False,11,63.0,693.0,69.78333333333333,1.0031048483401004,0,0,0,0,1,0,0,0,0,0,0,0,0,0,0,0,0,0,0,0,0,0,0,0,0,1,0,0,0,0,0,0,0,0,0,0,0,0,0,0,1,0,0,0
2021-11-29,PROD_019,Merrell Moab 2 GTX,Outdoor,Zapatillas Trail,110,False,8,99.0,792.0,108.72333333333334,1.0117423429499952,0,0,0,0,0,0,0,0,0,0,0,0,1,0,0,0,0,0,0,0,0,0,0,0,0,1,0,0,0,0,0,0,0,0,0,0,0,0,0,0,0,0,0,1
2021-11-29,PROD_020,Quechua MH500,Outdoor,Ropa Montaña,80,False,7,72.0,504.0,81.08666666666666,0.9865987009783771,0,0,0,0,0,0,0,0,0,0,0,0,0,0,0,0,0,1,0,0,0,0,0,0,0,1,0,0,0,0,0,0,0,0,0,0,0,0,0,0,1,0,0,0
2021-11-29,PROD_021,Manduka PRO Yoga Mat,Wellness,Esterilla Yoga,130,True,15,123.5,1852.5,115.24166666666667,1.1280642128859641,0,0,0,0,0,0,0,0,0,0,0,1,0,0,0,0,0,0,0,0,0,0,0,0,0,0,0,1,0,0,0,0,0,0,1,0,0,0,0,0,0,0,0,0
2021-11-29,PROD_022,Gaiam Premium Yoga Block,Wellness,Bloque Yoga,20,False,6,19.0,114.0,19.63,1.0188487009679064,0,0,0,0,0,0,0,0,1,0,0,0,0,0,0,0,0,0,0,0,0,0,0,0,0,0,0,1,0,0,0,1,0,0,0,0,0,0,0,0,0,0,0,0
2021-11-29,PROD_023,Liforme Yoga Pad,Wellness,Rodillera Yoga,35,False,6,33.25,199.5,35.333333333333336,0.990566037735849,0,0,0,0,0,0,0,0,0,1,0,0,0,0,0,0,0,0,0,0,0,0,0,0,0,0,0,1,0,0,0,0,0,0,0,0,0,0,0,1,0,0,0,0
2021-11-29,PROD_024,Lotuscrafts Yoga Bolster,Wellness,Cojín Yoga,50,False,5,47.5,237.5,49.61000000000001,1.0078613182826042,0,0,0,0,0,0,0,0,0,0,1,0,0,0,0,0,0,0,0,0,0,0,0,0,0,0,0,1,0,0,0,0,1,0,0,0,0,0,0,0,0,0,0,0
2021-11-30,PROD_001,Nike Air Zoom Pegasus 40,Running,Zapatillas Running,115,True,35,105.8,3703.0,105.97083333333335,1.0852042621790585,0,0,0,0,0,0,0,0,0,0,0,0,0,0,1,0,0,0,0,0,0,0,0,0,0,0,1,0,0,0,0,0,0,0,0,0,0,0,0,0,0,0,1,0
2021-11-30,PROD_002,Adidas Ultraboost 23,Running,Zapatillas Running,135,True,23,124.2,2856.6,124.06666666666666,1.0881246641590543,0,1,0,0,0,0,0,0,0,0,0,0,0,0,0,0,0,0,0,0,0,0,0,0,0,0,1,0,0,0,0,0,0,0,0,0,0,0,0,0,0,0,1,0
2021-11-30,PROD_003,Asics Gel Nimbus 25,Running,Zapatillas Running,85,False,7,78.2,547.4,84.64999999999999,1.004134672179563,0,0,1,0,0,0,0,0,0,0,0,0,0,0,0,0,0,0,0,0,0,0,0,0,0,0,1,0,0,0,0,0,0,0,0,0,0,0,0,0,0,0,1,0
2021-11-30,PROD_004,New Balance Fresh Foam X 1080v12,Running,Zapatillas Running,75,False,5,69.0,345.0,72.65666666666665,1.0322521447905677,0,0,0,0,0,0,0,0,0,0,0,0,0,1,0,0,0,0,0,0,0,0,0,0,0,0,1,0,0,0,0,0,0,0,0,0,0,0,0,0,0,0,1,0
2021-11-30,PROD_005,Nike Dri-FIT Miler,Running,Ropa Running,35,False,6,32.2,193.2,34.34666666666667,1.0190217391304346,0,0,0,0,0,0,0,0,0,0,0,0,0,0,0,1,0,0,0,0,0,0,0,0,0,0,1,0,0,0,0,0,0,0,0,0,0,0,0,0,0,1,0,0
2021-11-30,PROD_006,Adidas Own The Run Jacket,Running,Ropa Running,65,False,5,59.8,299.0,63.586666666666666,1.0222268819459006,1,0,0,0,0,0,0,0,0,0,0,0,0,0,0,0,0,0,0,0,0,0,0,0,0,0,1,0,0,0,0,0,0,0,0,0,0,0,0,0,0,1,0,0
2021-11-30,PROD_007,Puma Velocity Nitro 2,Running,Zapatillas Running,70,False,5,64.4,322.0,69.60333333333334,1.0056989607777405,0,0,0,0,0,0,0,0,0,0,0,0,0,0,0,0,1,0,0,0,0,0,0,0,0,0,1,0,0,0,0,0,0,0,0,0,0,0,0,0,0,0,1,0
2021-11-30,PROD_008,Reebok Floatride Energy 5,Running,Zapatillas Running,65,False,5,59.8,299.0,62.89666666666667,1.0334410938576502,0,0,0,0,0,0,0,0,0,0,0,0,0,0,0,0,0,0,1,0,0,0,0,0,0,0,1,0,0,0,0,0,0,0,0,0,0,0,0,0,0,0,1,0
2021-11-30,PROD_009,Bowflex SelectTech 552,Fitness,Mancuernas Ajustables,400,True,4,380.0,1520.0,386.3,1.0354646647683148,0,0,0,1,0,0,0,0,0,0,0,0,0,0,0,0,0,0,0,0,0,0,0,0,1,0,0,0,0,0,0,0,0,0,0,1,0,0,0,0,0,0,0,0
2021-11-30,PROD_010,Domyos BM900,Fitness,Banco Gimnasio,175,True,5,166.25,831.25,174.50833333333333,1.0028174394728047,0,0,0,0,0,0,1,0,0,0,0,0,0,0,0,0,0,0,0,0,0,0,0,0,1,0,0,0,1,0,0,0,0,0,0,0,0,0,0,0,0,0,0,0
2021-11-30,PROD_011,Reebok Professional Deck,Fitness,Esterilla Fitness,45,False,7,42.75,299.25,43.73666666666667,1.0288849935218352,0,0,0,0,0,0,0,0,0,0,0,0,0,0,0,0,0,0,0,1,0,0,0,0,1,0,0,0,0,0,0,0,0,1,0,0,0,0,0,0,0,0,0,0
2021-11-30,PROD_012,Domyos Kit Mancuernas 20kg,Fitness,Pesas Casa,55,False,8,52.25,418.0,54.419999999999995,1.0106578463800076,0,0,0,0,0,0,0,1,0,0,0,0,0,0,0,0,0,0,0,0,0,0,0,0,1,0,0,0,0,0,0,0,0,0,0,0,0,0,1,0,0,0,0,0
2021-11-30,PROD_013,Decathlon Bandas Elásticas Set,Fitness,Bandas Elásticas,25,False,7,23.75,166.25,24.083333333333332,1.0380622837370244,0,0,0,0,0,1,0,0,0,0,0,0,0,0,0,0,0,0,0,0,0,0,0,0,1,0,0,0,0,1,0,0,0,0,0,0,0,0,0,0,0,0,0,0
2021-11-30,PROD_014,Sveltus Kettlebell 12kg,Fitness,Pesa Rusa,40,False,6,38.0,228.0,37.916666666666664,1.054945054945055,0,0,0,0,0,0,0,0,0,0,0,0,0,0,0,0,0,0,0,0,0,1,0,0,1,0,0,0,0,0,0,0,0,0,0,0,0,1,0,0,0,0,0,0
2021-11-30,PROD_015,Salomon Speedcross 5 GTX,Outdoor,Zapatillas Trail,150,True,7,142.5,997.5,150.22916666666666,0.9984745527666067,0,0,0,0,0,0,0,0,0,0,0,0,0,0,0,0,0,0,0,0,1,0,0,0,0,1,0,0,0,0,0,0,0,0,0,0,0,0,0,0,0,0,0,1
2021-11-30,PROD_016,Trek Marlin 7,Outdoor,Bicicleta Montaña,830,True,6,788.5,4731.0,816.5166666666668,1.0165132371251862,0,0,0,0,0,0,0,0,0,0,0,0,0,0,0,0,0,0,0,0,0,0,0,1,0,1,0,0,0,0,1,0,0,0,0,0,0,0,0,0,0,0,0,0
2021-11-30,PROD_017,The North Face Borealis,Outdoor,Mochila Trekking,95,False,7,90.25,631.75,89.83999999999999,1.0574354407836155,0,0,0,0,0,0,0,0,0,0,0,0,0,0,0,0,0,0,0,0,0,0,1,0,0,1,0,0,0,0,0,0,0,0,0,0,1,0,0,0,0,0,0,0
2021-11-30,PROD_018,Columbia Silver Ridge,Outdoor,Ropa Montaña,70,False,5,66.5,332.5,69.95666666666666,1.0006194310763807,0,0,0,0,1,0,0,0,0,0,0,0,0,0,0,0,0,0,0,0,0,0,0,0,0,1,0,0,0,0,0,0,0,0,0,0,0,0,0,0,1,0,0,0
2021-11-30,PROD_019,Merrell Moab 2 GTX,Outdoor,Zapatillas Trail,110,False,4,104.5,418.0,104.31666666666666,1.054481546572935,0,0,0,0,0,0,0,0,0,0,0,0,1,0,0,0,0,0,0,0,0,0,0,0,0,1,0,0,0,0,0,0,0,0,0,0,0,0,0,0,0,0,0,1
2021-11-30,PROD_020,Quechua MH500,Outdoor,Ropa Montaña,80,False,4,76.0,304.0,74.63666666666667,1.071859229154571,0,0,0,0,0,0,0,0,0,0,0,0,0,0,0,0,0,1,0,0,0,0,0,0,0,1,0,0,0,0,0,0,0,0,0,0,0,0,0,0,1,0,0,0
2021-11-30,PROD_021,Manduka PRO Yoga Mat,Wellness,Esterilla Yoga,130,True,13,126.1,1639.3,129.35416666666666,1.0049927524561122,0,0,0,0,0,0,0,0,0,0,0,1,0,0,0,0,0,0,0,0,0,0,0,0,0,0,0,1,0,0,0,0,0,0,1,0,0,0,0,0,0,0,0,0
2021-11-30,PROD_022,Gaiam Premium Yoga Block,Wellness,Bloque Yoga,20,False,4,19.4,77.6,19.2,1.0416666666666667,0,0,0,0,0,0,0,0,1,0,0,0,0,0,0,0,0,0,0,0,0,0,0,0,0,0,0,1,0,0,0,1,0,0,0,0,0,0,0,0,0,0,0,0
2021-11-30,PROD_023,Liforme Yoga Pad,Wellness,Rodillera Yoga,35,False,3,33.95,101.85,33.93,1.031535514294135,0,0,0,0,0,0,0,0,0,1,0,0,0,0,0,0,0,0,0,0,0,0,0,0,0,0,0,1,0,0,0,0,0,0,0,0,0,0,0,1,0,0,0,0
2021-11-30,PROD_024,Lotuscrafts Yoga Bolster,Wellness,Cojín Yoga,50,False,2,48.5,97.0,47.32333333333333,1.0565612453335211,0,0,0,0,0,0,0,0,0,0,1,0,0,0,0,0,0,0,0,0,0,0,0,0,0,0,0,1,0,0,0,0,1,0,0,0,0,0,0,0,0,0,0,0
2022-10-25,PROD_001,Nike Air Zoom Pegasus 40,Running,Zapatillas Running,115,True,10,115.18,1151.8,98.94333333333333,1.1622814405552,0,0,0,0,0,0,0,0,0,0,0,0,0,0,1,0,0,0,0,0,0,0,0,0,0,0,1,0,0,0,0,0,0,0,0,0,0,0,0,0,0,0,1,0
2022-10-25,PROD_002,Adidas Ultraboost 23,Running,Zapatillas Running,135,True,11,131.09,1441.99,117.44666666666667,1.149457909973321,0,1,0,0,0,0,0,0,0,0,0,0,0,0,0,0,0,0,0,0,0,0,0,0,0,0,1,0,0,0,0,0,0,0,0,0,0,0,0,0,0,0,1,0
2022-10-25,PROD_003,Asics Gel Nimbus 25,Running,Zapatillas Running,85,False,3,85.19,255.57,79.69666666666666,1.066543979254674,0,0,1,0,0,0,0,0,0,0,0,0,0,0,0,0,0,0,0,0,0,0,0,0,0,0,1,0,0,0,0,0,0,0,0,0,0,0,0,0,0,0,1,0
2022-10-25,PROD_004,New Balance Fresh Foam X 1080v12,Running,Zapatillas Running,75,False,2,74.58,149.16,72.77666666666667,1.030550084734118,0,0,0,0,0,0,0,0,0,0,0,0,0,1,0,0,0,0,0,0,0,0,0,0,0,0,1,0,0,0,0,0,0,0,0,0,0,0,0,0,0,0,1,0
2022-10-25,PROD_005,Nike Dri-FIT Miler,Running,Ropa Running,35,False,2,34.62,69.24,32.95666666666666,1.0620006068574896,0,0,0,0,0,0,0,0,0,0,0,0,0,0,0,1,0,0,0,0,0,0,0,0,0,0,1,0,0,0,0,0,0,0,0,0,0,0,0,0,0,1,0,0
2022-10-25,PROD_006,Adidas Own The Run Jacket,Running,Ropa Running,65,False,2,64.44,128.88,63.673333333333325,1.0208355146058006,1,0,0,0,0,0,0,0,0,0,0,0,0,0,0,0,0,0,0,0,0,0,0,0,0,0,1,0,0,0,0,0,0,0,0,0,0,0,0,0,0,1,0,0
2022-10-25,PROD_007,Puma Velocity Nitro 2,Running,Zapatillas Running,70,False,2,71.5,143.0,69.67666666666666,1.0046404822274315,0,0,0,0,0,0,0,0,0,0,0,0,0,0,0,0,1,0,0,0,0,0,0,0,0,0,1,0,0,0,0,0,0,0,0,0,0,0,0,0,0,0,1,0
2022-10-25,PROD_008,Reebok Floatride Energy 5,Running,Zapatillas Running,65,False,2,66.94,133.88,66.26666666666667,0.9808853118712274,0,0,0,0,0,0,0,0,0,0,0,0,0,0,0,0,0,0,1,0,0,0,0,0,0,0,1,0,0,0,0,0,0,0,0,0,0,0,0,0,0,0,1,0
2022-10-25,PROD_009,Bowflex SelectTech 552,Fitness,Mancuernas Ajustables,400,True,2,392.16,784.32,358.92666666666673,1.1144337747729338,0,0,0,1,0,0,0,0,0,0,0,0,0,0,0,0,0,0,0,0,0,0,0,0,1,0,0,0,0,0,0,0,0,0,0,1,0,0,0,0,0,0,0,0
2022-10-25,PROD_010,Domyos BM900,Fitness,Banco Gimnasio,175,True,2,177.81,355.62,164.83666666666667,1.0616569937918343,0,0,0,0,0,0,1,0,0,0,0,0,0,0,0,0,0,0,0,0,0,0,0,0,1,0,0,0,1,0,0,0,0,0,0,0,0,0,0,0,0,0,0,0
2022-10-25,PROD_011,Reebok Professional Deck,Fitness,Esterilla Fitness,45,False,3,44.99,134.97,42.94333333333333,1.0478925716059926,0,0,0,0,0,0,0,0,0,0,0,0,0,0,0,0,0,0,0,1,0,0,0,0,1,0,0,0,0,0,0,0,0,1,0,0,0,0,0,0,0,0,0,0
2022-10-25,PROD_012,Domyos Kit Mancuernas 20kg,Fitness,Pesas Casa,55,False,2,54.83,109.66,52.88333333333333,1.0400252127324299,0,0,0,0,0,0,0,1,0,0,0,0,0,0,0,0,0,0,0,0,0,0,0,0,1,0,0,0,0,0,0,0,0,0,0,0,0,0,1,0,0,0,0,0
2022-10-25,PROD_013,Decathlon Bandas Elásticas Set,Fitness,Bandas Elásticas,25,False,2,25.63,51.26,24.689999999999998,1.0125556905629811,0,0,0,0,0,1,0,0,0,0,0,0,0,0,0,0,0,0,0,0,0,0,0,0,1,0,0,0,0,1,0,0,0,0,0,0,0,0,0,0,0,0,0,0
2022-10-25,PROD_014,Sveltus Kettlebell 12kg,Fitness,Pesa Rusa,40,False,2,39.78,79.56,39.779999999999994,1.0055304172951234,0,0,0,0,0,0,0,0,0,0,0,0,0,0,0,0,0,0,0,0,0,1,0,0,1,0,0,0,0,0,0,0,0,0,0,0,0,1,0,0,0,0,0,0
2022-10-25,PROD_015,Salomon Speedcross 5 GTX,Outdoor,Zapatillas Trail,150,True,3,149.25,447.75,140.38666666666668,1.0684775382277518,0,0,0,0,0,0,0,0,0,0,0,0,0,0,0,0,0,0,0,0,1,0,0,0,0,1,0,0,0,0,0,0,0,0,0,0,0,0,0,0,0,0,0,1
2022-10-25,PROD_016,Trek Marlin 7,Outdoor,Bicicleta Montaña,830,True,3,836.76,2510.28,767.9900000000001,1.0807432388442557,0,0,0,0,0,0,0,0,0,0,0,0,0,0,0,0,0,0,0,0,0,0,0,1,0,1,0,0,0,0,1,0,0,0,0,0,0,0,0,0,0,0,0,0
2022-10-25,PROD_017,The North Face Borealis,Outdoor,Mochila Trekking,95,False,2,96.22,192.44,91.05666666666667,1.0433063659991946,0,0,0,0,0,0,0,0,0,0,0,0,0,0,0,0,0,0,0,0,0,0,1,0,0,1,0,0,0,0,0,0,0,0,0,0,1,0,0,0,0,0,0,0
2022-10-25,PROD_018,Columbia Silver Ridge,Outdoor,Ropa Montaña,70,False,2,68.9,137.8,67.76,1.0330578512396693,0,0,0,0,1,0,0,0,0,0,0,0,0,0,0,0,0,0,0,0,0,0,0,0,0,1,0,0,0,0,0,0,0,0,0,0,0,0,0,0,1,0,0,0
2022-10-25,PROD_019,Merrell Moab 2 GTX,Outdoor,Zapatillas Trail,110,False,2,112.47,224.94,108.03333333333332,1.0182042579450787,0,0,0,0,0,0,0,0,0,0,0,0,1,0,0,0,0,0,0,0,0,0,0,0,0,1,0,0,0,0,0,0,0,0,0,0,0,0,0,0,0,0,0,1
2022-10-25,PROD_020,Quechua MH500,Outdoor,Ropa Montaña,80,False,2,82.38,164.76,76.94999999999999,1.0396361273554258,0,0,0,0,0,0,0,0,0,0,0,0,0,0,0,0,0,1,0,0,0,0,0,0,0,1,0,0,0,0,0,0,0,0,0,0,0,0,0,0,1,0,0,0
2022-10-25,PROD_021,Manduka PRO Yoga Mat,Wellness,Esterilla Yoga,130,True,4,132.36,529.44,123.63333333333333,1.051496360204907,0,0,0,0,0,0,0,0,0,0,0,1,0,0,0,0,0,0,0,0,0,0,0,0,0,0,0,1,0,0,0,0,0,0,1,0,0,0,0,0,0,0,0,0
2022-10-25,PROD_022,Gaiam Premium Yoga Block,Wellness,Bloque Yoga,20,False,1,20.1,20.1,19.233333333333334,1.0398613518197573,0,0,0,0,0,0,0,0,1,0,0,0,0,0,0,0,0,0,0,0,0,0,0,0,0,0,0,1,0,0,0,1,0,0,0,0,0,0,0,0,0,0,0,0
2022-10-25,PROD_023,Liforme Yoga Pad,Wellness,Rodillera Yoga,35,False,1,34.64,34.64,35.166666666666664,0.9952606635071091,0,0,0,0,0,0,0,0,0,1,0,0,0,0,0,0,0,0,0,0,0,0,0,0,0,0,0,1,0,0,0,0,0,0,0,0,0,0,0,1,0,0,0,0
2022-10-25,PROD_024,Lotuscrafts Yoga Bolster,Wellness,Cojín Yoga,50,False,1,50.66,50.66,47.26666666666666,1.0578279266572639,0,0,0,0,0,0,0,0,0,0,1,0,0,0,0,0,0,0,0,0,0,0,0,0,0,0,0,1,0,0,0,0,1,0,0,0,0,0,0,0,0,0,0,0
2022-10-26,PROD_001,Nike Air Zoom Pegasus 40,Running,Zapatillas Running,115,True,11,118.43,1302.73,100.03000000000002,1.149655103468959,0,0,0,0,0,0,0,0,0,0,0,0,0,0,1,0,0,0,0,0,0,0,0,0,0,0,1,0,0,0,0,0,0,0,0,0,0,0,0,0,0,0,1,0
2022-10-26,PROD_002,Adidas Ultraboost 23,Running,Zapatillas Running,135,True,8,135.42,1083.36,117.69,1.1470813153199082,0,1,0,0,0,0,0,0,0,0,0,0,0,0,0,0,0,0,0,0,0,0,0,0,0,0,1,0,0,0,0,0,0,0,0,0,0,0,0,0,0,0,1,0
2022-10-26,PROD_003,Asics Gel Nimbus 25,Running,Zapatillas Running,85,False,3,84.05,252.15,83.05000000000001,1.0234798314268512,0,0,1,0,0,0,0,0,0,0,0,0,0,0,0,0,0,0,0,0,0,0,0,0,0,0,1,0,0,0,0,0,0,0,0,0,0,0,0,0,0,0,1,0
2022-10-26,PROD_004,New Balance Fresh Foam X 1080v12,Running,Zapatillas Running,75,False,2,75.2,150.4,73.70666666666666,1.0175470332850942,0,0,0,0,0,0,0,0,0,0,0,0,0,1,0,0,0,0,0,0,0,0,0,0,0,0,1,0,0,0,0,0,0,0,0,0,0,0,0,0,0,0,1,0
2022-10-26,PROD_005,Nike Dri-FIT Miler,Running,Ropa Running,35,False,2,34.41,68.82,34.906666666666666,1.0026737967914439,0,0,0,0,0,0,0,0,0,0,0,0,0,0,0,1,0,0,0,0,0,0,0,0,0,0,1,0,0,0,0,0,0,0,0,0,0,0,0,0,0,1,0,0
2022-10-26,PROD_006,Adidas Own The Run Jacket,Running,Ropa Running,65,False,2,66.84,133.68,62.44,1.0409993593850095,1,0,0,0,0,0,0,0,0,0,0,0,0,0,0,0,0,0,0,0,0,0,0,0,0,0,1,0,0,0,0,0,0,0,0,0,0,0,0,0,0,1,0,0
2022-10-26,PROD_007,Puma Velocity Nitro 2,Running,Zapatillas Running,70,False,2,67.92,135.84,66.69,1.049632628579997,0,0,0,0,0,0,0,0,0,0,0,0,0,0,0,0,1,0,0,0,0,0,0,0,0,0,1,0,0,0,0,0,0,0,0,0,0,0,0,0,0,0,1,0
2022-10-26,PROD_008,Reebok Floatride Energy 5,Running,Zapatillas Running,65,False,2,66.81,133.62,63.80666666666667,1.0187023299550726,0,0,0,0,0,0,0,0,0,0,0,0,0,0,0,0,0,0,1,0,0,0,0,0,0,0,1,0,0,0,0,0,0,0,0,0,0,0,0,0,0,0,1,0
2022-10-26,PROD_009,Bowflex SelectTech 552,Fitness,Mancuernas Ajustables,400,True,2,397.49,794.98,361.08666666666664,1.1077672950168935,0,0,0,1,0,0,0,0,0,0,0,0,0,0,0,0,0,0,0,0,0,0,0,0,1,0,0,0,0,0,0,0,0,0,0,1,0,0,0,0,0,0,0,0
2022-10-26,PROD_010,Domyos BM900,Fitness,Banco Gimnasio,175,True,2,172.76,345.52,166.08666666666667,1.0536667603259342,0,0,0,0,0,0,1,0,0,0,0,0,0,0,0,0,0,0,0,0,0,0,0,0,1,0,0,0,1,0,0,0,0,0,0,0,0,0,0,0,0,0,0,0
2022-10-26,PROD_011,Reebok Professional Deck,Fitness,Esterilla Fitness,45,False,3,43.89,131.67,43.01333333333333,1.0461872287662741,0,0,0,0,0,0,0,0,0,0,0,0,0,0,0,0,0,0,0,1,0,0,0,0,1,0,0,0,0,0,0,0,0,1,0,0,0,0,0,0,0,0,0,0
2022-10-26,PROD_012,Domyos Kit Mancuernas 20kg,Fitness,Pesas Casa,55,False,3,56.33,168.99,52.376666666666665,1.05008591612041,0,0,0,0,0,0,0,1,0,0,0,0,0,0,0,0,0,0,0,0,0,0,0,0,1,0,0,0,0,0,0,0,0,0,0,0,0,0,1,0,0,0,0,0
2022-10-26,PROD_013,Decathlon Bandas Elásticas Set,Fitness,Bandas Elásticas,25,False,3,25.28,75.84,23.799999999999997,1.050420168067227,0,0,0,0,0,1,0,0,0,0,0,0,0,0,0,0,0,0,0,0,0,0,0,0,1,0,0,0,0,1,0,0,0,0,0,0,0,0,0,0,0,0,0,0
2022-10-26,PROD_014,Sveltus Kettlebell 12kg,Fitness,Pesa Rusa,40,False,3,40.33,120.99,40.233333333333334,0.9942004971002485,0,0,0,0,0,0,0,0,0,0,0,0,0,0,0,0,0,0,0,0,0,1,0,0,1,0,0,0,0,0,0,0,0,0,0,0,0,1,0,0,0,0,0,0
2022-10-26,PROD_015,Salomon Speedcross 5 GTX,Outdoor,Zapatillas Trail,150,True,4,150.69,602.76,140.86666666666667,1.0648367250354944,0,0,0,0,0,0,0,0,0,0,0,0,0,0,0,0,0,0,0,0,1,0,0,0,0,1,0,0,0,0,0,0,0,0,0,0,0,0,0,0,0,0,0,1
2022-10-26,PROD_016,Trek Marlin 7,Outdoor,Bicicleta Montaña,830,True,3,837.2,2511.6,760.7266666666666,1.0910620547020833,0,0,0,0,0,0,0,0,0,0,0,0,0,0,0,0,0,0,0,0,0,0,0,1,0,1,0,0,0,0,1,0,0,0,0,0,0,0,0,0,0,0,0,0
2022-10-26,PROD_017,The North Face Borealis,Outdoor,Mochila Trekking,95,False,2,96.72,193.44,91.95666666666666,1.0330952985101678,0,0,0,0,0,0,0,0,0,0,0,0,0,0,0,0,0,0,0,0,0,0,1,0,0,1,0,0,0,0,0,0,0,0,0,0,1,0,0,0,0,0,0,0
2022-10-26,PROD_018,Columbia Silver Ridge,Outdoor,Ropa Montaña,70,False,2,70.63,141.26,66.69000000000001,1.0496326285799968,0,0,0,0,1,0,0,0,0,0,0,0,0,0,0,0,0,0,0,0,0,0,0,0,0,1,0,0,0,0,0,0,0,0,0,0,0,0,0,0,1,0,0,0
2022-10-26,PROD_019,Merrell Moab 2 GTX,Outdoor,Zapatillas Trail,110,False,2,108.02,216.04,106.71999999999998,1.0307346326836584,0,0,0,0,0,0,0,0,0,0,0,0,1,0,0,0,0,0,0,0,0,0,0,0,0,1,0,0,0,0,0,0,0,0,0,0,0,0,0,0,0,0,0,1
2022-10-26,PROD_020,Quechua MH500,Outdoor,Ropa Montaña,80,False,2,82.39,164.78,76.43,1.046709407300798,0,0,0,0,0,0,0,0,0,0,0,0,0,0,0,0,0,1,0,0,0,0,0,0,0,1,0,0,0,0,0,0,0,0,0,0,0,0,0,0,1,0,0,0
2022-10-26,PROD_021,Manduka PRO Yoga Mat,Wellness,Esterilla Yoga,130,True,6,126.34,758.04,120.87666666666667,1.0754763808840968,0,0,0,0,0,0,0,0,0,0,0,1,0,0,0,0,0,0,0,0,0,0,0,0,0,0,0,1,0,0,0,0,0,0,1,0,0,0,0,0,0,0,0,0
2022-10-26,PROD_022,Gaiam Premium Yoga Block,Wellness,Bloque Yoga,20,False,1,20.41,20.41,19.353333333333335,1.0334137099552185,0,0,0,0,0,0,0,0,1,0,0,0,0,0,0,0,0,0,0,0,0,0,0,0,0,0,0,1,0,0,0,1,0,0,0,0,0,0,0,0,0,0,0,0
2022-10-26,PROD_023,Liforme Yoga Pad,Wellness,Rodillera Yoga,35,False,1,35.5,35.5,34.663333333333334,1.0097124723531108,0,0,0,0,0,0,0,0,0,1,0,0,0,0,0,0,0,0,0,0,0,0,0,0,0,0,0,1,0,0,0,0,0,0,0,0,0,0,0,1,0,0,0,0
2022-10-26,PROD_024,Lotuscrafts Yoga Bolster,Wellness,Cojín Yoga,50,False,1,48.76,48.76,48.64333333333334,1.027890084286987,0,0,0,0,0,0,0,0,0,0,1,0,0,0,0,0,0,0,0,0,0,0,0,0,0,0,0,1,0,0,0,0,1,0,0,0,0,0,0,0,0,0,0,0
2022-10-27,PROD_001,Nike Air Zoom Pegasus 40,Running,Zapatillas Running,115,True,12,111.95,1343.4,99.34333333333332,1.1576015837331814,0,0,0,0,0,0,0,0,0,0,0,0,0,0,1,0,0,0,0,0,0,0,0,0,0,0,1,0,0,0,0,0,0,0,0,0,0,0,0,0,0,0,1,0
2022-10-27,PROD_002,Adidas Ultraboost 23,Running,Zapatillas Running,135,True,10,136.61,1366.1,118.96666666666665,1.1347716447184086,0,1,0,0,0,0,0,0,0,0,0,0,0,0,0,0,0,0,0,0,0,0,0,0,0,0,1,0,0,0,0,0,0,0,0,0,0,0,0,0,0,0,1,0
2022-10-27,PROD_003,Asics Gel Nimbus 25,Running,Zapatillas Running,85,False,3,84.18,252.54,83.04,1.0236030828516376,0,0,1,0,0,0,0,0,0,0,0,0,0,0,0,0,0,0,0,0,0,0,0,0,0,0,1,0,0,0,0,0,0,0,0,0,0,0,0,0,0,0,1,0
2022-10-27,PROD_004,New Balance Fresh Foam X 1080v12,Running,Zapatillas Running,75,False,2,73.04,146.08,74.92999999999999,1.000934205258241,0,0,0,0,0,0,0,0,0,0,0,0,0,1,0,0,0,0,0,0,0,0,0,0,0,0,1,0,0,0,0,0,0,0,0,0,0,0,0,0,0,0,1,0
2022-10-27,PROD_005,Nike Dri-FIT Miler,Running,Ropa Running,35,False,2,35.57,71.14,34.86666666666667,1.0038240917782026,0,0,0,0,0,0,0,0,0,0,0,0,0,0,0,1,0,0,0,0,0,0,0,0,0,0,1,0,0,0,0,0,0,0,0,0,0,0,0,0,0,1,0,0
2022-10-27,PROD_006,Adidas Own The Run Jacket,Running,Ropa Running,65,False,2,65.95,131.9,64.55333333333333,1.006919343178767,1,0,0,0,0,0,0,0,0,0,0,0,0,0,0,0,0,0,0,0,0,0,0,0,0,0,1,0,0,0,0,0,0,0,0,0,0,0,0,0,0,1,0,0
2022-10-27,PROD_007,Puma Velocity Nitro 2,Running,Zapatillas Running,70,False,2,69.29,138.58,70.26666666666667,0.9962049335863378,0,0,0,0,0,0,0,0,0,0,0,0,0,0,0,0,1,0,0,0,0,0,0,0,0,0,1,0,0,0,0,0,0,0,0,0,0,0,0,0,0,0,1,0
2022-10-27,PROD_008,Reebok Floatride Energy 5,Running,Zapatillas Running,65,False,2,65.14,130.28,64.73333333333333,1.004119464469619,0,0,0,0,0,0,0,0,0,0,0,0,0,0,0,0,0,0,1,0,0,0,0,0,0,0,1,0,0,0,0,0,0,0,0,0,0,0,0,0,0,0,1,0
2022-10-27,PROD_009,Bowflex SelectTech 552,Fitness,Mancuernas Ajustables,400,True,1,406.66,406.66,360.18666666666667,1.1105352780039979,0,0,0,1,0,0,0,0,0,0,0,0,0,0,0,0,0,0,0,0,0,0,0,0,1,0,0,0,0,0,0,0,0,0,0,1,0,0,0,0,0,0,0,0
2022-10-27,PROD_010,Domyos BM900,Fitness,Banco Gimnasio,175,True,2,177.46,354.92,166.11666666666667,1.053476472358784,0,0,0,0,0,0,1,0,0,0,0,0,0,0,0,0,0,0,0,0,0,0,0,0,1,0,0,0,1,0,0,0,0,0,0,0,0,0,0,0,0,0,0,0
2022-10-27,PROD_011,Reebok Professional Deck,Fitness,Esterilla Fitness,45,False,3,45.24,135.72,44.59666666666667,1.0090440242170564,0,0,0,0,0,0,0,0,0,0,0,0,0,0,0,0,0,0,0,1,0,0,0,0,1,0,0,0,0,0,0,0,0,1,0,0,0,0,0,0,0,0,0,0
2022-10-27,PROD_012,Domyos Kit Mancuernas 20kg,Fitness,Pesas Casa,55,False,3,56.26,168.78,54.47666666666667,1.0096065593832222,0,0,0,0,0,0,0,1,0,0,0,0,0,0,0,0,0,0,0,0,0,0,0,0,1,0,0,0,0,0,0,0,0,0,0,0,0,0,1,0,0,0,0,0
2022-10-27,PROD_013,Decathlon Bandas Elásticas Set,Fitness,Bandas Elásticas,25,False,2,24.92,49.84,23.313333333333333,1.0723477266228196,0,0,0,0,0,1,0,0,0,0,0,0,0,0,0,0,0,0,0,0,0,0,0,0,1,0,0,0,0,1,0,0,0,0,0,0,0,0,0,0,0,0,0,0
2022-10-27,PROD_014,Sveltus Kettlebell 12kg,Fitness,Pesa Rusa,40,False,2,39.88,79.76,38.52333333333333,1.0383317469931643,0,0,0,0,0,0,0,0,0,0,0,0,0,0,0,0,0,0,0,0,0,1,0,0,1,0,0,0,0,0,0,0,0,0,0,0,0,1,0,0,0,0,0,0
2022-10-27,PROD_015,Salomon Speedcross 5 GTX,Outdoor,Zapatillas Trail,150,True,3,153.56,460.68,142.07333333333332,1.0557927830697762,0,0,0,0,0,0,0,0,0,0,0,0,0,0,0,0,0,0,0,0,1,0,0,0,0,1,0,0,0,0,0,0,0,0,0,0,0,0,0,0,0,0,0,1
2022-10-27,PROD_016,Trek Marlin 7,Outdoor,Bicicleta Montaña,830,True,3,835.49,2506.47,767.4733333333334,1.0814708002883922,0,0,0,0,0,0,0,0,0,0,0,0,0,0,0,0,0,0,0,0,0,0,0,1,0,1,0,0,0,0,1,0,0,0,0,0,0,0,0,0,0,0,0,0
2022-10-27,PROD_017,The North Face Borealis,Outdoor,Mochila Trekking,95,False,2,97.83,195.66,94.17,1.0088138472974408,0,0,0,0,0,0,0,0,0,0,0,0,0,0,0,0,0,0,0,0,0,0,1,0,0,1,0,0,0,0,0,0,0,0,0,0,1,0,0,0,0,0,0,0
2022-10-27,PROD_018,Columbia Silver Ridge,Outdoor,Ropa Montaña,70,False,2,71.13,142.26,68.52333333333333,1.0215498370384786,0,0,0,0,1,0,0,0,0,0,0,0,0,0,0,0,0,0,0,0,0,0,0,0,0,1,0,0,0,0,0,0,0,0,0,0,0,0,0,0,1,0,0,0
2022-10-27,PROD_019,Merrell Moab 2 GTX,Outdoor,Zapatillas Trail,110,False,2,109.01,218.02,108.73666666666666,1.0116182827013274,0,0,0,0,0,0,0,0,0,0,0,0,1,0,0,0,0,0,0,0,0,0,0,0,0,1,0,0,0,0,0,0,0,0,0,0,0,0,0,0,0,0,0,1
2022-10-27,PROD_020,Quechua MH500,Outdoor,Ropa Montaña,80,False,1,80.0,80.0,78.60000000000001,1.0178117048346056,0,0,0,0,0,0,0,0,0,0,0,0,0,0,0,0,0,1,0,0,0,0,0,0,0,1,0,0,0,0,0,0,0,0,0,0,0,0,0,0,1,0,0,0
2022-10-27,PROD_021,Manduka PRO Yoga Mat,Wellness,Esterilla Yoga,130,True,6,130.55,783.3,120.73333333333333,1.0767531750414137,0,0,0,0,0,0,0,0,0,0,0,1,0,0,0,0,0,0,0,0,0,0,0,0,0,0,0,1,0,0,0,0,0,0,1,0,0,0,0,0,0,0,0,0
2022-10-27,PROD_022,Gaiam Premium Yoga Block,Wellness,Bloque Yoga,20,False,1,19.73,19.73,19.686666666666667,1.015916017609211,0,0,0,0,0,0,0,0,1,0,0,0,0,0,0,0,0,0,0,0,0,0,0,0,0,0,0,1,0,0,0,1,0,0,0,0,0,0,0,0,0,0,0,0
2022-10-27,PROD_023,Liforme Yoga Pad,Wellness,Rodillera Yoga,35,False,1,34.26,34.26,34.76333333333333,1.0068079393997509,0,0,0,0,0,0,0,0,0,1,0,0,0,0,0,0,0,0,0,0,0,0,0,0,0,0,0,1,0,0,0,0,0,0,0,0,0,0,0,1,0,0,0,0
2022-10-27,PROD_024,Lotuscrafts Yoga Bolster,Wellness,Cojín Yoga,50,False,1,49.53,49.53,50.35666666666666,0.9929171907062951,0,0,0,0,0,0,0,0,0,0,1,0,0,0,0,0,0,0,0,0,0,0,0,0,0,0,0,1,0,0,0,0,1,0,0,0,0,0,0,0,0,0,0,0
2022-10-28,PROD_001,Nike Air Zoom Pegasus 40,Running,Zapatillas Running,115,True,12,115.47,1385.64,100.03666666666668,1.1495784878877744,0,0,0,0,0,0,0,0,0,0,0,0,0,0,1,0,0,0,0,0,0,0,0,0,0,0,1,0,0,0,0,0,0,0,0,0,0,0,0,0,0,0,1,0
2022-10-28,PROD_002,Adidas Ultraboost 23,Running,Zapatillas Running,135,True,11,133.93,1473.23,117.92999999999999,1.1447468837445942,0,1,0,0,0,0,0,0,0,0,0,0,0,0,0,0,0,0,0,0,0,0,0,0,0,0,1,0,0,0,0,0,0,0,0,0,0,0,0,0,0,0,1,0
2022-10-28,PROD_003,Asics Gel Nimbus 25,Running,Zapatillas Running,85,False,2,85.18,170.36,78.89333333333333,1.0774040899104276,0,0,1,0,0,0,0,0,0,0,0,0,0,0,0,0,0,0,0,0,0,0,0,0,0,0,1,0,0,0,0,0,0,0,0,0,0,0,0,0,0,0,1,0
2022-10-28,PROD_004,New Balance Fresh Foam X 1080v12,Running,Zapatillas Running,75,False,2,76.82,153.64,72.36,1.0364842454394694,0,0,0,0,0,0,0,0,0,0,0,0,0,1,0,0,0,0,0,0,0,0,0,0,0,0,1,0,0,0,0,0,0,0,0,0,0,0,0,0,0,0,1,0
2022-10-28,PROD_005,Nike Dri-FIT Miler,Running,Ropa Running,35,False,3,34.34,103.02,34.22,1.0227936879018118,0,0,0,0,0,0,0,0,0,0,0,0,0,0,0,1,0,0,0,0,0,0,0,0,0,0,1,0,0,0,0,0,0,0,0,0,0,0,0,0,0,1,0,0
2022-10-28,PROD_006,Adidas Own The Run Jacket,Running,Ropa Running,65,False,2,65.15,130.3,62.48666666666667,1.0402219140083218,1,0,0,0,0,0,0,0,0,0,0,0,0,0,0,0,0,0,0,0,0,0,0,0,0,0,1,0,0,0,0,0,0,0,0,0,0,0,0,0,0,1,0,0
2022-10-28,PROD_007,Puma Velocity Nitro 2,Running,Zapatillas Running,70,False,2,71.58,143.16,68.37666666666667,1.0237410422658801,0,0,0,0,0,0,0,0,0,0,0,0,0,0,0,0,1,0,0,0,0,0,0,0,0,0,1,0,0,0,0,0,0,0,0,0,0,0,0,0,0,0,1,0
2022-10-28,PROD_008,Reebok Floatride Energy 5,Running,Zapatillas Running,65,False,2,64.83,129.66,63.68333333333334,1.020675215912065,0,0,0,0,0,0,0,0,0,0,0,0,0,0,0,0,0,0,1,0,0,0,0,0,0,0,1,0,0,0,0,0,0,0,0,0,0,0,0,0,0,0,1,0
2022-10-28,PROD_009,Bowflex SelectTech 552,Fitness,Mancuernas Ajustables,400,True,2,388.19,776.38,363.05,1.101776614791351,0,0,0,1,0,0,0,0,0,0,0,0,0,0,0,0,0,0,0,0,0,0,0,0,1,0,0,0,0,0,0,0,0,0,0,1,0,0,0,0,0,0,0,0
2022-10-28,PROD_010,Domyos BM900,Fitness,Banco Gimnasio,175,True,2,176.78,353.56,169.17,1.0344623751256135,0,0,0,0,0,0,1,0,0,0,0,0,0,0,0,0,0,0,0,0,0,0,0,0,1,0,0,0,1,0,0,0,0,0,0,0,0,0,0,0,0,0,0,0
2022-10-28,PROD_011,Reebok Professional Deck,Fitness,Esterilla Fitness,45,False,3,46.18,138.54,42.28666666666667,1.06416522150402,0,0,0,0,0,0,0,0,0,0,0,0,0,0,0,0,0,0,0,1,0,0,0,0,1,0,0,0,0,0,0,0,0,1,0,0,0,0,0,0,0,0,0,0
2022-10-28,PROD_012,Domyos Kit Mancuernas 20kg,Fitness,Pesas Casa,55,False,3,54.82,164.46,55.13333333333333,0.9975816203143894,0,0,0,0,0,0,0,1,0,0,0,0,0,0,0,0,0,0,0,0,0,0,0,0,1,0,0,0,0,0,0,0,0,0,0,0,0,0,1,0,0,0,0,0
2022-10-28,PROD_013,Decathlon Bandas Elásticas Set,Fitness,Bandas Elásticas,25,False,3,24.93,74.79,23.626666666666665,1.0581264108352144,0,0,0,0,0,1,0,0,0,0,0,0,0,0,0,0,0,0,0,0,0,0,0,0,1,0,0,0,0,1,0,0,0,0,0,0,0,0,0,0,0,0,0,0
2022-10-28,PROD_014,Sveltus Kettlebell 12kg,Fitness,Pesa Rusa,40,False,3,38.87,116.61,39.163333333333334,1.0213635202995999,0,0,0,0,0,0,0,0,0,0,0,0,0,0,0,0,0,0,0,0,0,1,0,0,1,0,0,0,0,0,0,0,0,0,0,0,0,1,0,0,0,0,0,0
2022-10-28,PROD_015,Salomon Speedcross 5 GTX,Outdoor,Zapatillas Trail,150,True,4,151.89,607.56,142.00666666666666,1.0562884371625745,0,0,0,0,0,0,0,0,0,0,0,0,0,0,0,0,0,0,0,0,1,0,0,0,0,1,0,0,0,0,0,0,0,0,0,0,0,0,0,0,0,0,0,1
2022-10-28,PROD_016,Trek Marlin 7,Outdoor,Bicicleta Montaña,830,True,4,834.04,3336.16,755.9533333333333,1.0979513726596881,0,0,0,0,0,0,0,0,0,0,0,0,0,0,0,0,0,0,0,0,0,0,0,1,0,1,0,0,0,0,1,0,0,0,0,0,0,0,0,0,0,0,0,0
2022-10-28,PROD_017,The North Face Borealis,Outdoor,Mochila Trekking,95,False,2,93.08,186.16,89.03000000000002,1.0670560485229696,0,0,0,0,0,0,0,0,0,0,0,0,0,0,0,0,0,0,0,0,0,0,1,0,0,1,0,0,0,0,0,0,0,0,0,0,1,0,0,0,0,0,0,0
2022-10-28,PROD_018,Columbia Silver Ridge,Outdoor,Ropa Montaña,70,False,2,69.71,139.42,69.94,1.0008578781812982,0,0,0,0,1,0,0,0,0,0,0,0,0,0,0,0,0,0,0,0,0,0,0,0,0,1,0,0,0,0,0,0,0,0,0,0,0,0,0,0,1,0,0,0
2022-10-28,PROD_019,Merrell Moab 2 GTX,Outdoor,Zapatillas Trail,110,False,2,112.83,225.66,106.08999999999999,1.03685550004713,0,0,0,0,0,0,0,0,0,0,0,0,1,0,0,0,0,0,0,0,0,0,0,0,0,1,0,0,0,0,0,0,0,0,0,0,0,0,0,0,0,0,0,1
2022-10-28,PROD_020,Quechua MH500,Outdoor,Ropa Montaña,80,False,2,78.88,157.76,75.43666666666667,1.0604922451504573,0,0,0,0,0,0,0,0,0,0,0,0,0,0,0,0,0,1,0,0,0,0,0,0,0,1,0,0,0,0,0,0,0,0,0,0,0,0,0,0,1,0,0,0
2022-10-28,PROD_021,Manduka PRO Yoga Mat,Wellness,Esterilla Yoga,130,True,5,129.1,645.5,121.57,1.069342765484906,0,0,0,0,0,0,0,0,0,0,0,1,0,0,0,0,0,0,0,0,0,0,0,0,0,0,0,1,0,0,0,0,0,0,1,0,0,0,0,0,0,0,0,0
2022-10-28,PROD_022,Gaiam Premium Yoga Block,Wellness,Bloque Yoga,20,False,2,19.87,39.74,19.226666666666667,1.0402219140083218,0,0,0,0,0,0,0,0,1,0,0,0,0,0,0,0,0,0,0,0,0,0,0,0,0,0,0,1,0,0,0,1,0,0,0,0,0,0,0,0,0,0,0,0
2022-10-28,PROD_023,Liforme Yoga Pad,Wellness,Rodillera Yoga,35,False,1,35.14,35.14,33.306666666666665,1.0508406725380304,0,0,0,0,0,0,0,0,0,1,0,0,0,0,0,0,0,0,0,0,0,0,0,0,0,0,0,1,0,0,0,0,0,0,0,0,0,0,0,1,0,0,0,0
2022-10-28,PROD_024,Lotuscrafts Yoga Bolster,Wellness,Cojín Yoga,50,False,1,48.57,48.57,50.22,0.9956192751891677,0,0,0,0,0,0,0,0,0,0,1,0,0,0,0,0,0,0,0,0,0,0,0,0,0,0,0,1,0,0,0,0,1,0,0,0,0,0,0,0,0,0,0,0
2022-10-29,PROD_001,Nike Air Zoom Pegasus 40,Running,Zapatillas Running,115,True,14,113.28,1585.92,99.5,1.1557788944723617,0,0,0,0,0,0,0,0,0,0,0,0,0,0,1,0,0,0,0,0,0,0,0,0,0,0,1,0,0,0,0,0,0,0,0,0,0,0,0,0,0,0,1,0
2022-10-29,PROD_002,Adidas Ultraboost 23,Running,Zapatillas Running,135,True,11,137.21,1509.31,117.00666666666666,1.1537804113725714,0,1,0,0,0,0,0,0,0,0,0,0,0,0,0,0,0,0,0,0,0,0,0,0,0,0,1,0,0,0,0,0,0,0,0,0,0,0,0,0,0,0,1,0
2022-10-29,PROD_003,Asics Gel Nimbus 25,Running,Zapatillas Running,85,False,4,86.1,344.4,80.08333333333333,1.061394380853278,0,0,1,0,0,0,0,0,0,0,0,0,0,0,0,0,0,0,0,0,0,0,0,0,0,0,1,0,0,0,0,0,0,0,0,0,0,0,0,0,0,0,1,0
2022-10-29,PROD_004,New Balance Fresh Foam X 1080v12,Running,Zapatillas Running,75,False,3,74.02,222.06,70.13666666666667,1.0693408107979658,0,0,0,0,0,0,0,0,0,0,0,0,0,1,0,0,0,0,0,0,0,0,0,0,0,0,1,0,0,0,0,0,0,0,0,0,0,0,0,0,0,0,1,0
2022-10-29,PROD_005,Nike Dri-FIT Miler,Running,Ropa Running,35,False,2,35.81,71.62,34.15333333333333,1.0247901620144448,0,0,0,0,0,0,0,0,0,0,0,0,0,0,0,1,0,0,0,0,0,0,0,0,0,0,1,0,0,0,0,0,0,0,0,0,0,0,0,0,0,1,0,0
2022-10-29,PROD_006,Adidas Own The Run Jacket,Running,Ropa Running,65,False,2,64.63,129.26,64.56666666666666,1.0067114093959733,1,0,0,0,0,0,0,0,0,0,0,0,0,0,0,0,0,0,0,0,0,0,0,0,0,0,1,0,0,0,0,0,0,0,0,0,0,0,0,0,0,1,0,0
2022-10-29,PROD_007,Puma Velocity Nitro 2,Running,Zapatillas Running,70,False,2,68.31,136.62,67.49666666666667,1.0370882512716677,0,0,0,0,0,0,0,0,0,0,0,0,0,0,0,0,1,0,0,0,0,0,0,0,0,0,1,0,0,0,0,0,0,0,0,0,0,0,0,0,0,0,1,0
2022-10-29,PROD_008,Reebok Floatride Energy 5,Running,Zapatillas Running,65,False,2,63.34,126.68,64.3,1.010886469673406,0,0,0,0,0,0,0,0,0,0,0,0,0,0,0,0,0,0,1,0,0,0,0,0,0,0,1,0,0,0,0,0,0,0,0,0,0,0,0,0,0,0,1,0
2022-10-29,PROD_009,Bowflex SelectTech 552,Fitness,Mancuernas Ajustables,400,True,2,391.65,783.3,363.18666666666667,1.1013620176952164,0,0,0,1,0,0,0,0,0,0,0,0,0,0,0,0,0,0,0,0,0,0,0,0,1,0,0,0,0,0,0,0,0,0,0,1,0,0,0,0,0,0,0,0
2022-10-29,PROD_010,Domyos BM900,Fitness,Banco Gimnasio,175,True,2,171.05,342.1,166.76333333333332,1.0493913530152512,0,0,0,0,0,0,1,0,0,0,0,0,0,0,0,0,0,0,0,0,0,0,0,0,1,0,0,0,1,0,0,0,0,0,0,0,0,0,0,0,0,0,0,0
2022-10-29,PROD_011,Reebok Professional Deck,Fitness,Esterilla Fitness,45,False,4,45.39,181.56,44.85999999999999,1.0031208203299156,0,0,0,0,0,0,0,0,0,0,0,0,0,0,0,0,0,0,0,1,0,0,0,0,1,0,0,0,0,0,0,0,0,1,0,0,0,0,0,0,0,0,0,0
2022-10-29,PROD_012,Domyos Kit Mancuernas 20kg,Fitness,Pesas Casa,55,False,3,54.14,162.42,53.29666666666666,1.0319594721370944,0,0,0,0,0,0,0,1,0,0,0,0,0,0,0,0,0,0,0,0,0,0,0,0,1,0,0,0,0,0,0,0,0,0,0,0,0,0,1,0,0,0,0,0
2022-10-29,PROD_013,Decathlon Bandas Elásticas Set,Fitness,Bandas Elásticas,25,False,3,25.65,76.95,23.463333333333335,1.0654922574229293,0,0,0,0,0,1,0,0,0,0,0,0,0,0,0,0,0,0,0,0,0,0,0,0,1,0,0,0,0,1,0,0,0,0,0,0,0,0,0,0,0,0,0,0
2022-10-29,PROD_014,Sveltus Kettlebell 12kg,Fitness,Pesa Rusa,40,False,3,39.38,118.14,39.60333333333333,1.0100159919198721,0,0,0,0,0,0,0,0,0,0,0,0,0,0,0,0,0,0,0,0,0,1,0,0,1,0,0,0,0,0,0,0,0,0,0,0,0,1,0,0,0,0,0,0
2022-10-29,PROD_015,Salomon Speedcross 5 GTX,Outdoor,Zapatillas Trail,150,True,4,153.52,614.08,141.62,1.0591724332721366,0,0,0,0,0,0,0,0,0,0,0,0,0,0,0,0,0,0,0,0,1,0,0,0,0,1,0,0,0,0,0,0,0,0,0,0,0,0,0,0,0,0,0,1
2022-10-29,PROD_016,Trek Marlin 7,Outdoor,Bicicleta Montaña,830,True,4,837.8,3351.2,762.0666666666666,1.0891435569941388,0,0,0,0,0,0,0,0,0,0,0,0,0,0,0,0,0,0,0,0,0,0,0,1,0,1,0,0,0,0,1,0,0,0,0,0,0,0,0,0,0,0,0,0
2022-10-29,PROD_017,The North Face Borealis,Outdoor,Mochila Trekking,95,False,3,93.09,279.27,91.54,1.0377976840725365,0,0,0,0,0,0,0,0,0,0,0,0,0,0,0,0,0,0,0,0,0,0,1,0,0,1,0,0,0,0,0,0,0,0,0,0,1,0,0,0,0,0,0,0
2022-10-29,PROD_018,Columbia Silver Ridge,Outdoor,Ropa Montaña,70,False,2,69.52,139.04,66.26666666666667,1.056338028169014,0,0,0,0,1,0,0,0,0,0,0,0,0,0,0,0,0,0,0,0,0,0,0,0,0,1,0,0,0,0,0,0,0,0,0,0,0,0,0,0,1,0,0,0
2022-10-29,PROD_019,Merrell Moab 2 GTX,Outdoor,Zapatillas Trail,110,False,3,109.06,327.18,111.07666666666667,0.9903069951685022,0,0,0,0,0,0,0,0,0,0,0,0,1,0,0,0,0,0,0,0,0,0,0,0,0,1,0,0,0,0,0,0,0,0,0,0,0,0,0,0,0,0,0,1
2022-10-29,PROD_020,Quechua MH500,Outdoor,Ropa Montaña,80,False,3,78.89,236.67,79.29333333333334,1.0089120564990752,0,0,0,0,0,0,0,0,0,0,0,0,0,0,0,0,0,1,0,0,0,0,0,0,0,1,0,0,0,0,0,0,0,0,0,0,0,0,0,0,1,0,0,0
2022-10-29,PROD_021,Manduka PRO Yoga Mat,Wellness,Esterilla Yoga,130,True,7,133.89,937.23,121.89666666666666,1.0664770707429791,0,0,0,0,0,0,0,0,0,0,0,1,0,0,0,0,0,0,0,0,0,0,0,0,0,0,0,1,0,0,0,0,0,0,1,0,0,0,0,0,0,0,0,0
2022-10-29,PROD_022,Gaiam Premium Yoga Block,Wellness,Bloque Yoga,20,False,2,20.22,40.44,19.223333333333333,1.0404022888850355,0,0,0,0,0,0,0,0,1,0,0,0,0,0,0,0,0,0,0,0,0,0,0,0,0,0,0,1,0,0,0,1,0,0,0,0,0,0,0,0,0,0,0,0
2022-10-29,PROD_023,Liforme Yoga Pad,Wellness,Rodillera Yoga,35,False,2,35.73,71.46,33.53666666666667,1.0436338336149487,0,0,0,0,0,0,0,0,0,1,0,0,0,0,0,0,0,0,0,0,0,0,0,0,0,0,0,1,0,0,0,0,0,0,0,0,0,0,0,1,0,0,0,0
2022-10-29,PROD_024,Lotuscrafts Yoga Bolster,Wellness,Cojín Yoga,50,False,2,50.56,101.12,46.99,1.0640561821664183,0,0,0,0,0,0,0,0,0,0,1,0,0,0,0,0,0,0,0,0,0,0,0,0,0,0,0,1,0,0,0,0,1,0,0,0,0,0,0,0,0,0,0,0
2022-10-30,PROD_001,Nike Air Zoom Pegasus 40,Running,Zapatillas Running,115,True,14,114.4,1601.6,99.09333333333332,1.1605220667384286,0,0,0,0,0,0,0,0,0,0,0,0,0,0,1,0,0,0,0,0,0,0,0,0,0,0,1,0,0,0,0,0,0,0,0,0,0,0,0,0,0,0,1,0
2022-10-30,PROD_002,Adidas Ultraboost 23,Running,Zapatillas Running,135,True,9,136.95,1232.55,116.36,1.160192506015813,0,1,0,0,0,0,0,0,0,0,0,0,0,0,0,0,0,0,0,0,0,0,0,0,0,0,1,0,0,0,0,0,0,0,0,0,0,0,0,0,0,0,1,0
2022-10-30,PROD_003,Asics Gel Nimbus 25,Running,Zapatillas Running,85,False,3,85.55,256.65,84.60000000000001,1.0047281323877069,0,0,1,0,0,0,0,0,0,0,0,0,0,0,0,0,0,0,0,0,0,0,0,0,0,0,1,0,0,0,0,0,0,0,0,0,0,0,0,0,0,0,1,0
2022-10-30,PROD_004,New Balance Fresh Foam X 1080v12,Running,Zapatillas Running,75,False,2,75.23,150.46,75.75,0.9900990099009901,0,0,0,0,0,0,0,0,0,0,0,0,0,1,0,0,0,0,0,0,0,0,0,0,0,0,1,0,0,0,0,0,0,0,0,0,0,0,0,0,0,0,1,0
2022-10-30,PROD_005,Nike Dri-FIT Miler,Running,Ropa Running,35,False,2,35.61,71.22,33.84666666666667,1.034075241284223,0,0,0,0,0,0,0,0,0,0,0,0,0,0,0,1,0,0,0,0,0,0,0,0,0,0,1,0,0,0,0,0,0,0,0,0,0,0,0,0,0,1,0,0
2022-10-30,PROD_006,Adidas Own The Run Jacket,Running,Ropa Running,65,False,2,66.46,132.92,61.60999999999999,1.0550235351403994,1,0,0,0,0,0,0,0,0,0,0,0,0,0,0,0,0,0,0,0,0,0,0,0,0,0,1,0,0,0,0,0,0,0,0,0,0,0,0,0,0,1,0,0
2022-10-30,PROD_007,Puma Velocity Nitro 2,Running,Zapatillas Running,70,False,1,68.11,68.11,66.24000000000001,1.0567632850241544,0,0,0,0,0,0,0,0,0,0,0,0,0,0,0,0,1,0,0,0,0,0,0,0,0,0,1,0,0,0,0,0,0,0,0,0,0,0,0,0,0,0,1,0
2022-10-30,PROD_008,Reebok Floatride Energy 5,Running,Zapatillas Running,65,False,3,65.98,197.94,63.68,1.0207286432160805,0,0,0,0,0,0,0,0,0,0,0,0,0,0,0,0,0,0,1,0,0,0,0,0,0,0,1,0,0,0,0,0,0,0,0,0,0,0,0,0,0,0,1,0
2022-10-30,PROD_009,Bowflex SelectTech 552,Fitness,Mancuernas Ajustables,400,True,2,394.77,789.54,365.8066666666667,1.0934737839660293,0,0,0,1,0,0,0,0,0,0,0,0,0,0,0,0,0,0,0,0,0,0,0,0,1,0,0,0,0,0,0,0,0,0,0,1,0,0,0,0,0,0,0,0
2022-10-30,PROD_010,Domyos BM900,Fitness,Banco Gimnasio,175,True,2,171.78,343.56,166.47,1.0512404637472217,0,0,0,0,0,0,1,0,0,0,0,0,0,0,0,0,0,0,0,0,0,0,0,0,1,0,0,0,1,0,0,0,0,0,0,0,0,0,0,0,0,0,0,0
2022-10-30,PROD_011,Reebok Professional Deck,Fitness,Esterilla Fitness,45,False,3,46.35,139.05,42.47666666666667,1.0594051636192419,0,0,0,0,0,0,0,0,0,0,0,0,0,0,0,0,0,0,0,1,0,0,0,0,1,0,0,0,0,0,0,0,0,1,0,0,0,0,0,0,0,0,0,0
2022-10-30,PROD_012,Domyos Kit Mancuernas 20kg,Fitness,Pesas Casa,55,False,3,54.74,164.22,51.9,1.0597302504816957,0,0,0,0,0,0,0,1,0,0,0,0,0,0,0,0,0,0,0,0,0,0,0,0,1,0,0,0,0,0,0,0,0,0,0,0,0,0,1,0,0,0,0,0
2022-10-30,PROD_013,Decathlon Bandas Elásticas Set,Fitness,Bandas Elásticas,25,False,3,25.58,76.74,24.073333333333334,1.0384934921074493,0,0,0,0,0,1,0,0,0,0,0,0,0,0,0,0,0,0,0,0,0,0,0,0,1,0,0,0,0,1,0,0,0,0,0,0,0,0,0,0,0,0,0,0
2022-10-30,PROD_014,Sveltus Kettlebell 12kg,Fitness,Pesa Rusa,40,False,3,38.83,116.49,38.96,1.0266940451745379,0,0,0,0,0,0,0,0,0,0,0,0,0,0,0,0,0,0,0,0,0,1,0,0,1,0,0,0,0,0,0,0,0,0,0,0,0,1,0,0,0,0,0,0
2022-10-30,PROD_015,Salomon Speedcross 5 GTX,Outdoor,Zapatillas Trail,150,True,3,153.42,460.26,139.46,1.0755772264448586,0,0,0,0,0,0,0,0,0,0,0,0,0,0,0,0,0,0,0,0,1,0,0,0,0,1,0,0,0,0,0,0,0,0,0,0,0,0,0,0,0,0,0,1
2022-10-30,PROD_016,Trek Marlin 7,Outdoor,Bicicleta Montaña,830,True,3,829.78,2489.34,769.0333333333334,1.0792770144337045,0,0,0,0,0,0,0,0,0,0,0,0,0,0,0,0,0,0,0,0,0,0,0,1,0,1,0,0,0,0,1,0,0,0,0,0,0,0,0,0,0,0,0,0
2022-10-30,PROD_017,The North Face Borealis,Outdoor,Mochila Trekking,95,False,2,96.11,192.22,96.05999999999999,0.9889652300645431,0,0,0,0,0,0,0,0,0,0,0,0,0,0,0,0,0,0,0,0,0,0,1,0,0,1,0,0,0,0,0,0,0,0,0,0,1,0,0,0,0,0,0,0
2022-10-30,PROD_018,Columbia Silver Ridge,Outdoor,Ropa Montaña,70,False,2,69.32,138.64,66.83999999999999,1.0472770795930582,0,0,0,0,1,0,0,0,0,0,0,0,0,0,0,0,0,0,0,0,0,0,0,0,0,1,0,0,0,0,0,0,0,0,0,0,0,0,0,0,1,0,0,0
2022-10-30,PROD_019,Merrell Moab 2 GTX,Outdoor,Zapatillas Trail,110,False,2,109.02,218.04,109.37666666666667,1.0056989607777405,0,0,0,0,0,0,0,0,0,0,0,0,1,0,0,0,0,0,0,0,0,0,0,0,0,1,0,0,0,0,0,0,0,0,0,0,0,0,0,0,0,0,0,1
2022-10-30,PROD_020,Quechua MH500,Outdoor,Ropa Montaña,80,False,2,81.88,163.76,78.86,1.014455997971088,0,0,0,0,0,0,0,0,0,0,0,0,0,0,0,0,0,1,0,0,0,0,0,0,0,1,0,0,0,0,0,0,0,0,0,0,0,0,0,0,1,0,0,0
2022-10-30,PROD_021,Manduka PRO Yoga Mat,Wellness,Esterilla Yoga,130,True,6,128.97,773.82,122.10333333333334,1.0646719991264229,0,0,0,0,0,0,0,0,0,0,0,1,0,0,0,0,0,0,0,0,0,0,0,0,0,0,0,1,0,0,0,0,0,0,1,0,0,0,0,0,0,0,0,0
2022-10-30,PROD_022,Gaiam Premium Yoga Block,Wellness,Bloque Yoga,20,False,1,20.11,20.11,18.683333333333334,1.0704727921498662,0,0,0,0,0,0,0,0,1,0,0,0,0,0,0,0,0,0,0,0,0,0,0,0,0,0,0,1,0,0,0,1,0,0,0,0,0,0,0,0,0,0,0,0
2022-10-30,PROD_023,Liforme Yoga Pad,Wellness,Rodillera Yoga,35,False,2,34.96,69.92,35.300000000000004,0.9915014164305948,0,0,0,0,0,0,0,0,0,1,0,0,0,0,0,0,0,0,0,0,0,0,0,0,0,0,0,1,0,0,0,0,0,0,0,0,0,0,0,1,0,0,0,0
2022-10-30,PROD_024,Lotuscrafts Yoga Bolster,Wellness,Cojín Yoga,50,False,1,49.08,49.08,46.35999999999999,1.0785159620362383,0,0,0,0,0,0,0,0,0,0,1,0,0,0,0,0,0,0,0,0,0,0,0,0,0,0,0,1,0,0,0,0,1,0,0,0,0,0,0,0,0,0,0,0
2022-10-31,PROD_001,Nike Air Zoom Pegasus 40,Running,Zapatillas Running,115,True,9,115.43,1038.87,98.49333333333333,1.1675917151753081,0,0,0,0,0,0,0,0,0,0,0,0,0,0,1,0,0,0,0,0,0,0,0,0,0,0,1,0,0,0,0,0,0,0,0,0,0,0,0,0,0,0,1,0
2022-10-31,PROD_002,Adidas Ultraboost 23,Running,Zapatillas Running,135,True,9,132.78,1195.02,117.64999999999999,1.1474713132171697,0,1,0,0,0,0,0,0,0,0,0,0,0,0,0,0,0,0,0,0,0,0,0,0,0,0,1,0,0,0,0,0,0,0,0,0,0,0,0,0,0,0,1,0
2022-10-31,PROD_003,Asics Gel Nimbus 25,Running,Zapatillas Running,85,False,3,86.12,258.36,82.55,1.029678982434888,0,0,1,0,0,0,0,0,0,0,0,0,0,0,0,0,0,0,0,0,0,0,0,0,0,0,1,0,0,0,0,0,0,0,0,0,0,0,0,0,0,0,1,0
2022-10-31,PROD_004,New Balance Fresh Foam X 1080v12,Running,Zapatillas Running,75,False,2,75.07,150.14,74.55999999999999,1.0059012875536482,0,0,0,0,0,0,0,0,0,0,0,0,0,1,0,0,0,0,0,0,0,0,0,0,0,0,1,0,0,0,0,0,0,0,0,0,0,0,0,0,0,0,1,0
2022-10-31,PROD_005,Nike Dri-FIT Miler,Running,Ropa Running,35,False,2,34.13,68.26,35.053333333333335,0.99847850893876,0,0,0,0,0,0,0,0,0,0,0,0,0,0,0,1,0,0,0,0,0,0,0,0,0,0,1,0,0,0,0,0,0,0,0,0,0,0,0,0,0,1,0,0
2022-10-31,PROD_006,Adidas Own The Run Jacket,Running,Ropa Running,65,False,2,66.57,133.14,64.23333333333333,1.0119356512714064,1,0,0,0,0,0,0,0,0,0,0,0,0,0,0,0,0,0,0,0,0,0,0,0,0,0,1,0,0,0,0,0,0,0,0,0,0,0,0,0,0,1,0,0
2022-10-31,PROD_007,Puma Velocity Nitro 2,Running,Zapatillas Running,70,False,2,70.3,140.6,71.57666666666667,0.9779723373538862,0,0,0,0,0,0,0,0,0,0,0,0,0,0,0,0,1,0,0,0,0,0,0,0,0,0,1,0,0,0,0,0,0,0,0,0,0,0,0,0,0,0,1,0
2022-10-31,PROD_008,Reebok Floatride Energy 5,Running,Zapatillas Running,65,False,2,63.66,127.32,61.9,1.050080775444265,0,0,0,0,0,0,0,0,0,0,0,0,0,0,0,0,0,0,1,0,0,0,0,0,0,0,1,0,0,0,0,0,0,0,0,0,0,0,0,0,0,0,1,0
2022-10-31,PROD_009,Bowflex SelectTech 552,Fitness,Mancuernas Ajustables,400,True,2,391.94,783.88,359.72333333333336,1.111965677326093,0,0,0,1,0,0,0,0,0,0,0,0,0,0,0,0,0,0,0,0,0,0,0,0,1,0,0,0,0,0,0,0,0,0,0,1,0,0,0,0,0,0,0,0
2022-10-31,PROD_010,Domyos BM900,Fitness,Banco Gimnasio,175,True,2,174.72,349.44,165.56333333333333,1.0569973222734503,0,0,0,0,0,0,1,0,0,0,0,0,0,0,0,0,0,0,0,0,0,0,0,0,1,0,0,0,1,0,0,0,0,0,0,0,0,0,0,0,0,0,0,0
2022-10-31,PROD_011,Reebok Professional Deck,Fitness,Esterilla Fitness,45,False,3,46.34,139.02,44.73,1.006036217303823,0,0,0,0,0,0,0,0,0,0,0,0,0,0,0,0,0,0,0,1,0,0,0,0,1,0,0,0,0,0,0,0,0,1,0,0,0,0,0,0,0,0,0,0
2022-10-31,PROD_012,Domyos Kit Mancuernas 20kg,Fitness,Pesas Casa,55,False,3,55.64,166.92,53.39666666666667,1.0300268431237904,0,0,0,0,0,0,0,1,0,0,0,0,0,0,0,0,0,0,0,0,0,0,0,0,1,0,0,0,0,0,0,0,0,0,0,0,0,0,1,0,0,0,0,0
2022-10-31,PROD_013,Decathlon Bandas Elásticas Set,Fitness,Bandas Elásticas,25,False,3,24.56,73.68,23.37,1.0697475395806588,0,0,0,0,0,1,0,0,0,0,0,0,0,0,0,0,0,0,0,0,0,0,0,0,1,0,0,0,0,1,0,0,0,0,0,0,0,0,0,0,0,0,0,0
2022-10-31,PROD_014,Sveltus Kettlebell 12kg,Fitness,Pesa Rusa,40,False,2,40.48,80.96,39.52333333333333,1.0120603862697142,0,0,0,0,0,0,0,0,0,0,0,0,0,0,0,0,0,0,0,0,0,1,0,0,1,0,0,0,0,0,0,0,0,0,0,0,0,1,0,0,0,0,0,0
2022-10-31,PROD_015,Salomon Speedcross 5 GTX,Outdoor,Zapatillas Trail,150,True,3,154.48,463.44,140.65,1.066477070742979,0,0,0,0,0,0,0,0,0,0,0,0,0,0,0,0,0,0,0,0,1,0,0,0,0,1,0,0,0,0,0,0,0,0,0,0,0,0,0,0,0,0,0,1
2022-10-31,PROD_016,Trek Marlin 7,Outdoor,Bicicleta Montaña,830,True,3,824.12,2472.36,771.35,1.0760355221365139,0,0,0,0,0,0,0,0,0,0,0,0,0,0,0,0,0,0,0,0,0,0,0,1,0,1,0,0,0,0,1,0,0,0,0,0,0,0,0,0,0,0,0,0
2022-10-31,PROD_017,The North Face Borealis,Outdoor,Mochila Trekking,95,False,2,96.08,192.16,94.75,1.0026385224274406,0,0,0,0,0,0,0,0,0,0,0,0,0,0,0,0,0,0,0,0,0,0,1,0,0,1,0,0,0,0,0,0,0,0,0,0,1,0,0,0,0,0,0,0
2022-10-31,PROD_018,Columbia Silver Ridge,Outdoor,Ropa Montaña,70,False,2,68.23,136.46,70.26,0.9962994591517221,0,0,0,0,1,0,0,0,0,0,0,0,0,0,0,0,0,0,0,0,0,0,0,0,0,1,0,0,0,0,0,0,0,0,0,0,0,0,0,0,1,0,0,0
2022-10-31,PROD_019,Merrell Moab 2 GTX,Outdoor,Zapatillas Trail,110,False,2,106.84,213.68,104.81333333333333,1.0494847983717084,0,0,0,0,0,0,0,0,0,0,0,0,1,0,0,0,0,0,0,0,0,0,0,0,0,1,0,0,0,0,0,0,0,0,0,0,0,0,0,0,0,0,0,1
2022-10-31,PROD_020,Quechua MH500,Outdoor,Ropa Montaña,80,False,1,78.43,78.43,73.7,1.0854816824966078,0,0,0,0,0,0,0,0,0,0,0,0,0,0,0,0,0,1,0,0,0,0,0,0,0,1,0,0,0,0,0,0,0,0,0,0,0,0,0,0,1,0,0,0
2022-10-31,PROD_021,Manduka PRO Yoga Mat,Wellness,Esterilla Yoga,130,True,6,130.83,784.98,122.27666666666666,1.0631627729465967,0,0,0,0,0,0,0,0,0,0,0,1,0,0,0,0,0,0,0,0,0,0,0,0,0,0,0,1,0,0,0,0,0,0,1,0,0,0,0,0,0,0,0,0
2022-10-31,PROD_022,Gaiam Premium Yoga Block,Wellness,Bloque Yoga,20,False,1,20.36,20.36,19.233333333333334,1.0398613518197573,0,0,0,0,0,0,0,0,1,0,0,0,0,0,0,0,0,0,0,0,0,0,0,0,0,0,0,1,0,0,0,1,0,0,0,0,0,0,0,0,0,0,0,0
2022-10-31,PROD_023,Liforme Yoga Pad,Wellness,Rodillera Yoga,35,False,1,35.58,35.58,33.376666666666665,1.0486367721961452,0,0,0,0,0,0,0,0,0,1,0,0,0,0,0,0,0,0,0,0,0,0,0,0,0,0,0,1,0,0,0,0,0,0,0,0,0,0,0,1,0,0,0,0
2022-10-31,PROD_024,Lotuscrafts Yoga Bolster,Wellness,Cojín Yoga,50,False,1,50.93,50.93,51.19,0.9767532721234616,0,0,0,0,0,0,0,0,0,0,1,0,0,0,0,0,0,0,0,0,0,0,0,0,0,0,0,1,0,0,0,0,1,0,0,0,0,0,0,0,0,0,0,0
2022-11-01,PROD_001,Nike Air Zoom Pegasus 40,Running,Zapatillas Running,115,True,10,112.83,1128.3,98.87666666666667,1.1630650979334525,0,0,0,0,0,0,0,0,0,0,0,0,0,0,1,0,0,0,0,0,0,0,0,0,0,0,1,0,0,0,0,0,0,0,0,0,0,0,0,0,0,0,1,0
2022-11-01,PROD_002,Adidas Ultraboost 23,Running,Zapatillas Running,135,True,10,136.41,1364.1,117.27,1.1511895625479662,0,1,0,0,0,0,0,0,0,0,0,0,0,0,0,0,0,0,0,0,0,0,0,0,0,0,1,0,0,0,0,0,0,0,0,0,0,0,0,0,0,0,1,0
2022-11-01,PROD_003,Asics Gel Nimbus 25,Running,Zapatillas Running,85,False,2,85.95,171.9,85.39333333333333,0.9953938636895933,0,0,1,0,0,0,0,0,0,0,0,0,0,0,0,0,0,0,0,0,0,0,0,0,0,0,1,0,0,0,0,0,0,0,0,0,0,0,0,0,0,0,1,0
2022-11-01,PROD_004,New Balance Fresh Foam X 1080v12,Running,Zapatillas Running,75,False,3,73.2,219.6,71.10333333333334,1.0548028690638038,0,0,0,0,0,0,0,0,0,0,0,0,0,1,0,0,0,0,0,0,0,0,0,0,0,0,1,0,0,0,0,0,0,0,0,0,0,0,0,0,0,0,1,0
2022-11-01,PROD_005,Nike Dri-FIT Miler,Running,Ropa Running,35,False,2,35.86,71.72,34.54333333333333,1.0132201100067548,0,0,0,0,0,0,0,0,0,0,0,0,0,0,0,1,0,0,0,0,0,0,0,0,0,0,1,0,0,0,0,0,0,0,0,0,0,0,0,0,0,1,0,0
2022-11-01,PROD_006,Adidas Own The Run Jacket,Running,Ropa Running,65,False,2,65.35,130.7,61.596666666666664,1.055251907570756,1,0,0,0,0,0,0,0,0,0,0,0,0,0,0,0,0,0,0,0,0,0,0,0,0,0,1,0,0,0,0,0,0,0,0,0,0,0,0,0,0,1,0,0
2022-11-01,PROD_007,Puma Velocity Nitro 2,Running,Zapatillas Running,70,False,2,68.71,137.42,69.09333333333335,1.0131223465843302,0,0,0,0,0,0,0,0,0,0,0,0,0,0,0,0,1,0,0,0,0,0,0,0,0,0,1,0,0,0,0,0,0,0,0,0,0,0,0,0,0,0,1,0
2022-11-01,PROD_008,Reebok Floatride Energy 5,Running,Zapatillas Running,65,False,2,63.94,127.88,64.53333333333335,1.0072314049586775,0,0,0,0,0,0,0,0,0,0,0,0,0,0,0,0,0,0,1,0,0,0,0,0,0,0,1,0,0,0,0,0,0,0,0,0,0,0,0,0,0,0,1,0
2022-11-01,PROD_009,Bowflex SelectTech 552,Fitness,Mancuernas Ajustables,400,True,2,393.86,787.72,359.54999999999995,1.1125017382839661,0,0,0,1,0,0,0,0,0,0,0,0,0,0,0,0,0,0,0,0,0,0,0,0,1,0,0,0,0,0,0,0,0,0,0,1,0,0,0,0,0,0,0,0
2022-11-01,PROD_010,Domyos BM900,Fitness,Banco Gimnasio,175,True,2,174.83,349.66,166.39666666666668,1.051703760091348,0,0,0,0,0,0,1,0,0,0,0,0,0,0,0,0,0,0,0,0,0,0,0,0,1,0,0,0,1,0,0,0,0,0,0,0,0,0,0,0,0,0,0,0
2022-11-01,PROD_011,Reebok Professional Deck,Fitness,Esterilla Fitness,45,False,3,45.51,136.53,45.06999999999999,0.9984468604393167,0,0,0,0,0,0,0,0,0,0,0,0,0,0,0,0,0,0,0,1,0,0,0,0,1,0,0,0,0,0,0,0,0,1,0,0,0,0,0,0,0,0,0,0
2022-11-01,PROD_012,Domyos Kit Mancuernas 20kg,Fitness,Pesas Casa,55,False,4,53.83,215.32,52.67666666666667,1.0441055495791938,0,0,0,0,0,0,0,1,0,0,0,0,0,0,0,0,0,0,0,0,0,0,0,0,1,0,0,0,0,0,0,0,0,0,0,0,0,0,1,0,0,0,0,0
2022-11-01,PROD_013,Decathlon Bandas Elásticas Set,Fitness,Bandas Elásticas,25,False,4,24.7,98.8,24.13,1.0360547036883547,0,0,0,0,0,1,0,0,0,0,0,0,0,0,0,0,0,0,0,0,0,0,0,0,1,0,0,0,0,1,0,0,0,0,0,0,0,0,0,0,0,0,0,0
2022-11-01,PROD_014,Sveltus Kettlebell 12kg,Fitness,Pesa Rusa,40,False,3,39.38,118.14,38.27,1.0452051215050953,0,0,0,0,0,0,0,0,0,0,0,0,0,0,0,0,0,0,0,0,0,1,0,0,1,0,0,0,0,0,0,0,0,0,0,0,0,1,0,0,0,0,0,0
2022-11-01,PROD_015,Salomon Speedcross 5 GTX,Outdoor,Zapatillas Trail,150,True,3,150.31,450.93,141.35666666666665,1.0611455655905866,0,0,0,0,0,0,0,0,0,0,0,0,0,0,0,0,0,0,0,0,1,0,0,0,0,1,0,0,0,0,0,0,0,0,0,0,0,0,0,0,0,0,0,1
2022-11-01,PROD_016,Trek Marlin 7,Outdoor,Bicicleta Montaña,830,True,4,848.08,3392.32,771.4900000000001,1.075840257164707,0,0,0,0,0,0,0,0,0,0,0,0,0,0,0,0,0,0,0,0,0,0,0,1,0,1,0,0,0,0,1,0,0,0,0,0,0,0,0,0,0,0,0,0
2022-11-01,PROD_017,The North Face Borealis,Outdoor,Mochila Trekking,95,False,2,97.11,194.22,90.48333333333335,1.0499171118069623,0,0,0,0,0,0,0,0,0,0,0,0,0,0,0,0,0,0,0,0,0,0,1,0,0,1,0,0,0,0,0,0,0,0,0,0,1,0,0,0,0,0,0,0
2022-11-01,PROD_018,Columbia Silver Ridge,Outdoor,Ropa Montaña,70,False,2,68.22,136.44,69.45333333333333,1.0078709925129583,0,0,0,0,1,0,0,0,0,0,0,0,0,0,0,0,0,0,0,0,0,0,0,0,0,1,0,0,0,0,0,0,0,0,0,0,0,0,0,0,1,0,0,0
2022-11-01,PROD_019,Merrell Moab 2 GTX,Outdoor,Zapatillas Trail,110,False,2,106.72,213.44,112.14666666666666,0.9808583997146594,0,0,0,0,0,0,0,0,0,0,0,0,1,0,0,0,0,0,0,0,0,0,0,0,0,1,0,0,0,0,0,0,0,0,0,0,0,0,0,0,0,0,0,1
2022-11-01,PROD_020,Quechua MH500,Outdoor,Ropa Montaña,80,False,1,80.62,80.62,78.05000000000001,1.02498398462524,0,0,0,0,0,0,0,0,0,0,0,0,0,0,0,0,0,1,0,0,0,0,0,0,0,1,0,0,0,0,0,0,0,0,0,0,0,0,0,0,1,0,0,0
2022-11-01,PROD_021,Manduka PRO Yoga Mat,Wellness,Esterilla Yoga,130,True,5,129.82,649.1,121.29,1.0718113612004287,0,0,0,0,0,0,0,0,0,0,0,1,0,0,0,0,0,0,0,0,0,0,0,0,0,0,0,1,0,0,0,0,0,0,1,0,0,0,0,0,0,0,0,0
2022-11-01,PROD_022,Gaiam Premium Yoga Block,Wellness,Bloque Yoga,20,False,1,20.42,20.42,19.423333333333332,1.029689377037927,0,0,0,0,0,0,0,0,1,0,0,0,0,0,0,0,0,0,0,0,0,0,0,0,0,0,0,1,0,0,0,1,0,0,0,0,0,0,0,0,0,0,0,0
2022-11-01,PROD_023,Liforme Yoga Pad,Wellness,Rodillera Yoga,35,False,2,35.77,71.54,34.279999999999994,1.0210035005834308,0,0,0,0,0,0,0,0,0,1,0,0,0,0,0,0,0,0,0,0,0,0,0,0,0,0,0,1,0,0,0,0,0,0,0,0,0,0,0,1,0,0,0,0
2022-11-01,PROD_024,Lotuscrafts Yoga Bolster,Wellness,Cojín Yoga,50,False,1,50.29,50.29,48.23,1.036699149906697,0,0,0,0,0,0,0,0,0,0,1,0,0,0,0,0,0,0,0,0,0,0,0,0,0,0,0,1,0,0,0,0,1,0,0,0,0,0,0,0,0,0,0,0
2022-11-02,PROD_001,Nike Air Zoom Pegasus 40,Running,Zapatillas Running,115,True,15,112.95,1694.25,98.80666666666667,1.1638890763106402,0,0,0,0,0,0,0,0,0,0,0,0,0,0,1,0,0,0,0,0,0,0,0,0,0,0,1,0,0,0,0,0,0,0,0,0,0,0,0,0,0,0,1,0
2022-11-02,PROD_002,Adidas Ultraboost 23,Running,Zapatillas Running,135,True,10,135.3,1353.0,117.75333333333333,1.1464643605276568,0,1,0,0,0,0,0,0,0,0,0,0,0,0,0,0,0,0,0,0,0,0,0,0,0,0,1,0,0,0,0,0,0,0,0,0,0,0,0,0,0,0,1,0
2022-11-02,PROD_003,Asics Gel Nimbus 25,Running,Zapatillas Running,85,False,3,82.54,247.62,83.58,1.0169897104570471,0,0,1,0,0,0,0,0,0,0,0,0,0,0,0,0,0,0,0,0,0,0,0,0,0,0,1,0,0,0,0,0,0,0,0,0,0,0,0,0,0,0,1,0
2022-11-02,PROD_004,New Balance Fresh Foam X 1080v12,Running,Zapatillas Running,75,False,2,76.9,153.8,73.23666666666666,1.0240771926630559,0,0,0,0,0,0,0,0,0,0,0,0,0,1,0,0,0,0,0,0,0,0,0,0,0,0,1,0,0,0,0,0,0,0,0,0,0,0,0,0,0,0,1,0
2022-11-02,PROD_005,Nike Dri-FIT Miler,Running,Ropa Running,35,False,2,34.15,68.3,33.61000000000001,1.041356739065754,0,0,0,0,0,0,0,0,0,0,0,0,0,0,0,1,0,0,0,0,0,0,0,0,0,0,1,0,0,0,0,0,0,0,0,0,0,0,0,0,0,1,0,0
2022-11-02,PROD_006,Adidas Own The Run Jacket,Running,Ropa Running,65,False,2,64.65,129.3,61.413333333333334,1.0584020842379505,1,0,0,0,0,0,0,0,0,0,0,0,0,0,0,0,0,0,0,0,0,0,0,0,0,0,1,0,0,0,0,0,0,0,0,0,0,0,0,0,0,1,0,0
2022-11-02,PROD_007,Puma Velocity Nitro 2,Running,Zapatillas Running,70,False,2,71.41,142.82,69.16333333333334,1.0120969685286036,0,0,0,0,0,0,0,0,0,0,0,0,0,0,0,0,1,0,0,0,0,0,0,0,0,0,1,0,0,0,0,0,0,0,0,0,0,0,0,0,0,0,1,0
2022-11-02,PROD_008,Reebok Floatride Energy 5,Running,Zapatillas Running,65,False,2,63.31,126.62,64.83,1.0026222427888323,0,0,0,0,0,0,0,0,0,0,0,0,0,0,0,0,0,0,1,0,0,0,0,0,0,0,1,0,0,0,0,0,0,0,0,0,0,0,0,0,0,0,1,0
2022-11-02,PROD_009,Bowflex SelectTech 552,Fitness,Mancuernas Ajustables,400,True,3,389.03,1167.09,364.49333333333334,1.09741376156857,0,0,0,1,0,0,0,0,0,0,0,0,0,0,0,0,0,0,0,0,0,0,0,0,1,0,0,0,0,0,0,0,0,0,0,1,0,0,0,0,0,0,0,0
2022-11-02,PROD_010,Domyos BM900,Fitness,Banco Gimnasio,175,True,2,171.89,343.78,167.5533333333333,1.04444356025942,0,0,0,0,0,0,1,0,0,0,0,0,0,0,0,0,0,0,0,0,0,0,0,0,1,0,0,0,1,0,0,0,0,0,0,0,0,0,0,0,0,0,0,0
2022-11-02,PROD_011,Reebok Professional Deck,Fitness,Esterilla Fitness,45,False,3,45.4,136.2,44.03666666666667,1.0218757096359095,0,0,0,0,0,0,0,0,0,0,0,0,0,0,0,0,0,0,0,1,0,0,0,0,1,0,0,0,0,0,0,0,0,1,0,0,0,0,0,0,0,0,0,0
2022-11-02,PROD_012,Domyos Kit Mancuernas 20kg,Fitness,Pesas Casa,55,False,4,55.33,221.32,53.413333333333334,1.0297054418372442,0,0,0,0,0,0,0,1,0,0,0,0,0,0,0,0,0,0,0,0,0,0,0,0,1,0,0,0,0,0,0,0,0,0,0,0,0,0,1,0,0,0,0,0
2022-11-02,PROD_013,Decathlon Bandas Elásticas Set,Fitness,Bandas Elásticas,25,False,2,25.28,50.56,24.143333333333334,1.0354825348612453,0,0,0,0,0,1,0,0,0,0,0,0,0,0,0,0,0,0,0,0,0,0,0,0,1,0,0,0,0,1,0,0,0,0,0,0,0,0,0,0,0,0,0,0
2022-11-02,PROD_014,Sveltus Kettlebell 12kg,Fitness,Pesa Rusa,40,False,3,40.29,120.87,38.50333333333333,1.038871093411826,0,0,0,0,0,0,0,0,0,0,0,0,0,0,0,0,0,0,0,0,0,1,0,0,1,0,0,0,0,0,0,0,0,0,0,0,0,1,0,0,0,0,0,0
2022-11-02,PROD_015,Salomon Speedcross 5 GTX,Outdoor,Zapatillas Trail,150,True,3,154.3,462.9,141.90333333333334,1.0570576213854501,0,0,0,0,0,0,0,0,0,0,0,0,0,0,0,0,0,0,0,0,1,0,0,0,0,1,0,0,0,0,0,0,0,0,0,0,0,0,0,0,0,0,0,1
2022-11-02,PROD_016,Trek Marlin 7,Outdoor,Bicicleta Montaña,830,True,2,828.22,1656.44,768.8100000000001,1.0795905360232045,0,0,0,0,0,0,0,0,0,0,0,0,0,0,0,0,0,0,0,0,0,0,0,1,0,1,0,0,0,0,1,0,0,0,0,0,0,0,0,0,0,0,0,0
2022-11-02,PROD_017,The North Face Borealis,Outdoor,Mochila Trekking,95,False,2,92.58,185.16,92.36,1.0285838025119098,0,0,0,0,0,0,0,0,0,0,0,0,0,0,0,0,0,0,0,0,0,0,1,0,0,1,0,0,0,0,0,0,0,0,0,0,1,0,0,0,0,0,0,0
2022-11-02,PROD_018,Columbia Silver Ridge,Outdoor,Ropa Montaña,70,False,2,68.41,136.82,68.34666666666668,1.0241904018728052,0,0,0,0,1,0,0,0,0,0,0,0,0,0,0,0,0,0,0,0,0,0,0,0,0,1,0,0,0,0,0,0,0,0,0,0,0,0,0,0,1,0,0,0
2022-11-02,PROD_019,Merrell Moab 2 GTX,Outdoor,Zapatillas Trail,110,False,2,109.78,219.56,104.63666666666666,1.051256729635883,0,0,0,0,0,0,0,0,0,0,0,0,1,0,0,0,0,0,0,0,0,0,0,0,0,1,0,0,0,0,0,0,0,0,0,0,0,0,0,0,0,0,0,1
2022-11-02,PROD_020,Quechua MH500,Outdoor,Ropa Montaña,80,False,2,78.93,157.86,79.72333333333334,1.0034703349082241,0,0,0,0,0,0,0,0,0,0,0,0,0,0,0,0,0,1,0,0,0,0,0,0,0,1,0,0,0,0,0,0,0,0,0,0,0,0,0,0,1,0,0,0
2022-11-02,PROD_021,Manduka PRO Yoga Mat,Wellness,Esterilla Yoga,130,True,4,129.95,519.8,122.34333333333335,1.0625834400457728,0,0,0,0,0,0,0,0,0,0,0,1,0,0,0,0,0,0,0,0,0,0,0,0,0,0,0,1,0,0,0,0,0,0,1,0,0,0,0,0,0,0,0,0
2022-11-02,PROD_022,Gaiam Premium Yoga Block,Wellness,Bloque Yoga,20,False,1,20.24,20.24,19.74,1.0131712259371835,0,0,0,0,0,0,0,0,1,0,0,0,0,0,0,0,0,0,0,0,0,0,0,0,0,0,0,1,0,0,0,1,0,0,0,0,0,0,0,0,0,0,0,0
2022-11-02,PROD_023,Liforme Yoga Pad,Wellness,Rodillera Yoga,35,False,1,34.22,34.22,34.65,1.0101010101010102,0,0,0,0,0,0,0,0,0,1,0,0,0,0,0,0,0,0,0,0,0,0,0,0,0,0,0,1,0,0,0,0,0,0,0,0,0,0,0,1,0,0,0,0
2022-11-02,PROD_024,Lotuscrafts Yoga Bolster,Wellness,Cojín Yoga,50,False,2,49.9,99.8,48.34,1.034340091021928,0,0,0,0,0,0,0,0,0,0,1,0,0,0,0,0,0,0,0,0,0,0,0,0,0,0,0,1,0,0,0,0,1,0,0,0,0,0,0,0,0,0,0,0
2022-11-03,PROD_001,Nike Air Zoom Pegasus 40,Running,Zapatillas Running,115,True,9,114.98,1034.82,100.41333333333334,1.1452662329039967,0,0,0,0,0,0,0,0,0,0,0,0,0,0,1,0,0,0,0,0,0,0,0,0,0,0,1,0,0,0,0,0,0,0,0,0,0,0,0,0,0,0,1,0
2022-11-03,PROD_002,Adidas Ultraboost 23,Running,Zapatillas Running,135,True,10,135.0,1350.0,117.79333333333334,1.1460750466919463,0,1,0,0,0,0,0,0,0,0,0,0,0,0,0,0,0,0,0,0,0,0,0,0,0,0,1,0,0,0,0,0,0,0,0,0,0,0,0,0,0,0,1,0
2022-11-03,PROD_003,Asics Gel Nimbus 25,Running,Zapatillas Running,85,False,3,85.15,255.45,79.83333333333333,1.0647181628392486,0,0,1,0,0,0,0,0,0,0,0,0,0,0,0,0,0,0,0,0,0,0,0,0,0,0,1,0,0,0,0,0,0,0,0,0,0,0,0,0,0,0,1,0
2022-11-03,PROD_004,New Balance Fresh Foam X 1080v12,Running,Zapatillas Running,75,False,3,74.45,223.35,70.84333333333333,1.0586740695431234,0,0,0,0,0,0,0,0,0,0,0,0,0,1,0,0,0,0,0,0,0,0,0,0,0,0,1,0,0,0,0,0,0,0,0,0,0,0,0,0,0,0,1,0
2022-11-03,PROD_005,Nike Dri-FIT Miler,Running,Ropa Running,35,False,3,34.82,104.46,34.24333333333333,1.0220967584931373,0,0,0,0,0,0,0,0,0,0,0,0,0,0,0,1,0,0,0,0,0,0,0,0,0,0,1,0,0,0,0,0,0,0,0,0,0,0,0,0,0,1,0,0
2022-11-03,PROD_006,Adidas Own The Run Jacket,Running,Ropa Running,65,False,2,64.82,129.64,63.39333333333334,1.0253444105584182,1,0,0,0,0,0,0,0,0,0,0,0,0,0,0,0,0,0,0,0,0,0,0,0,0,0,1,0,0,0,0,0,0,0,0,0,0,0,0,0,0,1,0,0
2022-11-03,PROD_007,Puma Velocity Nitro 2,Running,Zapatillas Running,70,False,2,71.64,143.28,68.74333333333334,1.0182805605392038,0,0,0,0,0,0,0,0,0,0,0,0,0,0,0,0,1,0,0,0,0,0,0,0,0,0,1,0,0,0,0,0,0,0,0,0,0,0,0,0,0,0,1,0
2022-11-03,PROD_008,Reebok Floatride Energy 5,Running,Zapatillas Running,65,False,2,65.82,131.64,62.55666666666667,1.0390579208184578,0,0,0,0,0,0,0,0,0,0,0,0,0,0,0,0,0,0,1,0,0,0,0,0,0,0,1,0,0,0,0,0,0,0,0,0,0,0,0,0,0,0,1,0
2022-11-03,PROD_009,Bowflex SelectTech 552,Fitness,Mancuernas Ajustables,400,True,2,411.3,822.6,359.16,1.1137097672346585,0,0,0,1,0,0,0,0,0,0,0,0,0,0,0,0,0,0,0,0,0,0,0,0,1,0,0,0,0,0,0,0,0,0,0,1,0,0,0,0,0,0,0,0
2022-11-03,PROD_010,Domyos BM900,Fitness,Banco Gimnasio,175,True,2,171.41,342.82,167.17666666666665,1.0467968017865332,0,0,0,0,0,0,1,0,0,0,0,0,0,0,0,0,0,0,0,0,0,0,0,0,1,0,0,0,1,0,0,0,0,0,0,0,0,0,0,0,0,0,0,0
2022-11-03,PROD_011,Reebok Professional Deck,Fitness,Esterilla Fitness,45,False,3,43.79,131.37,44.26,1.016719385449616,0,0,0,0,0,0,0,0,0,0,0,0,0,0,0,0,0,0,0,1,0,0,0,0,1,0,0,0,0,0,0,0,0,1,0,0,0,0,0,0,0,0,0,0
2022-11-03,PROD_012,Domyos Kit Mancuernas 20kg,Fitness,Pesas Casa,55,False,3,54.73,164.19,54.163333333333334,1.0154471044371962,0,0,0,0,0,0,0,1,0,0,0,0,0,0,0,0,0,0,0,0,0,0,0,0,1,0,0,0,0,0,0,0,0,0,0,0,0,0,1,0,0,0,0,0
2022-11-03,PROD_013,Decathlon Bandas Elásticas Set,Fitness,Bandas Elásticas,25,False,4,24.57,98.28,24.993333333333336,1.0002667377967458,0,0,0,0,0,1,0,0,0,0,0,0,0,0,0,0,0,0,0,0,0,0,0,0,1,0,0,0,0,1,0,0,0,0,0,0,0,0,0,0,0,0,0,0
2022-11-03,PROD_014,Sveltus Kettlebell 12kg,Fitness,Pesa Rusa,40,False,3,39.56,118.68,38.370000000000005,1.0424811050299712,0,0,0,0,0,0,0,0,0,0,0,0,0,0,0,0,0,0,0,0,0,1,0,0,1,0,0,0,0,0,0,0,0,0,0,0,0,1,0,0,0,0,0,0
2022-11-03,PROD_015,Salomon Speedcross 5 GTX,Outdoor,Zapatillas Trail,150,True,3,151.93,455.79,141.83333333333334,1.0575793184488835,0,0,0,0,0,0,0,0,0,0,0,0,0,0,0,0,0,0,0,0,1,0,0,0,0,1,0,0,0,0,0,0,0,0,0,0,0,0,0,0,0,0,0,1
2022-11-03,PROD_016,Trek Marlin 7,Outdoor,Bicicleta Montaña,830,True,3,823.6,2470.8,769.29,1.0789169233968985,0,0,0,0,0,0,0,0,0,0,0,0,0,0,0,0,0,0,0,0,0,0,0,1,0,1,0,0,0,0,1,0,0,0,0,0,0,0,0,0,0,0,0,0
2022-11-03,PROD_017,The North Face Borealis,Outdoor,Mochila Trekking,95,False,2,94.4,188.8,91.85000000000001,1.034295046271094,0,0,0,0,0,0,0,0,0,0,0,0,0,0,0,0,0,0,0,0,0,0,1,0,0,1,0,0,0,0,0,0,0,0,0,0,1,0,0,0,0,0,0,0
2022-11-03,PROD_018,Columbia Silver Ridge,Outdoor,Ropa Montaña,70,False,2,69.43,138.86,67.81333333333333,1.0322453794730633,0,0,0,0,1,0,0,0,0,0,0,0,0,0,0,0,0,0,0,0,0,0,0,0,0,1,0,0,0,0,0,0,0,0,0,0,0,0,0,0,1,0,0,0
2022-11-03,PROD_019,Merrell Moab 2 GTX,Outdoor,Zapatillas Trail,110,False,1,112.51,112.51,103.23333333333335,1.065547303842428,0,0,0,0,0,0,0,0,0,0,0,0,1,0,0,0,0,0,0,0,0,0,0,0,0,1,0,0,0,0,0,0,0,0,0,0,0,0,0,0,0,0,0,1
2022-11-03,PROD_020,Quechua MH500,Outdoor,Ropa Montaña,80,False,2,80.09,160.18,78.05333333333333,1.0249402118209772,0,0,0,0,0,0,0,0,0,0,0,0,0,0,0,0,0,1,0,0,0,0,0,0,0,1,0,0,0,0,0,0,0,0,0,0,0,0,0,0,1,0,0,0
2022-11-03,PROD_021,Manduka PRO Yoga Mat,Wellness,Esterilla Yoga,130,True,5,128.63,643.15,122.41666666666667,1.0619469026548671,0,0,0,0,0,0,0,0,0,0,0,1,0,0,0,0,0,0,0,0,0,0,0,0,0,0,0,1,0,0,0,0,0,0,1,0,0,0,0,0,0,0,0,0
2022-11-03,PROD_022,Gaiam Premium Yoga Block,Wellness,Bloque Yoga,20,False,1,20.15,20.15,20.173333333333336,0.9914077990746859,0,0,0,0,0,0,0,0,1,0,0,0,0,0,0,0,0,0,0,0,0,0,0,0,0,0,0,1,0,0,0,1,0,0,0,0,0,0,0,0,0,0,0,0
2022-11-03,PROD_023,Liforme Yoga Pad,Wellness,Rodillera Yoga,35,False,1,34.53,34.53,34.370000000000005,1.0183299389002036,0,0,0,0,0,0,0,0,0,1,0,0,0,0,0,0,0,0,0,0,0,0,0,0,0,0,0,1,0,0,0,0,0,0,0,0,0,0,0,1,0,0,0,0
2022-11-03,PROD_024,Lotuscrafts Yoga Bolster,Wellness,Cojín Yoga,50,False,1,50.24,50.24,50.02,0.9996001599360256,0,0,0,0,0,0,0,0,0,0,1,0,0,0,0,0,0,0,0,0,0,0,0,0,0,0,0,1,0,0,0,0,1,0,0,0,0,0,0,0,0,0,0,0
2022-11-04,PROD_001,Nike Air Zoom Pegasus 40,Running,Zapatillas Running,115,True,12,114.49,1373.88,100.24333333333333,1.1472084594154226,0,0,0,0,0,0,0,0,0,0,0,0,0,0,1,0,0,0,0,0,0,0,0,0,0,0,1,0,0,0,0,0,0,0,0,0,0,0,0,0,0,0,1,0
2022-11-04,PROD_002,Adidas Ultraboost 23,Running,Zapatillas Running,135,True,13,135.09,1756.17,116.58333333333333,1.1579699785561115,0,1,0,0,0,0,0,0,0,0,0,0,0,0,0,0,0,0,0,0,0,0,0,0,0,0,1,0,0,0,0,0,0,0,0,0,0,0,0,0,0,0,1,0
2022-11-04,PROD_003,Asics Gel Nimbus 25,Running,Zapatillas Running,85,False,3,84.99,254.97,79.33,1.0714735913273667,0,0,1,0,0,0,0,0,0,0,0,0,0,0,0,0,0,0,0,0,0,0,0,0,0,0,1,0,0,0,0,0,0,0,0,0,0,0,0,0,0,0,1,0
2022-11-04,PROD_004,New Balance Fresh Foam X 1080v12,Running,Zapatillas Running,75,False,3,76.39,229.17,70.75666666666667,1.059970791915956,0,0,0,0,0,0,0,0,0,0,0,0,0,1,0,0,0,0,0,0,0,0,0,0,0,0,1,0,0,0,0,0,0,0,0,0,0,0,0,0,0,0,1,0
2022-11-04,PROD_005,Nike Dri-FIT Miler,Running,Ropa Running,35,False,3,35.52,106.56,34.46,1.0156703424260012,0,0,0,0,0,0,0,0,0,0,0,0,0,0,0,1,0,0,0,0,0,0,0,0,0,0,1,0,0,0,0,0,0,0,0,0,0,0,0,0,0,1,0,0
2022-11-04,PROD_006,Adidas Own The Run Jacket,Running,Ropa Running,65,False,2,64.39,128.78,62.339999999999996,1.042669233237087,1,0,0,0,0,0,0,0,0,0,0,0,0,0,0,0,0,0,0,0,0,0,0,0,0,0,1,0,0,0,0,0,0,0,0,0,0,0,0,0,0,1,0,0
2022-11-04,PROD_007,Puma Velocity Nitro 2,Running,Zapatillas Running,70,False,2,71.88,143.76,68.53333333333333,1.0214007782101167,0,0,0,0,0,0,0,0,0,0,0,0,0,0,0,0,1,0,0,0,0,0,0,0,0,0,1,0,0,0,0,0,0,0,0,0,0,0,0,0,0,0,1,0
2022-11-04,PROD_008,Reebok Floatride Energy 5,Running,Zapatillas Running,65,False,2,65.38,130.76,63.24666666666667,1.0277221460946557,0,0,0,0,0,0,0,0,0,0,0,0,0,0,0,0,0,0,1,0,0,0,0,0,0,0,1,0,0,0,0,0,0,0,0,0,0,0,0,0,0,0,1,0
2022-11-04,PROD_009,Bowflex SelectTech 552,Fitness,Mancuernas Ajustables,400,True,2,393.94,787.88,359.2633333333333,1.1133894357899035,0,0,0,1,0,0,0,0,0,0,0,0,0,0,0,0,0,0,0,0,0,0,0,0,1,0,0,0,0,0,0,0,0,0,0,1,0,0,0,0,0,0,0,0
2022-11-04,PROD_010,Domyos BM900,Fitness,Banco Gimnasio,175,True,3,169.94,509.82,168.56000000000003,1.038205980066445,0,0,0,0,0,0,1,0,0,0,0,0,0,0,0,0,0,0,0,0,0,0,0,0,1,0,0,0,1,0,0,0,0,0,0,0,0,0,0,0,0,0,0,0
2022-11-04,PROD_011,Reebok Professional Deck,Fitness,Esterilla Fitness,45,False,3,45.29,135.87,45.89333333333334,0.9805345729227193,0,0,0,0,0,0,0,0,0,0,0,0,0,0,0,0,0,0,0,1,0,0,0,0,1,0,0,0,0,0,0,0,0,1,0,0,0,0,0,0,0,0,0,0
2022-11-04,PROD_012,Domyos Kit Mancuernas 20kg,Fitness,Pesas Casa,55,False,4,56.64,226.56,55.49333333333333,0.9911100432484383,0,0,0,0,0,0,0,1,0,0,0,0,0,0,0,0,0,0,0,0,0,0,0,0,1,0,0,0,0,0,0,0,0,0,0,0,0,0,1,0,0,0,0,0
2022-11-04,PROD_013,Decathlon Bandas Elásticas Set,Fitness,Bandas Elásticas,25,False,4,25.6,102.4,24.549999999999997,1.0183299389002038,0,0,0,0,0,1,0,0,0,0,0,0,0,0,0,0,0,0,0,0,0,0,0,0,1,0,0,0,0,1,0,0,0,0,0,0,0,0,0,0,0,0,0,0
2022-11-04,PROD_014,Sveltus Kettlebell 12kg,Fitness,Pesa Rusa,40,False,3,39.56,118.68,38.99666666666666,1.025728694760236,0,0,0,0,0,0,0,0,0,0,0,0,0,0,0,0,0,0,0,0,0,1,0,0,1,0,0,0,0,0,0,0,0,0,0,0,0,1,0,0,0,0,0,0
2022-11-04,PROD_015,Salomon Speedcross 5 GTX,Outdoor,Zapatillas Trail,150,True,4,152.48,609.92,143.42333333333335,1.0458549283008343,0,0,0,0,0,0,0,0,0,0,0,0,0,0,0,0,0,0,0,0,1,0,0,0,0,1,0,0,0,0,0,0,0,0,0,0,0,0,0,0,0,0,0,1
2022-11-04,PROD_016,Trek Marlin 7,Outdoor,Bicicleta Montaña,830,True,3,845.22,2535.66,773.5033333333334,1.0730399782806364,0,0,0,0,0,0,0,0,0,0,0,0,0,0,0,0,0,0,0,0,0,0,0,1,0,1,0,0,0,0,1,0,0,0,0,0,0,0,0,0,0,0,0,0
2022-11-04,PROD_017,The North Face Borealis,Outdoor,Mochila Trekking,95,False,3,94.99,284.97,91.48333333333333,1.0384405173984332,0,0,0,0,0,0,0,0,0,0,0,0,0,0,0,0,0,0,0,0,0,0,1,0,0,1,0,0,0,0,0,0,0,0,0,0,1,0,0,0,0,0,0,0
2022-11-04,PROD_018,Columbia Silver Ridge,Outdoor,Ropa Montaña,70,False,2,70.04,140.08,68.90333333333332,1.0159160176092112,0,0,0,0,1,0,0,0,0,0,0,0,0,0,0,0,0,0,0,0,0,0,0,0,0,1,0,0,0,0,0,0,0,0,0,0,0,0,0,0,1,0,0,0
2022-11-04,PROD_019,Merrell Moab 2 GTX,Outdoor,Zapatillas Trail,110,False,2,109.78,219.56,110.55333333333333,0.9949948742688296,0,0,0,0,0,0,0,0,0,0,0,0,1,0,0,0,0,0,0,0,0,0,0,0,0,1,0,0,0,0,0,0,0,0,0,0,0,0,0,0,0,0,0,1
2022-11-04,PROD_020,Quechua MH500,Outdoor,Ropa Montaña,80,False,2,79.16,158.32,78.68333333333334,1.0167337428510907,0,0,0,0,0,0,0,0,0,0,0,0,0,0,0,0,0,1,0,0,0,0,0,0,0,1,0,0,0,0,0,0,0,0,0,0,0,0,0,0,1,0,0,0
2022-11-04,PROD_021,Manduka PRO Yoga Mat,Wellness,Esterilla Yoga,130,True,6,133.37,800.22,121.67999999999999,1.0683760683760684,0,0,0,0,0,0,0,0,0,0,0,1,0,0,0,0,0,0,0,0,0,0,0,0,0,0,0,1,0,0,0,0,0,0,1,0,0,0,0,0,0,0,0,0
2022-11-04,PROD_022,Gaiam Premium Yoga Block,Wellness,Bloque Yoga,20,False,2,19.73,39.46,18.84,1.0615711252653928,0,0,0,0,0,0,0,0,1,0,0,0,0,0,0,0,0,0,0,0,0,0,0,0,0,0,0,1,0,0,0,1,0,0,0,0,0,0,0,0,0,0,0,0
2022-11-04,PROD_023,Liforme Yoga Pad,Wellness,Rodillera Yoga,35,False,2,35.09,70.18,35.266666666666666,0.9924385633270322,0,0,0,0,0,0,0,0,0,1,0,0,0,0,0,0,0,0,0,0,0,0,0,0,0,0,0,1,0,0,0,0,0,0,0,0,0,0,0,1,0,0,0,0
2022-11-04,PROD_024,Lotuscrafts Yoga Bolster,Wellness,Cojín Yoga,50,False,1,49.66,49.66,48.31,1.03498240529911,0,0,0,0,0,0,0,0,0,0,1,0,0,0,0,0,0,0,0,0,0,0,0,0,0,0,0,1,0,0,0,0,1,0,0,0,0,0,0,0,0,0,0,0
2022-11-05,PROD_001,Nike Air Zoom Pegasus 40,Running,Zapatillas Running,115,True,18,112.65,2027.7,99.30333333333334,1.1580678728475042,0,0,0,0,0,0,0,0,0,0,0,0,0,0,1,0,0,0,0,0,0,0,0,0,0,0,1,0,0,0,0,0,0,0,0,0,0,0,0,0,0,0,1,0
2022-11-05,PROD_002,Adidas Ultraboost 23,Running,Zapatillas Running,135,True,14,137.91,1930.74,116.79666666666667,1.1558549045349469,0,1,0,0,0,0,0,0,0,0,0,0,0,0,0,0,0,0,0,0,0,0,0,0,0,0,1,0,0,0,0,0,0,0,0,0,0,0,0,0,0,0,1,0
2022-11-05,PROD_003,Asics Gel Nimbus 25,Running,Zapatillas Running,85,False,3,86.03,258.09,82.03333333333332,1.0361641609101993,0,0,1,0,0,0,0,0,0,0,0,0,0,0,0,0,0,0,0,0,0,0,0,0,0,0,1,0,0,0,0,0,0,0,0,0,0,0,0,0,0,0,1,0
2022-11-05,PROD_004,New Balance Fresh Foam X 1080v12,Running,Zapatillas Running,75,False,3,73.83,221.49,73.97000000000001,1.0139245640124372,0,0,0,0,0,0,0,0,0,0,0,0,0,1,0,0,0,0,0,0,0,0,0,0,0,0,1,0,0,0,0,0,0,0,0,0,0,0,0,0,0,0,1,0
2022-11-05,PROD_005,Nike Dri-FIT Miler,Running,Ropa Running,35,False,3,34.09,102.27,34.550000000000004,1.0130246020260492,0,0,0,0,0,0,0,0,0,0,0,0,0,0,0,1,0,0,0,0,0,0,0,0,0,0,1,0,0,0,0,0,0,0,0,0,0,0,0,0,0,1,0,0
2022-11-05,PROD_006,Adidas Own The Run Jacket,Running,Ropa Running,65,False,3,66.15,198.45,65.10666666666667,0.9983616629121441,1,0,0,0,0,0,0,0,0,0,0,0,0,0,0,0,0,0,0,0,0,0,0,0,0,0,1,0,0,0,0,0,0,0,0,0,0,0,0,0,0,1,0,0
2022-11-05,PROD_007,Puma Velocity Nitro 2,Running,Zapatillas Running,70,False,3,67.93,203.79,70.88,0.9875846501128669,0,0,0,0,0,0,0,0,0,0,0,0,0,0,0,0,1,0,0,0,0,0,0,0,0,0,1,0,0,0,0,0,0,0,0,0,0,0,0,0,0,0,1,0
2022-11-05,PROD_008,Reebok Floatride Energy 5,Running,Zapatillas Running,65,False,3,66.69,200.07,59.85333333333333,1.0859879705947872,0,0,0,0,0,0,0,0,0,0,0,0,0,0,0,0,0,0,1,0,0,0,0,0,0,0,1,0,0,0,0,0,0,0,0,0,0,0,0,0,0,0,1,0
2022-11-05,PROD_009,Bowflex SelectTech 552,Fitness,Mancuernas Ajustables,400,True,2,393.02,786.04,363.91333333333336,1.0991628043307013,0,0,0,1,0,0,0,0,0,0,0,0,0,0,0,0,0,0,0,0,0,0,0,0,1,0,0,0,0,0,0,0,0,0,0,1,0,0,0,0,0,0,0,0
2022-11-05,PROD_010,Domyos BM900,Fitness,Banco Gimnasio,175,True,3,175.48,526.44,167.1,1.0472770795930582,0,0,0,0,0,0,1,0,0,0,0,0,0,0,0,0,0,0,0,0,0,0,0,0,1,0,0,0,1,0,0,0,0,0,0,0,0,0,0,0,0,0,0,0
2022-11-05,PROD_011,Reebok Professional Deck,Fitness,Esterilla Fitness,45,False,5,45.42,227.1,45.176666666666655,0.9960894266951968,0,0,0,0,0,0,0,0,0,0,0,0,0,0,0,0,0,0,0,1,0,0,0,0,1,0,0,0,0,0,0,0,0,1,0,0,0,0,0,0,0,0,0,0
2022-11-05,PROD_012,Domyos Kit Mancuernas 20kg,Fitness,Pesas Casa,55,False,5,53.62,268.1,55.20666666666667,0.9962564907619852,0,0,0,0,0,0,0,1,0,0,0,0,0,0,0,0,0,0,0,0,0,0,0,0,1,0,0,0,0,0,0,0,0,0,0,0,0,0,1,0,0,0,0,0
2022-11-05,PROD_013,Decathlon Bandas Elásticas Set,Fitness,Bandas Elásticas,25,False,3,24.78,74.34,23.060000000000002,1.0841283607979184,0,0,0,0,0,1,0,0,0,0,0,0,0,0,0,0,0,0,0,0,0,0,0,0,1,0,0,0,0,1,0,0,0,0,0,0,0,0,0,0,0,0,0,0
2022-11-05,PROD_014,Sveltus Kettlebell 12kg,Fitness,Pesa Rusa,40,False,4,39.21,156.84,39.269999999999996,1.0185892538833716,0,0,0,0,0,0,0,0,0,0,0,0,0,0,0,0,0,0,0,0,0,1,0,0,1,0,0,0,0,0,0,0,0,0,0,0,0,1,0,0,0,0,0,0
2022-11-05,PROD_015,Salomon Speedcross 5 GTX,Outdoor,Zapatillas Trail,150,True,5,146.75,733.75,142.13,1.0553718426792373,0,0,0,0,0,0,0,0,0,0,0,0,0,0,0,0,0,0,0,0,1,0,0,0,0,1,0,0,0,0,0,0,0,0,0,0,0,0,0,0,0,0,0,1
2022-11-05,PROD_016,Trek Marlin 7,Outdoor,Bicicleta Montaña,830,True,3,808.24,2424.72,767.6566666666668,1.0812125212225951,0,0,0,0,0,0,0,0,0,0,0,0,0,0,0,0,0,0,0,0,0,0,0,1,0,1,0,0,0,0,1,0,0,0,0,0,0,0,0,0,0,0,0,0
2022-11-05,PROD_017,The North Face Borealis,Outdoor,Mochila Trekking,95,False,3,97.54,292.62,88.88666666666667,1.0687767194179854,0,0,0,0,0,0,0,0,0,0,0,0,0,0,0,0,0,0,0,0,0,0,1,0,0,1,0,0,0,0,0,0,0,0,0,0,1,0,0,0,0,0,0,0
2022-11-05,PROD_018,Columbia Silver Ridge,Outdoor,Ropa Montaña,70,False,3,68.63,205.89,64.77333333333333,1.080691642651297,0,0,0,0,1,0,0,0,0,0,0,0,0,0,0,0,0,0,0,0,0,0,0,0,0,1,0,0,0,0,0,0,0,0,0,0,0,0,0,0,1,0,0,0
2022-11-05,PROD_019,Merrell Moab 2 GTX,Outdoor,Zapatillas Trail,110,False,3,110.69,332.07,105.82333333333334,1.0394682962169652,0,0,0,0,0,0,0,0,0,0,0,0,1,0,0,0,0,0,0,0,0,0,0,0,0,1,0,0,0,0,0,0,0,0,0,0,0,0,0,0,0,0,0,1
2022-11-05,PROD_020,Quechua MH500,Outdoor,Ropa Montaña,80,False,2,81.19,162.38,75.57333333333334,1.0585744530698658,0,0,0,0,0,0,0,0,0,0,0,0,0,0,0,0,0,1,0,0,0,0,0,0,0,1,0,0,0,0,0,0,0,0,0,0,0,0,0,0,1,0,0,0
2022-11-05,PROD_021,Manduka PRO Yoga Mat,Wellness,Esterilla Yoga,130,True,6,130.59,783.54,122.80333333333333,1.0586031866670287,0,0,0,0,0,0,0,0,0,0,0,1,0,0,0,0,0,0,0,0,0,0,0,0,0,0,0,1,0,0,0,0,0,0,1,0,0,0,0,0,0,0,0,0
2022-11-05,PROD_022,Gaiam Premium Yoga Block,Wellness,Bloque Yoga,20,False,2,19.42,38.84,19.64,1.0183299389002036,0,0,0,0,0,0,0,0,1,0,0,0,0,0,0,0,0,0,0,0,0,0,0,0,0,0,0,1,0,0,0,1,0,0,0,0,0,0,0,0,0,0,0,0
2022-11-05,PROD_023,Liforme Yoga Pad,Wellness,Rodillera Yoga,35,False,2,35.4,70.8,34.00666666666667,1.0292099588316017,0,0,0,0,0,0,0,0,0,1,0,0,0,0,0,0,0,0,0,0,0,0,0,0,0,0,0,1,0,0,0,0,0,0,0,0,0,0,0,1,0,0,0,0
2022-11-05,PROD_024,Lotuscrafts Yoga Bolster,Wellness,Cojín Yoga,50,False,2,50.39,100.78,49.01333333333333,1.0201305767138196,0,0,0,0,0,0,0,0,0,0,1,0,0,0,0,0,0,0,0,0,0,0,0,0,0,0,0,1,0,0,0,0,1,0,0,0,0,0,0,0,0,0,0,0
2022-11-06,PROD_001,Nike Air Zoom Pegasus 40,Running,Zapatillas Running,115,True,9,117.88,1060.92,101.21666666666665,1.136176519018607,0,0,0,0,0,0,0,0,0,0,0,0,0,0,1,0,0,0,0,0,0,0,0,0,0,0,1,0,0,0,0,0,0,0,0,0,0,0,0,0,0,0,1,0
2022-11-06,PROD_002,Adidas Ultraboost 23,Running,Zapatillas Running,135,True,12,131.81,1581.72,117.73,1.1466915824343837,0,1,0,0,0,0,0,0,0,0,0,0,0,0,0,0,0,0,0,0,0,0,0,0,0,0,1,0,0,0,0,0,0,0,0,0,0,0,0,0,0,0,1,0
2022-11-06,PROD_003,Asics Gel Nimbus 25,Running,Zapatillas Running,85,False,2,83.12,166.24,80.63666666666666,1.0541110330288126,0,0,1,0,0,0,0,0,0,0,0,0,0,0,0,0,0,0,0,0,0,0,0,0,0,0,1,0,0,0,0,0,0,0,0,0,0,0,0,0,0,0,1,0
2022-11-06,PROD_004,New Balance Fresh Foam X 1080v12,Running,Zapatillas Running,75,False,3,75.93,227.79,70.91000000000001,1.0576787477083625,0,0,0,0,0,0,0,0,0,0,0,0,0,1,0,0,0,0,0,0,0,0,0,0,0,0,1,0,0,0,0,0,0,0,0,0,0,0,0,0,0,0,1,0
2022-11-06,PROD_005,Nike Dri-FIT Miler,Running,Ropa Running,35,False,3,35.78,107.34,34.88,1.003440366972477,0,0,0,0,0,0,0,0,0,0,0,0,0,0,0,1,0,0,0,0,0,0,0,0,0,0,1,0,0,0,0,0,0,0,0,0,0,0,0,0,0,1,0,0
2022-11-06,PROD_006,Adidas Own The Run Jacket,Running,Ropa Running,65,False,3,63.45,190.35,63.073333333333345,1.0305464538632279,1,0,0,0,0,0,0,0,0,0,0,0,0,0,0,0,0,0,0,0,0,0,0,0,0,0,1,0,0,0,0,0,0,0,0,0,0,0,0,0,0,1,0,0
2022-11-06,PROD_007,Puma Velocity Nitro 2,Running,Zapatillas Running,70,False,2,70.88,141.76,70.21666666666667,0.9969143128412058,0,0,0,0,0,0,0,0,0,0,0,0,0,0,0,0,1,0,0,0,0,0,0,0,0,0,1,0,0,0,0,0,0,0,0,0,0,0,0,0,0,0,1,0
2022-11-06,PROD_008,Reebok Floatride Energy 5,Running,Zapatillas Running,65,False,2,66.34,132.68,64.25666666666666,1.0115681900710694,0,0,0,0,0,0,0,0,0,0,0,0,0,0,0,0,0,0,1,0,0,0,0,0,0,0,1,0,0,0,0,0,0,0,0,0,0,0,0,0,0,0,1,0
2022-11-06,PROD_009,Bowflex SelectTech 552,Fitness,Mancuernas Ajustables,400,True,2,396.12,792.24,363.9566666666667,1.0990319360363412,0,0,0,1,0,0,0,0,0,0,0,0,0,0,0,0,0,0,0,0,0,0,0,0,1,0,0,0,0,0,0,0,0,0,0,1,0,0,0,0,0,0,0,0
2022-11-06,PROD_010,Domyos BM900,Fitness,Banco Gimnasio,175,True,2,179.22,358.44,164.5666666666667,1.0633988251974882,0,0,0,0,0,0,1,0,0,0,0,0,0,0,0,0,0,0,0,0,0,0,0,0,1,0,0,0,1,0,0,0,0,0,0,0,0,0,0,0,0,0,0,0
2022-11-06,PROD_011,Reebok Professional Deck,Fitness,Esterilla Fitness,45,False,4,44.57,178.28,43.89333333333334,1.025212636695018,0,0,0,0,0,0,0,0,0,0,0,0,0,0,0,0,0,0,0,1,0,0,0,0,1,0,0,0,0,0,0,0,0,1,0,0,0,0,0,0,0,0,0,0
2022-11-06,PROD_012,Domyos Kit Mancuernas 20kg,Fitness,Pesas Casa,55,False,3,55.77,167.31,51.833333333333336,1.0610932475884245,0,0,0,0,0,0,0,1,0,0,0,0,0,0,0,0,0,0,0,0,0,0,0,0,1,0,0,0,0,0,0,0,0,0,0,0,0,0,1,0,0,0,0,0
2022-11-06,PROD_013,Decathlon Bandas Elásticas Set,Fitness,Bandas Elásticas,25,False,4,24.34,97.36,24.78333333333333,1.008742434431742,0,0,0,0,0,1,0,0,0,0,0,0,0,0,0,0,0,0,0,0,0,0,0,0,1,0,0,0,0,1,0,0,0,0,0,0,0,0,0,0,0,0,0,0
2022-11-06,PROD_014,Sveltus Kettlebell 12kg,Fitness,Pesa Rusa,40,False,3,39.43,118.29,38.699999999999996,1.03359173126615,0,0,0,0,0,0,0,0,0,0,0,0,0,0,0,0,0,0,0,0,0,1,0,0,1,0,0,0,0,0,0,0,0,0,0,0,0,1,0,0,0,0,0,0
2022-11-06,PROD_015,Salomon Speedcross 5 GTX,Outdoor,Zapatillas Trail,150,True,3,153.68,461.04,140.49666666666667,1.067640987923794,0,0,0,0,0,0,0,0,0,0,0,0,0,0,0,0,0,0,0,0,1,0,0,0,0,1,0,0,0,0,0,0,0,0,0,0,0,0,0,0,0,0,0,1
2022-11-06,PROD_016,Trek Marlin 7,Outdoor,Bicicleta Montaña,830,True,4,841.83,3367.32,769.2066666666666,1.0790338097260381,0,0,0,0,0,0,0,0,0,0,0,0,0,0,0,0,0,0,0,0,0,0,0,1,0,1,0,0,0,0,1,0,0,0,0,0,0,0,0,0,0,0,0,0
2022-11-06,PROD_017,The North Face Borealis,Outdoor,Mochila Trekking,95,False,3,96.7,290.1,92.02666666666666,1.0323094755143438,0,0,0,0,0,0,0,0,0,0,0,0,0,0,0,0,0,0,0,0,0,0,1,0,0,1,0,0,0,0,0,0,0,0,0,0,1,0,0,0,0,0,0,0
2022-11-06,PROD_018,Columbia Silver Ridge,Outdoor,Ropa Montaña,70,False,2,71.31,142.62,68.62333333333333,1.0200612036722203,0,0,0,0,1,0,0,0,0,0,0,0,0,0,0,0,0,0,0,0,0,0,0,0,0,1,0,0,0,0,0,0,0,0,0,0,0,0,0,0,1,0,0,0
2022-11-06,PROD_019,Merrell Moab 2 GTX,Outdoor,Zapatillas Trail,110,False,2,109.07,218.14,108.17,1.0169178145511695,0,0,0,0,0,0,0,0,0,0,0,0,1,0,0,0,0,0,0,0,0,0,0,0,0,1,0,0,0,0,0,0,0,0,0,0,0,0,0,0,0,0,0,1
2022-11-06,PROD_020,Quechua MH500,Outdoor,Ropa Montaña,80,False,2,81.55,163.1,80.06,0.9992505620784411,0,0,0,0,0,0,0,0,0,0,0,0,0,0,0,0,0,1,0,0,0,0,0,0,0,1,0,0,0,0,0,0,0,0,0,0,0,0,0,0,1,0,0,0
2022-11-06,PROD_021,Manduka PRO Yoga Mat,Wellness,Esterilla Yoga,130,True,5,129.5,647.5,121.26666666666667,1.0720175920835624,0,0,0,0,0,0,0,0,0,0,0,1,0,0,0,0,0,0,0,0,0,0,0,0,0,0,0,1,0,0,0,0,0,0,1,0,0,0,0,0,0,0,0,0
2022-11-06,PROD_022,Gaiam Premium Yoga Block,Wellness,Bloque Yoga,20,False,2,19.6,39.2,19.933333333333334,1.0033444816053512,0,0,0,0,0,0,0,0,1,0,0,0,0,0,0,0,0,0,0,0,0,0,0,0,0,0,0,1,0,0,0,1,0,0,0,0,0,0,0,0,0,0,0,0
2022-11-06,PROD_023,Liforme Yoga Pad,Wellness,Rodillera Yoga,35,False,2,34.96,69.92,33.76,1.0367298578199053,0,0,0,0,0,0,0,0,0,1,0,0,0,0,0,0,0,0,0,0,0,0,0,0,0,0,0,1,0,0,0,0,0,0,0,0,0,0,0,1,0,0,0,0
2022-11-06,PROD_024,Lotuscrafts Yoga Bolster,Wellness,Cojín Yoga,50,False,1,51.36,51.36,49.72666666666667,1.0054967153773964,0,0,0,0,0,0,0,0,0,0,1,0,0,0,0,0,0,0,0,0,0,0,0,0,0,0,0,1,0,0,0,0,1,0,0,0,0,0,0,0,0,0,0,0
2022-11-07,PROD_001,Nike Air Zoom Pegasus 40,Running,Zapatillas Running,115,True,9,115.72,1041.48,98.87666666666667,1.1630650979334525,0,0,0,0,0,0,0,0,0,0,0,0,0,0,1,0,0,0,0,0,0,0,0,0,0,0,1,0,0,0,0,0,0,0,0,0,0,0,0,0,0,0,1,0
2022-11-07,PROD_002,Adidas Ultraboost 23,Running,Zapatillas Running,135,True,10,139.02,1390.2,118.22666666666667,1.1418743656253523,0,1,0,0,0,0,0,0,0,0,0,0,0,0,0,0,0,0,0,0,0,0,0,0,0,0,1,0,0,0,0,0,0,0,0,0,0,0,0,0,0,0,1,0
2022-11-07,PROD_003,Asics Gel Nimbus 25,Running,Zapatillas Running,85,False,3,86.39,259.17,81.97666666666667,1.0368804131256861,0,0,1,0,0,0,0,0,0,0,0,0,0,0,0,0,0,0,0,0,0,0,0,0,0,0,1,0,0,0,0,0,0,0,0,0,0,0,0,0,0,0,1,0
2022-11-07,PROD_004,New Balance Fresh Foam X 1080v12,Running,Zapatillas Running,75,False,3,75.01,225.03,71.21333333333332,1.053173563003183,0,0,0,0,0,0,0,0,0,0,0,0,0,1,0,0,0,0,0,0,0,0,0,0,0,0,1,0,0,0,0,0,0,0,0,0,0,0,0,0,0,0,1,0
2022-11-07,PROD_005,Nike Dri-FIT Miler,Running,Ropa Running,35,False,3,35.05,105.15,33.25333333333333,1.0525260625501205,0,0,0,0,0,0,0,0,0,0,0,0,0,0,0,1,0,0,0,0,0,0,0,0,0,0,1,0,0,0,0,0,0,0,0,0,0,0,0,0,0,1,0,0
2022-11-07,PROD_006,Adidas Own The Run Jacket,Running,Ropa Running,65,False,2,66.57,133.14,61.79,1.051950153746561,1,0,0,0,0,0,0,0,0,0,0,0,0,0,0,0,0,0,0,0,0,0,0,0,0,0,1,0,0,0,0,0,0,0,0,0,0,0,0,0,0,1,0,0
2022-11-07,PROD_007,Puma Velocity Nitro 2,Running,Zapatillas Running,70,False,2,68.59,137.18,67.79333333333334,1.032549906578818,0,0,0,0,0,0,0,0,0,0,0,0,0,0,0,0,1,0,0,0,0,0,0,0,0,0,1,0,0,0,0,0,0,0,0,0,0,0,0,0,0,0,1,0
2022-11-07,PROD_008,Reebok Floatride Energy 5,Running,Zapatillas Running,65,False,2,64.12,128.24,63.74333333333334,1.019714479945615,0,0,0,0,0,0,0,0,0,0,0,0,0,0,0,0,0,0,1,0,0,0,0,0,0,0,1,0,0,0,0,0,0,0,0,0,0,0,0,0,0,0,1,0
2022-11-07,PROD_009,Bowflex SelectTech 552,Fitness,Mancuernas Ajustables,400,True,2,402.97,805.94,357.01,1.1204167950477577,0,0,0,1,0,0,0,0,0,0,0,0,0,0,0,0,0,0,0,0,0,0,0,0,1,0,0,0,0,0,0,0,0,0,0,1,0,0,0,0,0,0,0,0
2022-11-07,PROD_010,Domyos BM900,Fitness,Banco Gimnasio,175,True,3,178.31,534.93,167.78333333333333,1.0430118208006358,0,0,0,0,0,0,1,0,0,0,0,0,0,0,0,0,0,0,0,0,0,0,0,0,1,0,0,0,1,0,0,0,0,0,0,0,0,0,0,0,0,0,0,0
2022-11-07,PROD_011,Reebok Professional Deck,Fitness,Esterilla Fitness,45,False,3,45.13,135.39,43.73,1.0290418477018066,0,0,0,0,0,0,0,0,0,0,0,0,0,0,0,0,0,0,0,1,0,0,0,0,1,0,0,0,0,0,0,0,0,1,0,0,0,0,0,0,0,0,0,0
2022-11-07,PROD_012,Domyos Kit Mancuernas 20kg,Fitness,Pesas Casa,55,False,4,56.22,224.88,54.29666666666666,1.0129535269200074,0,0,0,0,0,0,0,1,0,0,0,0,0,0,0,0,0,0,0,0,0,0,0,0,1,0,0,0,0,0,0,0,0,0,0,0,0,0,1,0,0,0,0,0
2022-11-07,PROD_013,Decathlon Bandas Elásticas Set,Fitness,Bandas Elásticas,25,False,3,24.28,72.84,24.25666666666667,1.0306444963583892,0,0,0,0,0,1,0,0,0,0,0,0,0,0,0,0,0,0,0,0,0,0,0,0,1,0,0,0,0,1,0,0,0,0,0,0,0,0,0,0,0,0,0,0
2022-11-07,PROD_014,Sveltus Kettlebell 12kg,Fitness,Pesa Rusa,40,False,3,39.86,119.58,37.72333333333333,1.0603516833082973,0,0,0,0,0,0,0,0,0,0,0,0,0,0,0,0,0,0,0,0,0,1,0,0,1,0,0,0,0,0,0,0,0,0,0,0,0,1,0,0,0,0,0,0
2022-11-07,PROD_015,Salomon Speedcross 5 GTX,Outdoor,Zapatillas Trail,150,True,4,153.51,614.04,140.46333333333334,1.067894349652341,0,0,0,0,0,0,0,0,0,0,0,0,0,0,0,0,0,0,0,0,1,0,0,0,0,1,0,0,0,0,0,0,0,0,0,0,0,0,0,0,0,0,0,1
2022-11-07,PROD_016,Trek Marlin 7,Outdoor,Bicicleta Montaña,830,True,3,821.39,2464.17,765.8633333333333,1.0837442711710967,0,0,0,0,0,0,0,0,0,0,0,0,0,0,0,0,0,0,0,0,0,0,0,1,0,1,0,0,0,0,1,0,0,0,0,0,0,0,0,0,0,0,0,0
2022-11-07,PROD_017,The North Face Borealis,Outdoor,Mochila Trekking,95,False,2,94.09,188.18,96.53666666666668,0.9840820413659749,0,0,0,0,0,0,0,0,0,0,0,0,0,0,0,0,0,0,0,0,0,0,1,0,0,1,0,0,0,0,0,0,0,0,0,0,1,0,0,0,0,0,0,0
2022-11-07,PROD_018,Columbia Silver Ridge,Outdoor,Ropa Montaña,70,False,2,71.22,142.44,68.69333333333333,1.0190217391304348,0,0,0,0,1,0,0,0,0,0,0,0,0,0,0,0,0,0,0,0,0,0,0,0,0,1,0,0,0,0,0,0,0,0,0,0,0,0,0,0,1,0,0,0
2022-11-07,PROD_019,Merrell Moab 2 GTX,Outdoor,Zapatillas Trail,110,False,2,108.26,216.52,106.35333333333334,1.0342882216511,0,0,0,0,0,0,0,0,0,0,0,0,1,0,0,0,0,0,0,0,0,0,0,0,0,1,0,0,0,0,0,0,0,0,0,0,0,0,0,0,0,0,0,1
2022-11-07,PROD_020,Quechua MH500,Outdoor,Ropa Montaña,80,False,2,81.24,162.48,78.14,1.0238034297414895,0,0,0,0,0,0,0,0,0,0,0,0,0,0,0,0,0,1,0,0,0,0,0,0,0,1,0,0,0,0,0,0,0,0,0,0,0,0,0,0,1,0,0,0
2022-11-07,PROD_021,Manduka PRO Yoga Mat,Wellness,Esterilla Yoga,130,True,6,126.8,760.8,121.05,1.07393638992152,0,0,0,0,0,0,0,0,0,0,0,1,0,0,0,0,0,0,0,0,0,0,0,0,0,0,0,1,0,0,0,0,0,0,1,0,0,0,0,0,0,0,0,0
2022-11-07,PROD_022,Gaiam Premium Yoga Block,Wellness,Bloque Yoga,20,False,1,20.45,20.45,19.766666666666666,1.0118043844856661,0,0,0,0,0,0,0,0,1,0,0,0,0,0,0,0,0,0,0,0,0,0,0,0,0,0,0,1,0,0,0,1,0,0,0,0,0,0,0,0,0,0,0,0
2022-11-07,PROD_023,Liforme Yoga Pad,Wellness,Rodillera Yoga,35,False,1,34.05,34.05,33.72,1.0379596678529064,0,0,0,0,0,0,0,0,0,1,0,0,0,0,0,0,0,0,0,0,0,0,0,0,0,0,0,1,0,0,0,0,0,0,0,0,0,0,0,1,0,0,0,0
2022-11-07,PROD_024,Lotuscrafts Yoga Bolster,Wellness,Cojín Yoga,50,False,1,49.02,49.02,49.23666666666666,1.015503351161059,0,0,0,0,0,0,0,0,0,0,1,0,0,0,0,0,0,0,0,0,0,0,0,0,0,0,0,1,0,0,0,0,1,0,0,0,0,0,0,0,0,0,0,0
2022-11-08,PROD_001,Nike Air Zoom Pegasus 40,Running,Zapatillas Running,115,True,9,116.59,1049.31,99.65333333333335,1.1540005351886538,0,0,0,0,0,0,0,0,0,0,0,0,0,0,1,0,0,0,0,0,0,0,0,0,0,0,1,0,0,0,0,0,0,0,0,0,0,0,0,0,0,0,1,0
2022-11-08,PROD_002,Adidas Ultraboost 23,Running,Zapatillas Running,135,True,9,136.32,1226.88,117.40666666666668,1.1498495258645163,0,1,0,0,0,0,0,0,0,0,0,0,0,0,0,0,0,0,0,0,0,0,0,0,0,0,1,0,0,0,0,0,0,0,0,0,0,0,0,0,0,0,1,0
2022-11-08,PROD_003,Asics Gel Nimbus 25,Running,Zapatillas Running,85,False,3,84.91,254.73,80.87666666666667,1.050982978197255,0,0,1,0,0,0,0,0,0,0,0,0,0,0,0,0,0,0,0,0,0,0,0,0,0,0,1,0,0,0,0,0,0,0,0,0,0,0,0,0,0,0,1,0
2022-11-08,PROD_004,New Balance Fresh Foam X 1080v12,Running,Zapatillas Running,75,False,2,73.79,147.58,71.72666666666667,1.0456362115438236,0,0,0,0,0,0,0,0,0,0,0,0,0,1,0,0,0,0,0,0,0,0,0,0,0,0,1,0,0,0,0,0,0,0,0,0,0,0,0,0,0,0,1,0
2022-11-08,PROD_005,Nike Dri-FIT Miler,Running,Ropa Running,35,False,2,34.82,69.64,35.00666666666667,0.9998095600837935,0,0,0,0,0,0,0,0,0,0,0,0,0,0,0,1,0,0,0,0,0,0,0,0,0,0,1,0,0,0,0,0,0,0,0,0,0,0,0,0,0,1,0,0
2022-11-08,PROD_006,Adidas Own The Run Jacket,Running,Ropa Running,65,False,2,66.56,133.12,61.71333333333333,1.0532569947067085,1,0,0,0,0,0,0,0,0,0,0,0,0,0,0,0,0,0,0,0,0,0,0,0,0,0,1,0,0,0,0,0,0,0,0,0,0,0,0,0,0,1,0,0
2022-11-08,PROD_007,Puma Velocity Nitro 2,Running,Zapatillas Running,70,False,2,71.02,142.04,65.39666666666666,1.0703909475508437,0,0,0,0,0,0,0,0,0,0,0,0,0,0,0,0,1,0,0,0,0,0,0,0,0,0,1,0,0,0,0,0,0,0,0,0,0,0,0,0,0,0,1,0
2022-11-08,PROD_008,Reebok Floatride Energy 5,Running,Zapatillas Running,65,False,2,63.99,127.98,66.16666666666667,0.9823677581863979,0,0,0,0,0,0,0,0,0,0,0,0,0,0,0,0,0,0,1,0,0,0,0,0,0,0,1,0,0,0,0,0,0,0,0,0,0,0,0,0,0,0,1,0
2022-11-08,PROD_009,Bowflex SelectTech 552,Fitness,Mancuernas Ajustables,400,True,2,395.86,791.72,361.2966666666666,1.1071234165828636,0,0,0,1,0,0,0,0,0,0,0,0,0,0,0,0,0,0,0,0,0,0,0,0,1,0,0,0,0,0,0,0,0,0,0,1,0,0,0,0,0,0,0,0
2022-11-08,PROD_010,Domyos BM900,Fitness,Banco Gimnasio,175,True,2,176.82,353.64,167.94333333333333,1.0420181410396365,0,0,0,0,0,0,1,0,0,0,0,0,0,0,0,0,0,0,0,0,0,0,0,0,1,0,0,0,1,0,0,0,0,0,0,0,0,0,0,0,0,0,0,0
2022-11-08,PROD_011,Reebok Professional Deck,Fitness,Esterilla Fitness,45,False,3,45.08,135.24,42.85333333333333,1.0500933416303673,0,0,0,0,0,0,0,0,0,0,0,0,0,0,0,0,0,0,0,1,0,0,0,0,1,0,0,0,0,0,0,0,0,1,0,0,0,0,0,0,0,0,0,0
2022-11-08,PROD_012,Domyos Kit Mancuernas 20kg,Fitness,Pesas Casa,55,False,3,53.42,160.26,53.806666666666665,1.0221781687523233,0,0,0,0,0,0,0,1,0,0,0,0,0,0,0,0,0,0,0,0,0,0,0,0,1,0,0,0,0,0,0,0,0,0,0,0,0,0,1,0,0,0,0,0
2022-11-08,PROD_013,Decathlon Bandas Elásticas Set,Fitness,Bandas Elásticas,25,False,3,24.58,73.74,23.900000000000002,1.0460251046025104,0,0,0,0,0,1,0,0,0,0,0,0,0,0,0,0,0,0,0,0,0,0,0,0,1,0,0,0,0,1,0,0,0,0,0,0,0,0,0,0,0,0,0,0
2022-11-08,PROD_014,Sveltus Kettlebell 12kg,Fitness,Pesa Rusa,40,False,3,39.07,117.21,38.876666666666665,1.0288947955071595,0,0,0,0,0,0,0,0,0,0,0,0,0,0,0,0,0,0,0,0,0,1,0,0,1,0,0,0,0,0,0,0,0,0,0,0,0,1,0,0,0,0,0,0
2022-11-08,PROD_015,Salomon Speedcross 5 GTX,Outdoor,Zapatillas Trail,150,True,3,152.02,456.06,141.39333333333332,1.0608703852138244,0,0,0,0,0,0,0,0,0,0,0,0,0,0,0,0,0,0,0,0,1,0,0,0,0,1,0,0,0,0,0,0,0,0,0,0,0,0,0,0,0,0,0,1
2022-11-08,PROD_016,Trek Marlin 7,Outdoor,Bicicleta Montaña,830,True,3,845.57,2536.71,776.0033333333332,1.0695830344371375,0,0,0,0,0,0,0,0,0,0,0,0,0,0,0,0,0,0,0,0,0,0,0,1,0,1,0,0,0,0,1,0,0,0,0,0,0,0,0,0,0,0,0,0
2022-11-08,PROD_017,The North Face Borealis,Outdoor,Mochila Trekking,95,False,2,95.45,190.9,93.14999999999999,1.0198604401502953,0,0,0,0,0,0,0,0,0,0,0,0,0,0,0,0,0,0,0,0,0,0,1,0,0,1,0,0,0,0,0,0,0,0,0,0,1,0,0,0,0,0,0,0
2022-11-08,PROD_018,Columbia Silver Ridge,Outdoor,Ropa Montaña,70,False,2,68.09,136.18,67.13666666666666,1.0426493222779407,0,0,0,0,1,0,0,0,0,0,0,0,0,0,0,0,0,0,0,0,0,0,0,0,0,1,0,0,0,0,0,0,0,0,0,0,0,0,0,0,1,0,0,0
2022-11-08,PROD_019,Merrell Moab 2 GTX,Outdoor,Zapatillas Trail,110,False,2,108.03,216.06,108.39666666666666,1.0147913527476244,0,0,0,0,0,0,0,0,0,0,0,0,1,0,0,0,0,0,0,0,0,0,0,0,0,1,0,0,0,0,0,0,0,0,0,0,0,0,0,0,0,0,0,1
2022-11-08,PROD_020,Quechua MH500,Outdoor,Ropa Montaña,80,False,2,78.99,157.98,76.37,1.047531753306272,0,0,0,0,0,0,0,0,0,0,0,0,0,0,0,0,0,1,0,0,0,0,0,0,0,1,0,0,0,0,0,0,0,0,0,0,0,0,0,0,1,0,0,0
2022-11-08,PROD_021,Manduka PRO Yoga Mat,Wellness,Esterilla Yoga,130,True,5,126.58,632.9,123.38333333333333,1.0536269080102663,0,0,0,0,0,0,0,0,0,0,0,1,0,0,0,0,0,0,0,0,0,0,0,0,0,0,0,1,0,0,0,0,0,0,1,0,0,0,0,0,0,0,0,0
2022-11-08,PROD_022,Gaiam Premium Yoga Block,Wellness,Bloque Yoga,20,False,2,19.63,39.26,19.930000000000003,1.0035122930255893,0,0,0,0,0,0,0,0,1,0,0,0,0,0,0,0,0,0,0,0,0,0,0,0,0,0,0,1,0,0,0,1,0,0,0,0,0,0,0,0,0,0,0,0
2022-11-08,PROD_023,Liforme Yoga Pad,Wellness,Rodillera Yoga,35,False,1,35.03,35.03,35.166666666666664,0.9952606635071091,0,0,0,0,0,0,0,0,0,1,0,0,0,0,0,0,0,0,0,0,0,0,0,0,0,0,0,1,0,0,0,0,0,0,0,0,0,0,0,1,0,0,0,0
2022-11-08,PROD_024,Lotuscrafts Yoga Bolster,Wellness,Cojín Yoga,50,False,1,49.78,49.78,48.093333333333334,1.0396451344607707,0,0,0,0,0,0,0,0,0,0,1,0,0,0,0,0,0,0,0,0,0,0,0,0,0,0,0,1,0,0,0,0,1,0,0,0,0,0,0,0,0,0,0,0
2022-11-09,PROD_001,Nike Air Zoom Pegasus 40,Running,Zapatillas Running,115,True,9,116.68,1050.12,99.10000000000001,1.160443995963673,0,0,0,0,0,0,0,0,0,0,0,0,0,0,1,0,0,0,0,0,0,0,0,0,0,0,1,0,0,0,0,0,0,0,0,0,0,0,0,0,0,0,1,0
2022-11-09,PROD_002,Adidas Ultraboost 23,Running,Zapatillas Running,135,True,13,135.59,1762.67,116.13666666666666,1.1624235814127035,0,1,0,0,0,0,0,0,0,0,0,0,0,0,0,0,0,0,0,0,0,0,0,0,0,0,1,0,0,0,0,0,0,0,0,0,0,0,0,0,0,0,1,0
2022-11-09,PROD_003,Asics Gel Nimbus 25,Running,Zapatillas Running,85,False,2,86.25,172.5,87.02999999999999,0.9766747098701598,0,0,1,0,0,0,0,0,0,0,0,0,0,0,0,0,0,0,0,0,0,0,0,0,0,0,1,0,0,0,0,0,0,0,0,0,0,0,0,0,0,0,1,0
2022-11-09,PROD_004,New Balance Fresh Foam X 1080v12,Running,Zapatillas Running,75,False,2,75.63,151.26,73.94,1.0143359480659995,0,0,0,0,0,0,0,0,0,0,0,0,0,1,0,0,0,0,0,0,0,0,0,0,0,0,1,0,0,0,0,0,0,0,0,0,0,0,0,0,0,0,1,0
2022-11-09,PROD_005,Nike Dri-FIT Miler,Running,Ropa Running,35,False,2,34.82,69.64,32.86666666666667,1.0649087221095335,0,0,0,0,0,0,0,0,0,0,0,0,0,0,0,1,0,0,0,0,0,0,0,0,0,0,1,0,0,0,0,0,0,0,0,0,0,0,0,0,0,1,0,0
2022-11-09,PROD_006,Adidas Own The Run Jacket,Running,Ropa Running,65,False,3,63.65,190.95,64.85666666666667,1.0022100015418616,1,0,0,0,0,0,0,0,0,0,0,0,0,0,0,0,0,0,0,0,0,0,0,0,0,0,1,0,0,0,0,0,0,0,0,0,0,0,0,0,0,1,0,0
2022-11-09,PROD_007,Puma Velocity Nitro 2,Running,Zapatillas Running,70,False,2,69.87,139.74,64.76,1.0809141445336627,0,0,0,0,0,0,0,0,0,0,0,0,0,0,0,0,1,0,0,0,0,0,0,0,0,0,1,0,0,0,0,0,0,0,0,0,0,0,0,0,0,0,1,0
2022-11-09,PROD_008,Reebok Floatride Energy 5,Running,Zapatillas Running,65,False,2,64.97,129.94,64.65666666666667,1.0053100994999227,0,0,0,0,0,0,0,0,0,0,0,0,0,0,0,0,0,0,1,0,0,0,0,0,0,0,1,0,0,0,0,0,0,0,0,0,0,0,0,0,0,0,1,0
2022-11-09,PROD_009,Bowflex SelectTech 552,Fitness,Mancuernas Ajustables,400,True,2,391.97,783.94,358.5533333333333,1.1155941468493764,0,0,0,1,0,0,0,0,0,0,0,0,0,0,0,0,0,0,0,0,0,0,0,0,1,0,0,0,0,0,0,0,0,0,0,1,0,0,0,0,0,0,0,0
2022-11-09,PROD_010,Domyos BM900,Fitness,Banco Gimnasio,175,True,2,174.09,348.18,165.11333333333334,1.0598780635523075,0,0,0,0,0,0,1,0,0,0,0,0,0,0,0,0,0,0,0,0,0,0,0,0,1,0,0,0,1,0,0,0,0,0,0,0,0,0,0,0,0,0,0,0
2022-11-09,PROD_011,Reebok Professional Deck,Fitness,Esterilla Fitness,45,False,3,45.53,136.59,43.45666666666667,1.0355143054383675,0,0,0,0,0,0,0,0,0,0,0,0,0,0,0,0,0,0,0,1,0,0,0,0,1,0,0,0,0,0,0,0,0,1,0,0,0,0,0,0,0,0,0,0
2022-11-09,PROD_012,Domyos Kit Mancuernas 20kg,Fitness,Pesas Casa,55,False,3,55.98,167.94,52.300000000000004,1.0516252390057361,0,0,0,0,0,0,0,1,0,0,0,0,0,0,0,0,0,0,0,0,0,0,0,0,1,0,0,0,0,0,0,0,0,0,0,0,0,0,1,0,0,0,0,0
2022-11-09,PROD_013,Decathlon Bandas Elásticas Set,Fitness,Bandas Elásticas,25,False,3,24.38,73.14,24.02333333333333,1.0406549188289165,0,0,0,0,0,1,0,0,0,0,0,0,0,0,0,0,0,0,0,0,0,0,0,0,1,0,0,0,0,1,0,0,0,0,0,0,0,0,0,0,0,0,0,0
2022-11-09,PROD_014,Sveltus Kettlebell 12kg,Fitness,Pesa Rusa,40,False,3,38.96,116.88,39.093333333333334,1.0231923601637107,0,0,0,0,0,0,0,0,0,0,0,0,0,0,0,0,0,0,0,0,0,1,0,0,1,0,0,0,0,0,0,0,0,0,0,0,0,1,0,0,0,0,0,0
2022-11-09,PROD_015,Salomon Speedcross 5 GTX,Outdoor,Zapatillas Trail,150,True,4,150.03,600.12,141.41333333333333,1.0607203469734112,0,0,0,0,0,0,0,0,0,0,0,0,0,0,0,0,0,0,0,0,1,0,0,0,0,1,0,0,0,0,0,0,0,0,0,0,0,0,0,0,0,0,0,1
2022-11-09,PROD_016,Trek Marlin 7,Outdoor,Bicicleta Montaña,830,True,3,842.19,2526.57,768.0866666666667,1.0806072231432216,0,0,0,0,0,0,0,0,0,0,0,0,0,0,0,0,0,0,0,0,0,0,0,1,0,1,0,0,0,0,1,0,0,0,0,0,0,0,0,0,0,0,0,0
2022-11-09,PROD_017,The North Face Borealis,Outdoor,Mochila Trekking,95,False,3,96.3,288.9,93.96,1.011068539804172,0,0,0,0,0,0,0,0,0,0,0,0,0,0,0,0,0,0,0,0,0,0,1,0,0,1,0,0,0,0,0,0,0,0,0,0,1,0,0,0,0,0,0,0
2022-11-09,PROD_018,Columbia Silver Ridge,Outdoor,Ropa Montaña,70,False,2,70.32,140.64,67.09666666666668,1.0432709026777285,0,0,0,0,1,0,0,0,0,0,0,0,0,0,0,0,0,0,0,0,0,0,0,0,0,1,0,0,0,0,0,0,0,0,0,0,0,0,0,0,1,0,0,0
2022-11-09,PROD_019,Merrell Moab 2 GTX,Outdoor,Zapatillas Trail,110,False,2,109.48,218.96,109.72333333333334,1.0025214934532307,0,0,0,0,0,0,0,0,0,0,0,0,1,0,0,0,0,0,0,0,0,0,0,0,0,1,0,0,0,0,0,0,0,0,0,0,0,0,0,0,0,0,0,1
2022-11-09,PROD_020,Quechua MH500,Outdoor,Ropa Montaña,80,False,2,78.53,157.06,75.75666666666666,1.056012672152066,0,0,0,0,0,0,0,0,0,0,0,0,0,0,0,0,0,1,0,0,0,0,0,0,0,1,0,0,0,0,0,0,0,0,0,0,0,0,0,0,1,0,0,0
2022-11-09,PROD_021,Manduka PRO Yoga Mat,Wellness,Esterilla Yoga,130,True,5,133.17,665.85,123.99333333333334,1.0484434647024032,0,0,0,0,0,0,0,0,0,0,0,1,0,0,0,0,0,0,0,0,0,0,0,0,0,0,0,1,0,0,0,0,0,0,1,0,0,0,0,0,0,0,0,0
2022-11-09,PROD_022,Gaiam Premium Yoga Block,Wellness,Bloque Yoga,20,False,1,19.75,19.75,18.849999999999998,1.0610079575596818,0,0,0,0,0,0,0,0,1,0,0,0,0,0,0,0,0,0,0,0,0,0,0,0,0,0,0,1,0,0,0,1,0,0,0,0,0,0,0,0,0,0,0,0
2022-11-09,PROD_023,Liforme Yoga Pad,Wellness,Rodillera Yoga,35,False,1,35.27,35.27,32.900000000000006,1.0638297872340423,0,0,0,0,0,0,0,0,0,1,0,0,0,0,0,0,0,0,0,0,0,0,0,0,0,0,0,1,0,0,0,0,0,0,0,0,0,0,0,1,0,0,0,0
2022-11-09,PROD_024,Lotuscrafts Yoga Bolster,Wellness,Cojín Yoga,50,False,1,49.88,49.88,50.38333333333333,0.9923916639100232,0,0,0,0,0,0,0,0,0,0,1,0,0,0,0,0,0,0,0,0,0,0,0,0,0,0,0,1,0,0,0,0,1,0,0,0,0,0,0,0,0,0,0,0
2022-11-10,PROD_001,Nike Air Zoom Pegasus 40,Running,Zapatillas Running,115,True,11,117.99,1297.89,99.74333333333334,1.1529592621060722,0,0,0,0,0,0,0,0,0,0,0,0,0,0,1,0,0,0,0,0,0,0,0,0,0,0,1,0,0,0,0,0,0,0,0,0,0,0,0,0,0,0,1,0
2022-11-10,PROD_002,Adidas Ultraboost 23,Running,Zapatillas Running,135,True,12,136.64,1639.68,116.33,1.1604917046333707,0,1,0,0,0,0,0,0,0,0,0,0,0,0,0,0,0,0,0,0,0,0,0,0,0,0,1,0,0,0,0,0,0,0,0,0,0,0,0,0,0,0,1,0
2022-11-10,PROD_003,Asics Gel Nimbus 25,Running,Zapatillas Running,85,False,2,85.34,170.68,81.61,1.0415390270800147,0,0,1,0,0,0,0,0,0,0,0,0,0,0,0,0,0,0,0,0,0,0,0,0,0,0,1,0,0,0,0,0,0,0,0,0,0,0,0,0,0,0,1,0
2022-11-10,PROD_004,New Balance Fresh Foam X 1080v12,Running,Zapatillas Running,75,False,3,74.83,224.49,74.84,1.0021378941742383,0,0,0,0,0,0,0,0,0,0,0,0,0,1,0,0,0,0,0,0,0,0,0,0,0,0,1,0,0,0,0,0,0,0,0,0,0,0,0,0,0,0,1,0
2022-11-10,PROD_005,Nike Dri-FIT Miler,Running,Ropa Running,35,False,3,34.11,102.33,33.910000000000004,1.032143910350929,0,0,0,0,0,0,0,0,0,0,0,0,0,0,0,1,0,0,0,0,0,0,0,0,0,0,1,0,0,0,0,0,0,0,0,0,0,0,0,0,0,1,0,0
2022-11-10,PROD_006,Adidas Own The Run Jacket,Running,Ropa Running,65,False,2,66.77,133.54,63.74666666666667,1.0196611587533988,1,0,0,0,0,0,0,0,0,0,0,0,0,0,0,0,0,0,0,0,0,0,0,0,0,0,1,0,0,0,0,0,0,0,0,0,0,0,0,0,0,1,0,0
2022-11-10,PROD_007,Puma Velocity Nitro 2,Running,Zapatillas Running,70,False,3,71.94,215.82,68.88333333333334,1.016210984756835,0,0,0,0,0,0,0,0,0,0,0,0,0,0,0,0,1,0,0,0,0,0,0,0,0,0,1,0,0,0,0,0,0,0,0,0,0,0,0,0,0,0,1,0
2022-11-10,PROD_008,Reebok Floatride Energy 5,Running,Zapatillas Running,65,False,2,63.77,127.54,62.71333333333333,1.0364622089933029,0,0,0,0,0,0,0,0,0,0,0,0,0,0,0,0,0,0,1,0,0,0,0,0,0,0,1,0,0,0,0,0,0,0,0,0,0,0,0,0,0,0,1,0
2022-11-10,PROD_009,Bowflex SelectTech 552,Fitness,Mancuernas Ajustables,400,True,2,404.69,809.38,364.94,1.0960705869457994,0,0,0,1,0,0,0,0,0,0,0,0,0,0,0,0,0,0,0,0,0,0,0,0,1,0,0,0,0,0,0,0,0,0,0,1,0,0,0,0,0,0,0,0
2022-11-10,PROD_010,Domyos BM900,Fitness,Banco Gimnasio,175,True,2,176.77,353.54,166.36333333333332,1.051914484361538,0,0,0,0,0,0,1,0,0,0,0,0,0,0,0,0,0,0,0,0,0,0,0,0,1,0,0,0,1,0,0,0,0,0,0,0,0,0,0,0,0,0,0,0
2022-11-10,PROD_011,Reebok Professional Deck,Fitness,Esterilla Fitness,45,False,3,44.49,133.47,41.800000000000004,1.076555023923445,0,0,0,0,0,0,0,0,0,0,0,0,0,0,0,0,0,0,0,1,0,0,0,0,1,0,0,0,0,0,0,0,0,1,0,0,0,0,0,0,0,0,0,0
2022-11-10,PROD_012,Domyos Kit Mancuernas 20kg,Fitness,Pesas Casa,55,False,3,53.6,160.8,52.85666666666666,1.040549914864098,0,0,0,0,0,0,0,1,0,0,0,0,0,0,0,0,0,0,0,0,0,0,0,0,1,0,0,0,0,0,0,0,0,0,0,0,0,0,1,0,0,0,0,0
2022-11-10,PROD_013,Decathlon Bandas Elásticas Set,Fitness,Bandas Elásticas,25,False,3,24.63,73.89,24.853333333333335,1.005901287553648,0,0,0,0,0,1,0,0,0,0,0,0,0,0,0,0,0,0,0,0,0,0,0,0,1,0,0,0,0,1,0,0,0,0,0,0,0,0,0,0,0,0,0,0
2022-11-10,PROD_014,Sveltus Kettlebell 12kg,Fitness,Pesa Rusa,40,False,3,39.57,118.71,38.39333333333334,1.041847542976211,0,0,0,0,0,0,0,0,0,0,0,0,0,0,0,0,0,0,0,0,0,1,0,0,1,0,0,0,0,0,0,0,0,0,0,0,0,1,0,0,0,0,0,0
2022-11-10,PROD_015,Salomon Speedcross 5 GTX,Outdoor,Zapatillas Trail,150,True,4,152.74,610.96,141.03666666666666,1.0635532131124295,0,0,0,0,0,0,0,0,0,0,0,0,0,0,0,0,0,0,0,0,1,0,0,0,0,1,0,0,0,0,0,0,0,0,0,0,0,0,0,0,0,0,0,1
2022-11-10,PROD_016,Trek Marlin 7,Outdoor,Bicicleta Montaña,830,True,3,839.36,2518.08,766.9133333333334,1.082260490103184,0,0,0,0,0,0,0,0,0,0,0,0,0,0,0,0,0,0,0,0,0,0,0,1,0,1,0,0,0,0,1,0,0,0,0,0,0,0,0,0,0,0,0,0
2022-11-10,PROD_017,The North Face Borealis,Outdoor,Mochila Trekking,95,False,2,95.87,191.74,92.20666666666666,1.0302942665027837,0,0,0,0,0,0,0,0,0,0,0,0,0,0,0,0,0,0,0,0,0,0,1,0,0,1,0,0,0,0,0,0,0,0,0,0,1,0,0,0,0,0,0,0
2022-11-10,PROD_018,Columbia Silver Ridge,Outdoor,Ropa Montaña,70,False,2,68.86,137.72,68.13666666666666,1.0273469986791255,0,0,0,0,1,0,0,0,0,0,0,0,0,0,0,0,0,0,0,0,0,0,0,0,0,1,0,0,0,0,0,0,0,0,0,0,0,0,0,0,1,0,0,0
2022-11-10,PROD_019,Merrell Moab 2 GTX,Outdoor,Zapatillas Trail,110,False,2,109.96,219.92,103.40666666666665,1.0637612017278062,0,0,0,0,0,0,0,0,0,0,0,0,1,0,0,0,0,0,0,0,0,0,0,0,0,1,0,0,0,0,0,0,0,0,0,0,0,0,0,0,0,0,0,1
2022-11-10,PROD_020,Quechua MH500,Outdoor,Ropa Montaña,80,False,2,78.51,157.02,79.85333333333334,1.0018367006177993,0,0,0,0,0,0,0,0,0,0,0,0,0,0,0,0,0,1,0,0,0,0,0,0,0,1,0,0,0,0,0,0,0,0,0,0,0,0,0,0,1,0,0,0
2022-11-10,PROD_021,Manduka PRO Yoga Mat,Wellness,Esterilla Yoga,130,True,5,129.68,648.4,124.23666666666668,1.0463899546564353,0,0,0,0,0,0,0,0,0,0,0,1,0,0,0,0,0,0,0,0,0,0,0,0,0,0,0,1,0,0,0,0,0,0,1,0,0,0,0,0,0,0,0,0
2022-11-10,PROD_022,Gaiam Premium Yoga Block,Wellness,Bloque Yoga,20,False,2,19.76,39.52,19.223333333333333,1.0404022888850355,0,0,0,0,0,0,0,0,1,0,0,0,0,0,0,0,0,0,0,0,0,0,0,0,0,0,0,1,0,0,0,1,0,0,0,0,0,0,0,0,0,0,0,0
2022-11-10,PROD_023,Liforme Yoga Pad,Wellness,Rodillera Yoga,35,False,1,35.24,35.24,33.79333333333333,1.0357072400868022,0,0,0,0,0,0,0,0,0,1,0,0,0,0,0,0,0,0,0,0,0,0,0,0,0,0,0,1,0,0,0,0,0,0,0,0,0,0,0,1,0,0,0,0
2022-11-10,PROD_024,Lotuscrafts Yoga Bolster,Wellness,Cojín Yoga,50,False,1,50.85,50.85,46.99,1.0640561821664183,0,0,0,0,0,0,0,0,0,0,1,0,0,0,0,0,0,0,0,0,0,0,0,0,0,0,0,1,0,0,0,0,1,0,0,0,0,0,0,0,0,0,0,0
2022-11-11,PROD_001,Nike Air Zoom Pegasus 40,Running,Zapatillas Running,115,True,13,114.08,1483.04,99.10666666666667,1.1603659356921834,0,0,0,0,0,0,0,0,0,0,0,0,0,0,1,0,0,0,0,0,0,0,0,0,0,0,1,0,0,0,0,0,0,0,0,0,0,0,0,0,0,0,1,0
2022-11-11,PROD_002,Adidas Ultraboost 23,Running,Zapatillas Running,135,True,8,137.49,1099.92,117.01333333333332,1.1537146763901551,0,1,0,0,0,0,0,0,0,0,0,0,0,0,0,0,0,0,0,0,0,0,0,0,0,0,1,0,0,0,0,0,0,0,0,0,0,0,0,0,0,0,1,0
2022-11-11,PROD_003,Asics Gel Nimbus 25,Running,Zapatillas Running,85,False,3,84.78,254.34,82.44333333333333,1.0310111996118547,0,0,1,0,0,0,0,0,0,0,0,0,0,0,0,0,0,0,0,0,0,0,0,0,0,0,1,0,0,0,0,0,0,0,0,0,0,0,0,0,0,0,1,0
2022-11-11,PROD_004,New Balance Fresh Foam X 1080v12,Running,Zapatillas Running,75,False,3,73.34,220.02,70.99,1.0564868291308636,0,0,0,0,0,0,0,0,0,0,0,0,0,1,0,0,0,0,0,0,0,0,0,0,0,0,1,0,0,0,0,0,0,0,0,0,0,0,0,0,0,0,1,0
2022-11-11,PROD_005,Nike Dri-FIT Miler,Running,Ropa Running,35,False,3,35.78,107.34,35.86333333333334,0.9759271307742354,0,0,0,0,0,0,0,0,0,0,0,0,0,0,0,1,0,0,0,0,0,0,0,0,0,0,1,0,0,0,0,0,0,0,0,0,0,0,0,0,0,1,0,0
2022-11-11,PROD_006,Adidas Own The Run Jacket,Running,Ropa Running,65,False,3,66.84,200.52,61.55666666666667,1.0559376184545404,1,0,0,0,0,0,0,0,0,0,0,0,0,0,0,0,0,0,0,0,0,0,0,0,0,0,1,0,0,0,0,0,0,0,0,0,0,0,0,0,0,1,0,0
2022-11-11,PROD_007,Puma Velocity Nitro 2,Running,Zapatillas Running,70,False,2,69.99,139.98,69.05666666666666,1.0136602789979245,0,0,0,0,0,0,0,0,0,0,0,0,0,0,0,0,1,0,0,0,0,0,0,0,0,0,1,0,0,0,0,0,0,0,0,0,0,0,0,0,0,0,1,0
2022-11-11,PROD_008,Reebok Floatride Energy 5,Running,Zapatillas Running,65,False,2,63.92,127.84,61.18333333333334,1.0623808226641243,0,0,0,0,0,0,0,0,0,0,0,0,0,0,0,0,0,0,1,0,0,0,0,0,0,0,1,0,0,0,0,0,0,0,0,0,0,0,0,0,0,0,1,0
2022-11-11,PROD_009,Bowflex SelectTech 552,Fitness,Mancuernas Ajustables,400,True,3,405.01,1215.03,357.11000000000007,1.120103049480552,0,0,0,1,0,0,0,0,0,0,0,0,0,0,0,0,0,0,0,0,0,0,0,0,1,0,0,0,0,0,0,0,0,0,0,1,0,0,0,0,0,0,0,0
2022-11-11,PROD_010,Domyos BM900,Fitness,Banco Gimnasio,175,True,3,176.74,530.22,167.42000000000002,1.0452753553936207,0,0,0,0,0,0,1,0,0,0,0,0,0,0,0,0,0,0,0,0,0,0,0,0,1,0,0,0,1,0,0,0,0,0,0,0,0,0,0,0,0,0,0,0
2022-11-11,PROD_011,Reebok Professional Deck,Fitness,Esterilla Fitness,45,False,4,44.65,178.6,43.72,1.029277218664227,0,0,0,0,0,0,0,0,0,0,0,0,0,0,0,0,0,0,0,1,0,0,0,0,1,0,0,0,0,0,0,0,0,1,0,0,0,0,0,0,0,0,0,0
2022-11-11,PROD_012,Domyos Kit Mancuernas 20kg,Fitness,Pesas Casa,55,False,5,53.7,268.5,52.96,1.0385196374622356,0,0,0,0,0,0,0,1,0,0,0,0,0,0,0,0,0,0,0,0,0,0,0,0,1,0,0,0,0,0,0,0,0,0,0,0,0,0,1,0,0,0,0,0
2022-11-11,PROD_013,Decathlon Bandas Elásticas Set,Fitness,Bandas Elásticas,25,False,3,25.45,76.35,24.493333333333336,1.0206859009254219,0,0,0,0,0,1,0,0,0,0,0,0,0,0,0,0,0,0,0,0,0,0,0,0,1,0,0,0,0,1,0,0,0,0,0,0,0,0,0,0,0,0,0,0
2022-11-11,PROD_014,Sveltus Kettlebell 12kg,Fitness,Pesa Rusa,40,False,3,39.15,117.45,38.57333333333333,1.0369858278603525,0,0,0,0,0,0,0,0,0,0,0,0,0,0,0,0,0,0,0,0,0,1,0,0,1,0,0,0,0,0,0,0,0,0,0,0,0,1,0,0,0,0,0,0
2022-11-11,PROD_015,Salomon Speedcross 5 GTX,Outdoor,Zapatillas Trail,150,True,4,153.31,613.24,142.27666666666667,1.0542839069418737,0,0,0,0,0,0,0,0,0,0,0,0,0,0,0,0,0,0,0,0,1,0,0,0,0,1,0,0,0,0,0,0,0,0,0,0,0,0,0,0,0,0,0,1
2022-11-11,PROD_016,Trek Marlin 7,Outdoor,Bicicleta Montaña,830,True,3,838.52,2515.56,758.43,1.094365992906399,0,0,0,0,0,0,0,0,0,0,0,0,0,0,0,0,0,0,0,0,0,0,0,1,0,1,0,0,0,0,1,0,0,0,0,0,0,0,0,0,0,0,0,0
2022-11-11,PROD_017,The North Face Borealis,Outdoor,Mochila Trekking,95,False,2,95.56,191.12,94.50333333333333,1.0052555465415682,0,0,0,0,0,0,0,0,0,0,0,0,0,0,0,0,0,0,0,0,0,0,1,0,0,1,0,0,0,0,0,0,0,0,0,0,1,0,0,0,0,0,0,0
2022-11-11,PROD_018,Columbia Silver Ridge,Outdoor,Ropa Montaña,70,False,2,68.1,136.2,65.47333333333334,1.0691375623663577,0,0,0,0,1,0,0,0,0,0,0,0,0,0,0,0,0,0,0,0,0,0,0,0,0,1,0,0,0,0,0,0,0,0,0,0,0,0,0,0,1,0,0,0
2022-11-11,PROD_019,Merrell Moab 2 GTX,Outdoor,Zapatillas Trail,110,False,3,108.29,324.87,104.02666666666666,1.057421174057934,0,0,0,0,0,0,0,0,0,0,0,0,1,0,0,0,0,0,0,0,0,0,0,0,0,1,0,0,0,0,0,0,0,0,0,0,0,0,0,0,0,0,0,1
2022-11-11,PROD_020,Quechua MH500,Outdoor,Ropa Montaña,80,False,2,79.36,158.72,79.00333333333334,1.0126155014556346,0,0,0,0,0,0,0,0,0,0,0,0,0,0,0,0,0,1,0,0,0,0,0,0,0,1,0,0,0,0,0,0,0,0,0,0,0,0,0,0,1,0,0,0
2022-11-11,PROD_021,Manduka PRO Yoga Mat,Wellness,Esterilla Yoga,130,True,7,131.99,923.93,122.30333333333334,1.0629309639966205,0,0,0,0,0,0,0,0,0,0,0,1,0,0,0,0,0,0,0,0,0,0,0,0,0,0,0,1,0,0,0,0,0,0,1,0,0,0,0,0,0,0,0,0
2022-11-11,PROD_022,Gaiam Premium Yoga Block,Wellness,Bloque Yoga,20,False,2,20.57,41.14,20.3,0.9852216748768473,0,0,0,0,0,0,0,0,1,0,0,0,0,0,0,0,0,0,0,0,0,0,0,0,0,0,0,1,0,0,0,1,0,0,0,0,0,0,0,0,0,0,0,0
2022-11-11,PROD_023,Liforme Yoga Pad,Wellness,Rodillera Yoga,35,False,2,34.45,68.9,34.29666666666667,1.0205073379337155,0,0,0,0,0,0,0,0,0,1,0,0,0,0,0,0,0,0,0,0,0,0,0,0,0,0,0,1,0,0,0,0,0,0,0,0,0,0,0,1,0,0,0,0
2022-11-11,PROD_024,Lotuscrafts Yoga Bolster,Wellness,Cojín Yoga,50,False,2,50.95,101.9,46.46666666666667,1.0760401721664274,0,0,0,0,0,0,0,0,0,0,1,0,0,0,0,0,0,0,0,0,0,0,0,0,0,0,0,1,0,0,0,0,1,0,0,0,0,0,0,0,0,0,0,0
2022-11-12,PROD_001,Nike Air Zoom Pegasus 40,Running,Zapatillas Running,115,True,11,116.05,1276.55,97.62333333333333,1.1779970635435517,0,0,0,0,0,0,0,0,0,0,0,0,0,0,1,0,0,0,0,0,0,0,0,0,0,0,1,0,0,0,0,0,0,0,0,0,0,0,0,0,0,0,1,0
2022-11-12,PROD_002,Adidas Ultraboost 23,Running,Zapatillas Running,135,True,16,131.52,2104.32,117.17666666666666,1.1521065058458737,0,1,0,0,0,0,0,0,0,0,0,0,0,0,0,0,0,0,0,0,0,0,0,0,0,0,1,0,0,0,0,0,0,0,0,0,0,0,0,0,0,0,1,0
2022-11-12,PROD_003,Asics Gel Nimbus 25,Running,Zapatillas Running,85,False,4,85.18,340.72,79.19,1.073367849475944,0,0,1,0,0,0,0,0,0,0,0,0,0,0,0,0,0,0,0,0,0,0,0,0,0,0,1,0,0,0,0,0,0,0,0,0,0,0,0,0,0,0,1,0
2022-11-12,PROD_004,New Balance Fresh Foam X 1080v12,Running,Zapatillas Running,75,False,3,76.21,228.63,72.86666666666666,1.029277218664227,0,0,0,0,0,0,0,0,0,0,0,0,0,1,0,0,0,0,0,0,0,0,0,0,0,0,1,0,0,0,0,0,0,0,0,0,0,0,0,0,0,0,1,0
2022-11-12,PROD_005,Nike Dri-FIT Miler,Running,Ropa Running,35,False,3,34.54,103.62,33.65,1.0401188707280833,0,0,0,0,0,0,0,0,0,0,0,0,0,0,0,1,0,0,0,0,0,0,0,0,0,0,1,0,0,0,0,0,0,0,0,0,0,0,0,0,0,1,0,0
2022-11-12,PROD_006,Adidas Own The Run Jacket,Running,Ropa Running,65,False,3,66.14,198.42,63.52666666666667,1.0231923601637107,1,0,0,0,0,0,0,0,0,0,0,0,0,0,0,0,0,0,0,0,0,0,0,0,0,0,1,0,0,0,0,0,0,0,0,0,0,0,0,0,0,1,0,0
2022-11-12,PROD_007,Puma Velocity Nitro 2,Running,Zapatillas Running,70,False,3,71.84,215.52,66.81666666666668,1.0476428036916936,0,0,0,0,0,0,0,0,0,0,0,0,0,0,0,0,1,0,0,0,0,0,0,0,0,0,1,0,0,0,0,0,0,0,0,0,0,0,0,0,0,0,1,0
2022-11-12,PROD_008,Reebok Floatride Energy 5,Running,Zapatillas Running,65,False,3,64.0,192.0,60.17666666666667,1.0801528831773113,0,0,0,0,0,0,0,0,0,0,0,0,0,0,0,0,0,0,1,0,0,0,0,0,0,0,1,0,0,0,0,0,0,0,0,0,0,0,0,0,0,0,1,0
2022-11-12,PROD_009,Bowflex SelectTech 552,Fitness,Mancuernas Ajustables,400,True,3,400.62,1201.86,364.14000000000004,1.098478607129126,0,0,0,1,0,0,0,0,0,0,0,0,0,0,0,0,0,0,0,0,0,0,0,0,1,0,0,0,0,0,0,0,0,0,0,1,0,0,0,0,0,0,0,0
2022-11-12,PROD_010,Domyos BM900,Fitness,Banco Gimnasio,175,True,2,173.81,347.62,167.01000000000002,1.0478414466199628,0,0,0,0,0,0,1,0,0,0,0,0,0,0,0,0,0,0,0,0,0,0,0,0,1,0,0,0,1,0,0,0,0,0,0,0,0,0,0,0,0,0,0,0
2022-11-12,PROD_011,Reebok Professional Deck,Fitness,Esterilla Fitness,45,False,5,45.9,229.5,43.70666666666667,1.0295912141549723,0,0,0,0,0,0,0,0,0,0,0,0,0,0,0,0,0,0,0,1,0,0,0,0,1,0,0,0,0,0,0,0,0,1,0,0,0,0,0,0,0,0,0,0
2022-11-12,PROD_012,Domyos Kit Mancuernas 20kg,Fitness,Pesas Casa,55,False,4,54.45,217.8,54.949999999999996,1.0009099181073704,0,0,0,0,0,0,0,1,0,0,0,0,0,0,0,0,0,0,0,0,0,0,0,0,1,0,0,0,0,0,0,0,0,0,0,0,0,0,1,0,0,0,0,0
2022-11-12,PROD_013,Decathlon Bandas Elásticas Set,Fitness,Bandas Elásticas,25,False,4,24.91,99.64,24.959999999999997,1.0016025641025643,0,0,0,0,0,1,0,0,0,0,0,0,0,0,0,0,0,0,0,0,0,0,0,0,1,0,0,0,0,1,0,0,0,0,0,0,0,0,0,0,0,0,0,0
2022-11-12,PROD_014,Sveltus Kettlebell 12kg,Fitness,Pesa Rusa,40,False,4,41.08,164.32,39.336666666666666,1.016862977713753,0,0,0,0,0,0,0,0,0,0,0,0,0,0,0,0,0,0,0,0,0,1,0,0,1,0,0,0,0,0,0,0,0,0,0,0,0,1,0,0,0,0,0,0
2022-11-12,PROD_015,Salomon Speedcross 5 GTX,Outdoor,Zapatillas Trail,150,True,5,150.66,753.3,140.77666666666667,1.065517486325859,0,0,0,0,0,0,0,0,0,0,0,0,0,0,0,0,0,0,0,0,1,0,0,0,0,1,0,0,0,0,0,0,0,0,0,0,0,0,0,0,0,0,0,1
2022-11-12,PROD_016,Trek Marlin 7,Outdoor,Bicicleta Montaña,830,True,4,848.21,3392.84,770.6300000000001,1.0770408626708017,0,0,0,0,0,0,0,0,0,0,0,0,0,0,0,0,0,0,0,0,0,0,0,1,0,1,0,0,0,0,1,0,0,0,0,0,0,0,0,0,0,0,0,0
2022-11-12,PROD_017,The North Face Borealis,Outdoor,Mochila Trekking,95,False,3,95.13,285.39,90.54,1.0492599955820632,0,0,0,0,0,0,0,0,0,0,0,0,0,0,0,0,0,0,0,0,0,0,1,0,0,1,0,0,0,0,0,0,0,0,0,0,1,0,0,0,0,0,0,0
2022-11-12,PROD_018,Columbia Silver Ridge,Outdoor,Ropa Montaña,70,False,2,69.39,138.78,65.11333333333334,1.075048633152452,0,0,0,0,1,0,0,0,0,0,0,0,0,0,0,0,0,0,0,0,0,0,0,0,0,1,0,0,0,0,0,0,0,0,0,0,0,0,0,0,1,0,0,0
2022-11-12,PROD_019,Merrell Moab 2 GTX,Outdoor,Zapatillas Trail,110,False,2,109.76,219.52,101.25333333333333,1.0863839873584409,0,0,0,0,0,0,0,0,0,0,0,0,1,0,0,0,0,0,0,0,0,0,0,0,0,1,0,0,0,0,0,0,0,0,0,0,0,0,0,0,0,0,0,1
2022-11-12,PROD_020,Quechua MH500,Outdoor,Ropa Montaña,80,False,2,81.55,163.1,74.48666666666666,1.0740177212924014,0,0,0,0,0,0,0,0,0,0,0,0,0,0,0,0,0,1,0,0,0,0,0,0,0,1,0,0,0,0,0,0,0,0,0,0,0,0,0,0,1,0,0,0
2022-11-12,PROD_021,Manduka PRO Yoga Mat,Wellness,Esterilla Yoga,130,True,6,130.73,784.38,121.06,1.0738476788369404,0,0,0,0,0,0,0,0,0,0,0,1,0,0,0,0,0,0,0,0,0,0,0,0,0,0,0,1,0,0,0,0,0,0,1,0,0,0,0,0,0,0,0,0
2022-11-12,PROD_022,Gaiam Premium Yoga Block,Wellness,Bloque Yoga,20,False,2,19.8,39.6,19.033333333333335,1.0507880910683012,0,0,0,0,0,0,0,0,1,0,0,0,0,0,0,0,0,0,0,0,0,0,0,0,0,0,0,1,0,0,0,1,0,0,0,0,0,0,0,0,0,0,0,0
2022-11-12,PROD_023,Liforme Yoga Pad,Wellness,Rodillera Yoga,35,False,2,35.72,71.44,35.10666666666666,0.9969616407140146,0,0,0,0,0,0,0,0,0,1,0,0,0,0,0,0,0,0,0,0,0,0,0,0,0,0,0,1,0,0,0,0,0,0,0,0,0,0,0,1,0,0,0,0
2022-11-12,PROD_024,Lotuscrafts Yoga Bolster,Wellness,Cojín Yoga,50,False,2,49.18,98.36,46.82999999999999,1.0676916506512921,0,0,0,0,0,0,0,0,0,0,1,0,0,0,0,0,0,0,0,0,0,0,0,0,0,0,0,1,0,0,0,0,1,0,0,0,0,0,0,0,0,0,0,0
2022-11-13,PROD_001,Nike Air Zoom Pegasus 40,Running,Zapatillas Running,115,True,13,113.06,1469.78,99.94333333333334,1.1506520361538204,0,0,0,0,0,0,0,0,0,0,0,0,0,0,1,0,0,0,0,0,0,0,0,0,0,0,1,0,0,0,0,0,0,0,0,0,0,0,0,0,0,0,1,0
2022-11-13,PROD_002,Adidas Ultraboost 23,Running,Zapatillas Running,135,True,10,137.71,1377.1,118.86,1.1357900050479557,0,1,0,0,0,0,0,0,0,0,0,0,0,0,0,0,0,0,0,0,0,0,0,0,0,0,1,0,0,0,0,0,0,0,0,0,0,0,0,0,0,0,1,0
2022-11-13,PROD_003,Asics Gel Nimbus 25,Running,Zapatillas Running,85,False,3,86.38,259.14,83.52,1.01772030651341,0,0,1,0,0,0,0,0,0,0,0,0,0,0,0,0,0,0,0,0,0,0,0,0,0,0,1,0,0,0,0,0,0,0,0,0,0,0,0,0,0,0,1,0
2022-11-13,PROD_004,New Balance Fresh Foam X 1080v12,Running,Zapatillas Running,75,False,3,76.85,230.55,71.97,1.0421008753647354,0,0,0,0,0,0,0,0,0,0,0,0,0,1,0,0,0,0,0,0,0,0,0,0,0,0,1,0,0,0,0,0,0,0,0,0,0,0,0,0,0,0,1,0
2022-11-13,PROD_005,Nike Dri-FIT Miler,Running,Ropa Running,35,False,3,34.63,103.89,32.803333333333335,1.0669647393557564,0,0,0,0,0,0,0,0,0,0,0,0,0,0,0,1,0,0,0,0,0,0,0,0,0,0,1,0,0,0,0,0,0,0,0,0,0,0,0,0,0,1,0,0
2022-11-13,PROD_006,Adidas Own The Run Jacket,Running,Ropa Running,65,False,2,65.15,130.3,62.17333333333334,1.0454642933733647,1,0,0,0,0,0,0,0,0,0,0,0,0,0,0,0,0,0,0,0,0,0,0,0,0,0,1,0,0,0,0,0,0,0,0,0,0,0,0,0,0,1,0,0
2022-11-13,PROD_007,Puma Velocity Nitro 2,Running,Zapatillas Running,70,False,3,71.49,214.47,68.09333333333332,1.0280007832386922,0,0,0,0,0,0,0,0,0,0,0,0,0,0,0,0,1,0,0,0,0,0,0,0,0,0,1,0,0,0,0,0,0,0,0,0,0,0,0,0,0,0,1,0
2022-11-13,PROD_008,Reebok Floatride Energy 5,Running,Zapatillas Running,65,False,2,63.21,126.42,62.44,1.0409993593850095,0,0,0,0,0,0,0,0,0,0,0,0,0,0,0,0,0,0,1,0,0,0,0,0,0,0,1,0,0,0,0,0,0,0,0,0,0,0,0,0,0,0,1,0
2022-11-13,PROD_009,Bowflex SelectTech 552,Fitness,Mancuernas Ajustables,400,True,2,402.63,805.26,364.16,1.0984182776801406,0,0,0,1,0,0,0,0,0,0,0,0,0,0,0,0,0,0,0,0,0,0,0,0,1,0,0,0,0,0,0,0,0,0,0,1,0,0,0,0,0,0,0,0
2022-11-13,PROD_010,Domyos BM900,Fitness,Banco Gimnasio,175,True,3,172.01,516.03,164.63000000000002,1.0629897345562775,0,0,0,0,0,0,1,0,0,0,0,0,0,0,0,0,0,0,0,0,0,0,0,0,1,0,0,0,1,0,0,0,0,0,0,0,0,0,0,0,0,0,0,0
2022-11-13,PROD_011,Reebok Professional Deck,Fitness,Esterilla Fitness,45,False,3,45.1,135.3,44.370000000000005,1.0141987829614603,0,0,0,0,0,0,0,0,0,0,0,0,0,0,0,0,0,0,0,1,0,0,0,0,1,0,0,0,0,0,0,0,0,1,0,0,0,0,0,0,0,0,0,0
2022-11-13,PROD_012,Domyos Kit Mancuernas 20kg,Fitness,Pesas Casa,55,False,4,54.18,216.72,54.160000000000004,1.0155096011816838,0,0,0,0,0,0,0,1,0,0,0,0,0,0,0,0,0,0,0,0,0,0,0,0,1,0,0,0,0,0,0,0,0,0,0,0,0,0,1,0,0,0,0,0
2022-11-13,PROD_013,Decathlon Bandas Elásticas Set,Fitness,Bandas Elásticas,25,False,3,24.67,74.01,23.669999999999998,1.0561892691170258,0,0,0,0,0,1,0,0,0,0,0,0,0,0,0,0,0,0,0,0,0,0,0,0,1,0,0,0,0,1,0,0,0,0,0,0,0,0,0,0,0,0,0,0
2022-11-13,PROD_014,Sveltus Kettlebell 12kg,Fitness,Pesa Rusa,40,False,3,38.81,116.43,38.98,1.0261672652642382,0,0,0,0,0,0,0,0,0,0,0,0,0,0,0,0,0,0,0,0,0,1,0,0,1,0,0,0,0,0,0,0,0,0,0,0,0,1,0,0,0,0,0,0
2022-11-13,PROD_015,Salomon Speedcross 5 GTX,Outdoor,Zapatillas Trail,150,True,4,152.54,610.16,142.07666666666668,1.05576801257537,0,0,0,0,0,0,0,0,0,0,0,0,0,0,0,0,0,0,0,0,1,0,0,0,0,1,0,0,0,0,0,0,0,0,0,0,0,0,0,0,0,0,0,1
2022-11-13,PROD_016,Trek Marlin 7,Outdoor,Bicicleta Montaña,830,True,3,854.15,2562.45,759.1033333333334,1.093395277761921,0,0,0,0,0,0,0,0,0,0,0,0,0,0,0,0,0,0,0,0,0,0,0,1,0,1,0,0,0,0,1,0,0,0,0,0,0,0,0,0,0,0,0,0
2022-11-13,PROD_017,The North Face Borealis,Outdoor,Mochila Trekking,95,False,2,95.62,191.24,92.86333333333334,1.0230087224954232,0,0,0,0,0,0,0,0,0,0,0,0,0,0,0,0,0,0,0,0,0,0,1,0,0,1,0,0,0,0,0,0,0,0,0,0,1,0,0,0,0,0,0,0
2022-11-13,PROD_018,Columbia Silver Ridge,Outdoor,Ropa Montaña,70,False,2,71.67,143.34,69.27666666666667,1.0104412260020208,0,0,0,0,1,0,0,0,0,0,0,0,0,0,0,0,0,0,0,0,0,0,0,0,0,1,0,0,0,0,0,0,0,0,0,0,0,0,0,0,1,0,0,0
2022-11-13,PROD_019,Merrell Moab 2 GTX,Outdoor,Zapatillas Trail,110,False,2,108.31,216.62,104.11,1.0565747766785132,0,0,0,0,0,0,0,0,0,0,0,0,1,0,0,0,0,0,0,0,0,0,0,0,0,1,0,0,0,0,0,0,0,0,0,0,0,0,0,0,0,0,0,1
2022-11-13,PROD_020,Quechua MH500,Outdoor,Ropa Montaña,80,False,2,81.24,162.48,78.77333333333333,1.015572105619499,0,0,0,0,0,0,0,0,0,0,0,0,0,0,0,0,0,1,0,0,0,0,0,0,0,1,0,0,0,0,0,0,0,0,0,0,0,0,0,0,1,0,0,0
2022-11-13,PROD_021,Manduka PRO Yoga Mat,Wellness,Esterilla Yoga,130,True,5,130.75,653.75,122.67,1.0597538110377436,0,0,0,0,0,0,0,0,0,0,0,1,0,0,0,0,0,0,0,0,0,0,0,0,0,0,0,1,0,0,0,0,0,0,1,0,0,0,0,0,0,0,0,0
2022-11-13,PROD_022,Gaiam Premium Yoga Block,Wellness,Bloque Yoga,20,False,2,20.18,40.36,20.05333333333333,0.997340425531915,0,0,0,0,0,0,0,0,1,0,0,0,0,0,0,0,0,0,0,0,0,0,0,0,0,0,0,1,0,0,0,1,0,0,0,0,0,0,0,0,0,0,0,0
2022-11-13,PROD_023,Liforme Yoga Pad,Wellness,Rodillera Yoga,35,False,2,35.56,71.12,35.26,0.9926262053318208,0,0,0,0,0,0,0,0,0,1,0,0,0,0,0,0,0,0,0,0,0,0,0,0,0,0,0,1,0,0,0,0,0,0,0,0,0,0,0,1,0,0,0,0
2022-11-13,PROD_024,Lotuscrafts Yoga Bolster,Wellness,Cojín Yoga,50,False,1,49.55,49.55,47.776666666666664,1.0465359659526967,0,0,0,0,0,0,0,0,0,0,1,0,0,0,0,0,0,0,0,0,0,0,0,0,0,0,0,1,0,0,0,0,1,0,0,0,0,0,0,0,0,0,0,0
2022-11-14,PROD_001,Nike Air Zoom Pegasus 40,Running,Zapatillas Running,115,True,10,116.78,1167.8,98.86,1.1632611774226178,0,0,0,0,0,0,0,0,0,0,0,0,0,0,1,0,0,0,0,0,0,0,0,0,0,0,1,0,0,0,0,0,0,0,0,0,0,0,0,0,0,0,1,0
2022-11-14,PROD_002,Adidas Ultraboost 23,Running,Zapatillas Running,135,True,10,138.8,1388.0,116.67333333333333,1.1570767384720873,0,1,0,0,0,0,0,0,0,0,0,0,0,0,0,0,0,0,0,0,0,0,0,0,0,0,1,0,0,0,0,0,0,0,0,0,0,0,0,0,0,0,1,0
2022-11-14,PROD_003,Asics Gel Nimbus 25,Running,Zapatillas Running,85,False,2,87.45,174.9,85.00999999999999,0.9998823667803789,0,0,1,0,0,0,0,0,0,0,0,0,0,0,0,0,0,0,0,0,0,0,0,0,0,0,1,0,0,0,0,0,0,0,0,0,0,0,0,0,0,0,1,0
2022-11-14,PROD_004,New Balance Fresh Foam X 1080v12,Running,Zapatillas Running,75,False,2,73.03,146.06,69.60000000000001,1.0775862068965516,0,0,0,0,0,0,0,0,0,0,0,0,0,1,0,0,0,0,0,0,0,0,0,0,0,0,1,0,0,0,0,0,0,0,0,0,0,0,0,0,0,0,1,0
2022-11-14,PROD_005,Nike Dri-FIT Miler,Running,Ropa Running,35,False,2,35.78,71.56,33.11666666666667,1.0568696527428283,0,0,0,0,0,0,0,0,0,0,0,0,0,0,0,1,0,0,0,0,0,0,0,0,0,0,1,0,0,0,0,0,0,0,0,0,0,0,0,0,0,1,0,0
2022-11-14,PROD_006,Adidas Own The Run Jacket,Running,Ropa Running,65,False,3,63.49,190.47,64.96666666666667,1.0005130836326321,1,0,0,0,0,0,0,0,0,0,0,0,0,0,0,0,0,0,0,0,0,0,0,0,0,0,1,0,0,0,0,0,0,0,0,0,0,0,0,0,0,1,0,0
2022-11-14,PROD_007,Puma Velocity Nitro 2,Running,Zapatillas Running,70,False,2,71.88,143.76,68.03333333333333,1.02890739833415,0,0,0,0,0,0,0,0,0,0,0,0,0,0,0,0,1,0,0,0,0,0,0,0,0,0,1,0,0,0,0,0,0,0,0,0,0,0,0,0,0,0,1,0
2022-11-14,PROD_008,Reebok Floatride Energy 5,Running,Zapatillas Running,65,False,2,64.42,128.84,61.49,1.0570824524312896,0,0,0,0,0,0,0,0,0,0,0,0,0,0,0,0,0,0,1,0,0,0,0,0,0,0,1,0,0,0,0,0,0,0,0,0,0,0,0,0,0,0,1,0
2022-11-14,PROD_009,Bowflex SelectTech 552,Fitness,Mancuernas Ajustables,400,True,2,394.5,789.0,360.42,1.1098163253981466,0,0,0,1,0,0,0,0,0,0,0,0,0,0,0,0,0,0,0,0,0,0,0,0,1,0,0,0,0,0,0,0,0,0,0,1,0,0,0,0,0,0,0,0
2022-11-14,PROD_010,Domyos BM900,Fitness,Banco Gimnasio,175,True,2,178.75,357.5,165.04,1.0603490063015026,0,0,0,0,0,0,1,0,0,0,0,0,0,0,0,0,0,0,0,0,0,0,0,0,1,0,0,0,1,0,0,0,0,0,0,0,0,0,0,0,0,0,0,0
2022-11-14,PROD_011,Reebok Professional Deck,Fitness,Esterilla Fitness,45,False,3,44.89,134.67,42.336666666666666,1.0629084324068971,0,0,0,0,0,0,0,0,0,0,0,0,0,0,0,0,0,0,0,1,0,0,0,0,1,0,0,0,0,0,0,0,0,1,0,0,0,0,0,0,0,0,0,0
2022-11-14,PROD_012,Domyos Kit Mancuernas 20kg,Fitness,Pesas Casa,55,False,4,54.18,216.72,52.92666666666667,1.03917369945837,0,0,0,0,0,0,0,1,0,0,0,0,0,0,0,0,0,0,0,0,0,0,0,0,1,0,0,0,0,0,0,0,0,0,0,0,0,0,1,0,0,0,0,0
2022-11-14,PROD_013,Decathlon Bandas Elásticas Set,Fitness,Bandas Elásticas,25,False,3,25.73,77.19,23.646666666666665,1.0572314632083453,0,0,0,0,0,1,0,0,0,0,0,0,0,0,0,0,0,0,0,0,0,0,0,0,1,0,0,0,0,1,0,0,0,0,0,0,0,0,0,0,0,0,0,0
2022-11-14,PROD_014,Sveltus Kettlebell 12kg,Fitness,Pesa Rusa,40,False,2,41.18,82.36,38.87333333333333,1.0289830217801408,0,0,0,0,0,0,0,0,0,0,0,0,0,0,0,0,0,0,0,0,0,1,0,0,1,0,0,0,0,0,0,0,0,0,0,0,0,1,0,0,0,0,0,0
2022-11-14,PROD_015,Salomon Speedcross 5 GTX,Outdoor,Zapatillas Trail,150,True,3,146.71,440.13,139.79666666666665,1.0729869572474309,0,0,0,0,0,0,0,0,0,0,0,0,0,0,0,0,0,0,0,0,1,0,0,0,0,1,0,0,0,0,0,0,0,0,0,0,0,0,0,0,0,0,0,1
2022-11-14,PROD_016,Trek Marlin 7,Outdoor,Bicicleta Montaña,830,True,3,823.78,2471.34,763.2633333333333,1.0874359657435835,0,0,0,0,0,0,0,0,0,0,0,0,0,0,0,0,0,0,0,0,0,0,0,1,0,1,0,0,0,0,1,0,0,0,0,0,0,0,0,0,0,0,0,0
2022-11-14,PROD_017,The North Face Borealis,Outdoor,Mochila Trekking,95,False,3,92.79,278.37,92.62,1.0256963938674153,0,0,0,0,0,0,0,0,0,0,0,0,0,0,0,0,0,0,0,0,0,0,1,0,0,1,0,0,0,0,0,0,0,0,0,0,1,0,0,0,0,0,0,0
2022-11-14,PROD_018,Columbia Silver Ridge,Outdoor,Ropa Montaña,70,False,2,69.74,139.48,68.39333333333333,1.0234915683789843,0,0,0,0,1,0,0,0,0,0,0,0,0,0,0,0,0,0,0,0,0,0,0,0,0,1,0,0,0,0,0,0,0,0,0,0,0,0,0,0,1,0,0,0
2022-11-14,PROD_019,Merrell Moab 2 GTX,Outdoor,Zapatillas Trail,110,False,3,109.55,328.65,105.44666666666666,1.0431813871151294,0,0,0,0,0,0,0,0,0,0,0,0,1,0,0,0,0,0,0,0,0,0,0,0,0,1,0,0,0,0,0,0,0,0,0,0,0,0,0,0,0,0,0,1
2022-11-14,PROD_020,Quechua MH500,Outdoor,Ropa Montaña,80,False,2,81.71,163.42,80.60333333333334,0.9925147843348082,0,0,0,0,0,0,0,0,0,0,0,0,0,0,0,0,0,1,0,0,0,0,0,0,0,1,0,0,0,0,0,0,0,0,0,0,0,0,0,0,1,0,0,0
2022-11-14,PROD_021,Manduka PRO Yoga Mat,Wellness,Esterilla Yoga,130,True,5,128.51,642.55,122.31,1.0628730275529392,0,0,0,0,0,0,0,0,0,0,0,1,0,0,0,0,0,0,0,0,0,0,0,0,0,0,0,1,0,0,0,0,0,0,1,0,0,0,0,0,0,0,0,0
2022-11-14,PROD_022,Gaiam Premium Yoga Block,Wellness,Bloque Yoga,20,False,2,19.76,39.52,18.926666666666666,1.056710109193378,0,0,0,0,0,0,0,0,1,0,0,0,0,0,0,0,0,0,0,0,0,0,0,0,0,0,0,1,0,0,0,1,0,0,0,0,0,0,0,0,0,0,0,0
2022-11-14,PROD_023,Liforme Yoga Pad,Wellness,Rodillera Yoga,35,False,2,34.57,69.14,34.47333333333333,1.0152775091858444,0,0,0,0,0,0,0,0,0,1,0,0,0,0,0,0,0,0,0,0,0,0,0,0,0,0,0,1,0,0,0,0,0,0,0,0,0,0,0,1,0,0,0,0
2022-11-14,PROD_024,Lotuscrafts Yoga Bolster,Wellness,Cojín Yoga,50,False,1,49.19,49.19,48.48333333333334,1.0312822275696114,0,0,0,0,0,0,0,0,0,0,1,0,0,0,0,0,0,0,0,0,0,0,0,0,0,0,0,1,0,0,0,0,1,0,0,0,0,0,0,0,0,0,0,0
2022-11-15,PROD_001,Nike Air Zoom Pegasus 40,Running,Zapatillas Running,115,True,11,117.9,1296.9,98.73333333333333,1.1647535449020932,0,0,0,0,0,0,0,0,0,0,0,0,0,0,1,0,0,0,0,0,0,0,0,0,0,0,1,0,0,0,0,0,0,0,0,0,0,0,0,0,0,0,1,0
2022-11-15,PROD_002,Adidas Ultraboost 23,Running,Zapatillas Running,135,True,12,131.33,1575.96,117.08,1.1530577382985994,0,1,0,0,0,0,0,0,0,0,0,0,0,0,0,0,0,0,0,0,0,0,0,0,0,0,1,0,0,0,0,0,0,0,0,0,0,0,0,0,0,0,1,0
2022-11-15,PROD_003,Asics Gel Nimbus 25,Running,Zapatillas Running,85,False,2,84.2,168.4,81.02,1.0491236731671192,0,0,1,0,0,0,0,0,0,0,0,0,0,0,0,0,0,0,0,0,0,0,0,0,0,0,1,0,0,0,0,0,0,0,0,0,0,0,0,0,0,0,1,0
2022-11-15,PROD_004,New Balance Fresh Foam X 1080v12,Running,Zapatillas Running,75,False,2,74.63,149.26,73.12,1.0257111597374178,0,0,0,0,0,0,0,0,0,0,0,0,0,1,0,0,0,0,0,0,0,0,0,0,0,0,1,0,0,0,0,0,0,0,0,0,0,0,0,0,0,0,1,0
2022-11-15,PROD_005,Nike Dri-FIT Miler,Running,Ropa Running,35,False,3,35.71,107.13,32.47666666666667,1.0776968079646927,0,0,0,0,0,0,0,0,0,0,0,0,0,0,0,1,0,0,0,0,0,0,0,0,0,0,1,0,0,0,0,0,0,0,0,0,0,0,0,0,0,1,0,0
2022-11-15,PROD_006,Adidas Own The Run Jacket,Running,Ropa Running,65,False,2,64.41,128.82,62.21,1.0448480951615495,1,0,0,0,0,0,0,0,0,0,0,0,0,0,0,0,0,0,0,0,0,0,0,0,0,0,1,0,0,0,0,0,0,0,0,0,0,0,0,0,0,1,0,0
2022-11-15,PROD_007,Puma Velocity Nitro 2,Running,Zapatillas Running,70,False,2,71.87,143.74,68.11333333333334,1.0276989331506312,0,0,0,0,0,0,0,0,0,0,0,0,0,0,0,0,1,0,0,0,0,0,0,0,0,0,1,0,0,0,0,0,0,0,0,0,0,0,0,0,0,0,1,0
2022-11-15,PROD_008,Reebok Floatride Energy 5,Running,Zapatillas Running,65,False,3,64.71,194.13,63.55666666666667,1.0227093931924267,0,0,0,0,0,0,0,0,0,0,0,0,0,0,0,0,0,0,1,0,0,0,0,0,0,0,1,0,0,0,0,0,0,0,0,0,0,0,0,0,0,0,1,0
2022-11-15,PROD_009,Bowflex SelectTech 552,Fitness,Mancuernas Ajustables,400,True,2,410.05,820.1,361.78,1.1056443142241141,0,0,0,1,0,0,0,0,0,0,0,0,0,0,0,0,0,0,0,0,0,0,0,0,1,0,0,0,0,0,0,0,0,0,0,1,0,0,0,0,0,0,0,0
2022-11-15,PROD_010,Domyos BM900,Fitness,Banco Gimnasio,175,True,2,174.13,348.26,167.05333333333334,1.0475696384388218,0,0,0,0,0,0,1,0,0,0,0,0,0,0,0,0,0,0,0,0,0,0,0,0,1,0,0,0,1,0,0,0,0,0,0,0,0,0,0,0,0,0,0,0
2022-11-15,PROD_011,Reebok Professional Deck,Fitness,Esterilla Fitness,45,False,4,44.25,177.0,44.75333333333333,1.0055116937285864,0,0,0,0,0,0,0,0,0,0,0,0,0,0,0,0,0,0,0,1,0,0,0,0,1,0,0,0,0,0,0,0,0,1,0,0,0,0,0,0,0,0,0,0
2022-11-15,PROD_012,Domyos Kit Mancuernas 20kg,Fitness,Pesas Casa,55,False,4,55.0,220.0,54.00666666666667,1.0183927910134551,0,0,0,0,0,0,0,1,0,0,0,0,0,0,0,0,0,0,0,0,0,0,0,0,1,0,0,0,0,0,0,0,0,0,0,0,0,0,1,0,0,0,0,0
2022-11-15,PROD_013,Decathlon Bandas Elásticas Set,Fitness,Bandas Elásticas,25,False,3,25.19,75.57,24.246666666666666,1.0310695628265054,0,0,0,0,0,1,0,0,0,0,0,0,0,0,0,0,0,0,0,0,0,0,0,0,1,0,0,0,0,1,0,0,0,0,0,0,0,0,0,0,0,0,0,0
2022-11-15,PROD_014,Sveltus Kettlebell 12kg,Fitness,Pesa Rusa,40,False,3,41.08,123.24,39.46,1.0136847440446022,0,0,0,0,0,0,0,0,0,0,0,0,0,0,0,0,0,0,0,0,0,1,0,0,1,0,0,0,0,0,0,0,0,0,0,0,0,1,0,0,0,0,0,0
2022-11-15,PROD_015,Salomon Speedcross 5 GTX,Outdoor,Zapatillas Trail,150,True,3,153.52,460.56,140.18666666666667,1.070001902225604,0,0,0,0,0,0,0,0,0,0,0,0,0,0,0,0,0,0,0,0,1,0,0,0,0,1,0,0,0,0,0,0,0,0,0,0,0,0,0,0,0,0,0,1
2022-11-15,PROD_016,Trek Marlin 7,Outdoor,Bicicleta Montaña,830,True,2,845.36,1690.72,776.0733333333333,1.0694865605484019,0,0,0,0,0,0,0,0,0,0,0,0,0,0,0,0,0,0,0,0,0,0,0,1,0,1,0,0,0,0,1,0,0,0,0,0,0,0,0,0,0,0,0,0
2022-11-15,PROD_017,The North Face Borealis,Outdoor,Mochila Trekking,95,False,2,95.54,191.08,87.66333333333334,1.0836913951100802,0,0,0,0,0,0,0,0,0,0,0,0,0,0,0,0,0,0,0,0,0,0,1,0,0,1,0,0,0,0,0,0,0,0,0,0,1,0,0,0,0,0,0,0
2022-11-15,PROD_018,Columbia Silver Ridge,Outdoor,Ropa Montaña,70,False,2,70.15,140.3,67.42333333333333,1.0382162456123003,0,0,0,0,1,0,0,0,0,0,0,0,0,0,0,0,0,0,0,0,0,0,0,0,0,1,0,0,0,0,0,0,0,0,0,0,0,0,0,0,1,0,0,0
2022-11-15,PROD_019,Merrell Moab 2 GTX,Outdoor,Zapatillas Trail,110,False,2,110.1,220.2,110.52,0.9952949692363373,0,0,0,0,0,0,0,0,0,0,0,0,1,0,0,0,0,0,0,0,0,0,0,0,0,1,0,0,0,0,0,0,0,0,0,0,0,0,0,0,0,0,0,1
2022-11-15,PROD_020,Quechua MH500,Outdoor,Ropa Montaña,80,False,1,81.66,81.66,77.63666666666667,1.0304409428534627,0,0,0,0,0,0,0,0,0,0,0,0,0,0,0,0,0,1,0,0,0,0,0,0,0,1,0,0,0,0,0,0,0,0,0,0,0,0,0,0,1,0,0,0
2022-11-15,PROD_021,Manduka PRO Yoga Mat,Wellness,Esterilla Yoga,130,True,5,130.85,654.25,122.06666666666666,1.064991807755325,0,0,0,0,0,0,0,0,0,0,0,1,0,0,0,0,0,0,0,0,0,0,0,0,0,0,0,1,0,0,0,0,0,0,1,0,0,0,0,0,0,0,0,0
2022-11-15,PROD_022,Gaiam Premium Yoga Block,Wellness,Bloque Yoga,20,False,2,20.4,40.8,19.78,1.0111223458038423,0,0,0,0,0,0,0,0,1,0,0,0,0,0,0,0,0,0,0,0,0,0,0,0,0,0,0,1,0,0,0,1,0,0,0,0,0,0,0,0,0,0,0,0
2022-11-15,PROD_023,Liforme Yoga Pad,Wellness,Rodillera Yoga,35,False,1,34.3,34.3,32.88666666666666,1.0642610987228869,0,0,0,0,0,0,0,0,0,1,0,0,0,0,0,0,0,0,0,0,0,0,0,0,0,0,0,1,0,0,0,0,0,0,0,0,0,0,0,1,0,0,0,0
2022-11-15,PROD_024,Lotuscrafts Yoga Bolster,Wellness,Cojín Yoga,50,False,1,50.51,50.51,50.68666666666667,0.9864527160331448,0,0,0,0,0,0,0,0,0,0,1,0,0,0,0,0,0,0,0,0,0,0,0,0,0,0,0,1,0,0,0,0,1,0,0,0,0,0,0,0,0,0,0,0
2022-11-16,PROD_001,Nike Air Zoom Pegasus 40,Running,Zapatillas Running,115,True,11,113.05,1243.55,99.72333333333334,1.1531904936992345,0,0,0,0,0,0,0,0,0,0,0,0,0,0,1,0,0,0,0,0,0,0,0,0,0,0,1,0,0,0,0,0,0,0,0,0,0,0,0,0,0,0,1,0
2022-11-16,PROD_002,Adidas Ultraboost 23,Running,Zapatillas Running,135,True,11,132.14,1453.54,118.11,1.143002286004572,0,1,0,0,0,0,0,0,0,0,0,0,0,0,0,0,0,0,0,0,0,0,0,0,0,0,1,0,0,0,0,0,0,0,0,0,0,0,0,0,0,0,1,0
2022-11-16,PROD_003,Asics Gel Nimbus 25,Running,Zapatillas Running,85,False,3,85.04,255.12,84.58666666666666,1.0048865069356874,0,0,1,0,0,0,0,0,0,0,0,0,0,0,0,0,0,0,0,0,0,0,0,0,0,0,1,0,0,0,0,0,0,0,0,0,0,0,0,0,0,0,1,0
2022-11-16,PROD_004,New Balance Fresh Foam X 1080v12,Running,Zapatillas Running,75,False,3,75.79,227.37,71.54,1.048364551299972,0,0,0,0,0,0,0,0,0,0,0,0,0,1,0,0,0,0,0,0,0,0,0,0,0,0,1,0,0,0,0,0,0,0,0,0,0,0,0,0,0,0,1,0
2022-11-16,PROD_005,Nike Dri-FIT Miler,Running,Ropa Running,35,False,2,35.26,70.52,34.43,1.0165553296543712,0,0,0,0,0,0,0,0,0,0,0,0,0,0,0,1,0,0,0,0,0,0,0,0,0,0,1,0,0,0,0,0,0,0,0,0,0,0,0,0,0,1,0,0
2022-11-16,PROD_006,Adidas Own The Run Jacket,Running,Ropa Running,65,False,2,65.17,130.34,61.080000000000005,1.0641781270464963,1,0,0,0,0,0,0,0,0,0,0,0,0,0,0,0,0,0,0,0,0,0,0,0,0,0,1,0,0,0,0,0,0,0,0,0,0,0,0,0,0,1,0,0
2022-11-16,PROD_007,Puma Velocity Nitro 2,Running,Zapatillas Running,70,False,2,69.52,139.04,69.97,1.0004287551807918,0,0,0,0,0,0,0,0,0,0,0,0,0,0,0,0,1,0,0,0,0,0,0,0,0,0,1,0,0,0,0,0,0,0,0,0,0,0,0,0,0,0,1,0
2022-11-16,PROD_008,Reebok Floatride Energy 5,Running,Zapatillas Running,65,False,2,63.55,127.1,63.27333333333333,1.0272890106416606,0,0,0,0,0,0,0,0,0,0,0,0,0,0,0,0,0,0,1,0,0,0,0,0,0,0,1,0,0,0,0,0,0,0,0,0,0,0,0,0,0,0,1,0
2022-11-16,PROD_009,Bowflex SelectTech 552,Fitness,Mancuernas Ajustables,400,True,2,396.63,793.26,360.0333333333333,1.1110082399777799,0,0,0,1,0,0,0,0,0,0,0,0,0,0,0,0,0,0,0,0,0,0,0,0,1,0,0,0,0,0,0,0,0,0,0,1,0,0,0,0,0,0,0,0
2022-11-16,PROD_010,Domyos BM900,Fitness,Banco Gimnasio,175,True,2,179.11,358.22,167.86333333333332,1.0425147441370957,0,0,0,0,0,0,1,0,0,0,0,0,0,0,0,0,0,0,0,0,0,0,0,0,1,0,0,0,1,0,0,0,0,0,0,0,0,0,0,0,0,0,0,0
2022-11-16,PROD_011,Reebok Professional Deck,Fitness,Esterilla Fitness,45,False,3,44.95,134.85,42.78333333333333,1.0518114530580445,0,0,0,0,0,0,0,0,0,0,0,0,0,0,0,0,0,0,0,1,0,0,0,0,1,0,0,0,0,0,0,0,0,1,0,0,0,0,0,0,0,0,0,0
2022-11-16,PROD_012,Domyos Kit Mancuernas 20kg,Fitness,Pesas Casa,55,False,3,53.73,161.19,54.1,1.0166358595194085,0,0,0,0,0,0,0,1,0,0,0,0,0,0,0,0,0,0,0,0,0,0,0,0,1,0,0,0,0,0,0,0,0,0,0,0,0,0,1,0,0,0,0,0
2022-11-16,PROD_013,Decathlon Bandas Elásticas Set,Fitness,Bandas Elásticas,25,False,3,24.55,73.65,23.846666666666668,1.048364551299972,0,0,0,0,0,1,0,0,0,0,0,0,0,0,0,0,0,0,0,0,0,0,0,0,1,0,0,0,0,1,0,0,0,0,0,0,0,0,0,0,0,0,0,0
2022-11-16,PROD_014,Sveltus Kettlebell 12kg,Fitness,Pesa Rusa,40,False,3,40.74,122.22,39.589999999999996,1.0103561505430665,0,0,0,0,0,0,0,0,0,0,0,0,0,0,0,0,0,0,0,0,0,1,0,0,1,0,0,0,0,0,0,0,0,0,0,0,0,1,0,0,0,0,0,0
2022-11-16,PROD_015,Salomon Speedcross 5 GTX,Outdoor,Zapatillas Trail,150,True,3,150.77,452.31,143.36,1.0463169642857142,0,0,0,0,0,0,0,0,0,0,0,0,0,0,0,0,0,0,0,0,1,0,0,0,0,1,0,0,0,0,0,0,0,0,0,0,0,0,0,0,0,0,0,1
2022-11-16,PROD_016,Trek Marlin 7,Outdoor,Bicicleta Montaña,830,True,3,822.23,2466.69,762.6233333333333,1.088348551272581,0,0,0,0,0,0,0,0,0,0,0,0,0,0,0,0,0,0,0,0,0,0,0,1,0,1,0,0,0,0,1,0,0,0,0,0,0,0,0,0,0,0,0,0
2022-11-16,PROD_017,The North Face Borealis,Outdoor,Mochila Trekking,95,False,2,96.97,193.94,93.95,1.0111761575306013,0,0,0,0,0,0,0,0,0,0,0,0,0,0,0,0,0,0,0,0,0,0,1,0,0,1,0,0,0,0,0,0,0,0,0,0,1,0,0,0,0,0,0,0
2022-11-16,PROD_018,Columbia Silver Ridge,Outdoor,Ropa Montaña,70,False,2,69.24,138.48,68.86333333333333,1.0165061232392663,0,0,0,0,1,0,0,0,0,0,0,0,0,0,0,0,0,0,0,0,0,0,0,0,0,1,0,0,0,0,0,0,0,0,0,0,0,0,0,0,1,0,0,0
2022-11-16,PROD_019,Merrell Moab 2 GTX,Outdoor,Zapatillas Trail,110,False,2,108.94,217.88,106.13666666666666,1.0363996105649949,0,0,0,0,0,0,0,0,0,0,0,0,1,0,0,0,0,0,0,0,0,0,0,0,0,1,0,0,0,0,0,0,0,0,0,0,0,0,0,0,0,0,0,1
2022-11-16,PROD_020,Quechua MH500,Outdoor,Ropa Montaña,80,False,2,78.7,157.4,79.29,1.0089544709294993,0,0,0,0,0,0,0,0,0,0,0,0,0,0,0,0,0,1,0,0,0,0,0,0,0,1,0,0,0,0,0,0,0,0,0,0,0,0,0,0,1,0,0,0
2022-11-16,PROD_021,Manduka PRO Yoga Mat,Wellness,Esterilla Yoga,130,True,6,133.69,802.14,122.7,1.0594947025264874,0,0,0,0,0,0,0,0,0,0,0,1,0,0,0,0,0,0,0,0,0,0,0,0,0,0,0,1,0,0,0,0,0,0,1,0,0,0,0,0,0,0,0,0
2022-11-16,PROD_022,Gaiam Premium Yoga Block,Wellness,Bloque Yoga,20,False,2,20.55,41.1,19.573333333333334,1.0217983651226157,0,0,0,0,0,0,0,0,1,0,0,0,0,0,0,0,0,0,0,0,0,0,0,0,0,0,0,1,0,0,0,1,0,0,0,0,0,0,0,0,0,0,0,0
2022-11-16,PROD_023,Liforme Yoga Pad,Wellness,Rodillera Yoga,35,False,1,34.8,34.8,34.15,1.0248901903367498,0,0,0,0,0,0,0,0,0,1,0,0,0,0,0,0,0,0,0,0,0,0,0,0,0,0,0,1,0,0,0,0,0,0,0,0,0,0,0,1,0,0,0,0
2022-11-16,PROD_024,Lotuscrafts Yoga Bolster,Wellness,Cojín Yoga,50,False,1,49.37,49.37,48.21333333333333,1.0370575221238938,0,0,0,0,0,0,0,0,0,0,1,0,0,0,0,0,0,0,0,0,0,0,0,0,0,0,0,1,0,0,0,0,1,0,0,0,0,0,0,0,0,0,0,0
2022-11-17,PROD_001,Nike Air Zoom Pegasus 40,Running,Zapatillas Running,115,True,11,114.54,1259.94,101.07000000000001,1.137825269615118,0,0,0,0,0,0,0,0,0,0,0,0,0,0,1,0,0,0,0,0,0,0,0,0,0,0,1,0,0,0,0,0,0,0,0,0,0,0,0,0,0,0,1,0
2022-11-17,PROD_002,Adidas Ultraboost 23,Running,Zapatillas Running,135,True,10,134.89,1348.9,117.2,1.151877133105802,0,1,0,0,0,0,0,0,0,0,0,0,0,0,0,0,0,0,0,0,0,0,0,0,0,0,1,0,0,0,0,0,0,0,0,0,0,0,0,0,0,0,1,0
2022-11-17,PROD_003,Asics Gel Nimbus 25,Running,Zapatillas Running,85,False,3,84.62,253.86,84.02333333333333,1.0116237553060659,0,0,1,0,0,0,0,0,0,0,0,0,0,0,0,0,0,0,0,0,0,0,0,0,0,0,1,0,0,0,0,0,0,0,0,0,0,0,0,0,0,0,1,0
2022-11-17,PROD_004,New Balance Fresh Foam X 1080v12,Running,Zapatillas Running,75,False,3,73.58,220.74,71.53666666666668,1.0484134010530728,0,0,0,0,0,0,0,0,0,0,0,0,0,1,0,0,0,0,0,0,0,0,0,0,0,0,1,0,0,0,0,0,0,0,0,0,0,0,0,0,0,0,1,0
2022-11-17,PROD_005,Nike Dri-FIT Miler,Running,Ropa Running,35,False,2,34.38,68.76,35.85,0.9762900976290098,0,0,0,0,0,0,0,0,0,0,0,0,0,0,0,1,0,0,0,0,0,0,0,0,0,0,1,0,0,0,0,0,0,0,0,0,0,0,0,0,0,1,0,0
2022-11-17,PROD_006,Adidas Own The Run Jacket,Running,Ropa Running,65,False,2,65.61,131.22,64.0,1.015625,1,0,0,0,0,0,0,0,0,0,0,0,0,0,0,0,0,0,0,0,0,0,0,0,0,0,1,0,0,0,0,0,0,0,0,0,0,0,0,0,0,1,0,0
2022-11-17,PROD_007,Puma Velocity Nitro 2,Running,Zapatillas Running,70,False,2,72.08,144.16,69.42333333333333,1.0083065251836558,0,0,0,0,0,0,0,0,0,0,0,0,0,0,0,0,1,0,0,0,0,0,0,0,0,0,1,0,0,0,0,0,0,0,0,0,0,0,0,0,0,0,1,0
2022-11-17,PROD_008,Reebok Floatride Energy 5,Running,Zapatillas Running,65,False,3,64.65,193.95,60.47333333333333,1.0748539301069342,0,0,0,0,0,0,0,0,0,0,0,0,0,0,0,0,0,0,1,0,0,0,0,0,0,0,1,0,0,0,0,0,0,0,0,0,0,0,0,0,0,0,1,0
2022-11-17,PROD_009,Bowflex SelectTech 552,Fitness,Mancuernas Ajustables,400,True,2,395.5,791.0,365.99333333333334,1.0929160822601505,0,0,0,1,0,0,0,0,0,0,0,0,0,0,0,0,0,0,0,0,0,0,0,0,1,0,0,0,0,0,0,0,0,0,0,1,0,0,0,0,0,0,0,0
2022-11-17,PROD_010,Domyos BM900,Fitness,Banco Gimnasio,175,True,2,177.84,355.68,168.09666666666666,1.0410676396517877,0,0,0,0,0,0,1,0,0,0,0,0,0,0,0,0,0,0,0,0,0,0,0,0,1,0,0,0,1,0,0,0,0,0,0,0,0,0,0,0,0,0,0,0
2022-11-17,PROD_011,Reebok Professional Deck,Fitness,Esterilla Fitness,45,False,4,44.01,176.04,43.59,1.032346868547832,0,0,0,0,0,0,0,0,0,0,0,0,0,0,0,0,0,0,0,1,0,0,0,0,1,0,0,0,0,0,0,0,0,1,0,0,0,0,0,0,0,0,0,0
2022-11-17,PROD_012,Domyos Kit Mancuernas 20kg,Fitness,Pesas Casa,55,False,4,53.76,215.04,53.093333333333334,1.0359116022099448,0,0,0,0,0,0,0,1,0,0,0,0,0,0,0,0,0,0,0,0,0,0,0,0,1,0,0,0,0,0,0,0,0,0,0,0,0,0,1,0,0,0,0,0
2022-11-17,PROD_013,Decathlon Bandas Elásticas Set,Fitness,Bandas Elásticas,25,False,2,25.72,51.44,24.396666666666665,1.0247301543926768,0,0,0,0,0,1,0,0,0,0,0,0,0,0,0,0,0,0,0,0,0,0,0,0,1,0,0,0,0,1,0,0,0,0,0,0,0,0,0,0,0,0,0,0
2022-11-17,PROD_014,Sveltus Kettlebell 12kg,Fitness,Pesa Rusa,40,False,3,40.2,120.6,38.37,1.0424811050299714,0,0,0,0,0,0,0,0,0,0,0,0,0,0,0,0,0,0,0,0,0,1,0,0,1,0,0,0,0,0,0,0,0,0,0,0,0,1,0,0,0,0,0,0
2022-11-17,PROD_015,Salomon Speedcross 5 GTX,Outdoor,Zapatillas Trail,150,True,3,149.28,447.84,141.27,1.0617965597791463,0,0,0,0,0,0,0,0,0,0,0,0,0,0,0,0,0,0,0,0,1,0,0,0,0,1,0,0,0,0,0,0,0,0,0,0,0,0,0,0,0,0,0,1
2022-11-17,PROD_016,Trek Marlin 7,Outdoor,Bicicleta Montaña,830,True,3,838.16,2514.48,773.5333333333333,1.0729983624924588,0,0,0,0,0,0,0,0,0,0,0,0,0,0,0,0,0,0,0,0,0,0,0,1,0,1,0,0,0,0,1,0,0,0,0,0,0,0,0,0,0,0,0,0
2022-11-17,PROD_017,The North Face Borealis,Outdoor,Mochila Trekking,95,False,2,92.55,185.1,91.13666666666667,1.0423905489923557,0,0,0,0,0,0,0,0,0,0,0,0,0,0,0,0,0,0,0,0,0,0,1,0,0,1,0,0,0,0,0,0,0,0,0,0,1,0,0,0,0,0,0,0
2022-11-17,PROD_018,Columbia Silver Ridge,Outdoor,Ropa Montaña,70,False,2,68.16,136.32,66.22666666666667,1.056976041876384,0,0,0,0,1,0,0,0,0,0,0,0,0,0,0,0,0,0,0,0,0,0,0,0,0,1,0,0,0,0,0,0,0,0,0,0,0,0,0,0,1,0,0,0
2022-11-17,PROD_019,Merrell Moab 2 GTX,Outdoor,Zapatillas Trail,110,False,2,113.07,226.14,108.20666666666666,1.0165732240773828,0,0,0,0,0,0,0,0,0,0,0,0,1,0,0,0,0,0,0,0,0,0,0,0,0,1,0,0,0,0,0,0,0,0,0,0,0,0,0,0,0,0,0,1
2022-11-17,PROD_020,Quechua MH500,Outdoor,Ropa Montaña,80,False,2,81.33,162.66,79.77999999999999,1.0027575833542244,0,0,0,0,0,0,0,0,0,0,0,0,0,0,0,0,0,1,0,0,0,0,0,0,0,1,0,0,0,0,0,0,0,0,0,0,0,0,0,0,1,0,0,0
2022-11-17,PROD_021,Manduka PRO Yoga Mat,Wellness,Esterilla Yoga,130,True,5,132.25,661.25,120.38333333333333,1.0798837048317873,0,0,0,0,0,0,0,0,0,0,0,1,0,0,0,0,0,0,0,0,0,0,0,0,0,0,0,1,0,0,0,0,0,0,1,0,0,0,0,0,0,0,0,0
2022-11-17,PROD_022,Gaiam Premium Yoga Block,Wellness,Bloque Yoga,20,False,2,19.98,39.96,19.456666666666667,1.027925304094569,0,0,0,0,0,0,0,0,1,0,0,0,0,0,0,0,0,0,0,0,0,0,0,0,0,0,0,1,0,0,0,1,0,0,0,0,0,0,0,0,0,0,0,0
2022-11-17,PROD_023,Liforme Yoga Pad,Wellness,Rodillera Yoga,35,False,1,34.04,34.04,33.25666666666667,1.052420567304801,0,0,0,0,0,0,0,0,0,1,0,0,0,0,0,0,0,0,0,0,0,0,0,0,0,0,0,1,0,0,0,0,0,0,0,0,0,0,0,1,0,0,0,0
2022-11-17,PROD_024,Lotuscrafts Yoga Bolster,Wellness,Cojín Yoga,50,False,1,50.82,50.82,47.77333333333333,1.0466089868825006,0,0,0,0,0,0,0,0,0,0,1,0,0,0,0,0,0,0,0,0,0,0,0,0,0,0,0,1,0,0,0,0,1,0,0,0,0,0,0,0,0,0,0,0
2022-11-18,PROD_001,Nike Air Zoom Pegasus 40,Running,Zapatillas Running,115,True,13,114.34,1486.42,98.83333333333333,1.163575042158516,0,0,0,0,0,0,0,0,0,0,0,0,0,0,1,0,0,0,0,0,0,0,0,0,0,0,1,0,0,0,0,0,0,0,0,0,0,0,0,0,0,0,1,0
2022-11-18,PROD_002,Adidas Ultraboost 23,Running,Zapatillas Running,135,True,14,132.03,1848.42,117.53333333333335,1.1486103233125353,0,1,0,0,0,0,0,0,0,0,0,0,0,0,0,0,0,0,0,0,0,0,0,0,0,0,1,0,0,0,0,0,0,0,0,0,0,0,0,0,0,0,1,0
2022-11-18,PROD_003,Asics Gel Nimbus 25,Running,Zapatillas Running,85,False,3,83.16,249.48,85.68333333333334,0.9920248978797899,0,0,1,0,0,0,0,0,0,0,0,0,0,0,0,0,0,0,0,0,0,0,0,0,0,0,1,0,0,0,0,0,0,0,0,0,0,0,0,0,0,0,1,0
2022-11-18,PROD_004,New Balance Fresh Foam X 1080v12,Running,Zapatillas Running,75,False,3,76.32,228.96,70.15666666666668,1.0690359671212046,0,0,0,0,0,0,0,0,0,0,0,0,0,1,0,0,0,0,0,0,0,0,0,0,0,0,1,0,0,0,0,0,0,0,0,0,0,0,0,0,0,0,1,0
2022-11-18,PROD_005,Nike Dri-FIT Miler,Running,Ropa Running,35,False,3,35.23,105.69,34.71333333333333,1.0082581140772038,0,0,0,0,0,0,0,0,0,0,0,0,0,0,0,1,0,0,0,0,0,0,0,0,0,0,1,0,0,0,0,0,0,0,0,0,0,0,0,0,0,1,0,0
2022-11-18,PROD_006,Adidas Own The Run Jacket,Running,Ropa Running,65,False,3,64.37,193.11,61.580000000000005,1.055537512179279,1,0,0,0,0,0,0,0,0,0,0,0,0,0,0,0,0,0,0,0,0,0,0,0,0,0,1,0,0,0,0,0,0,0,0,0,0,0,0,0,0,1,0,0
2022-11-18,PROD_007,Puma Velocity Nitro 2,Running,Zapatillas Running,70,False,3,69.42,208.26,66.35000000000001,1.0550113036925395,0,0,0,0,0,0,0,0,0,0,0,0,0,0,0,0,1,0,0,0,0,0,0,0,0,0,1,0,0,0,0,0,0,0,0,0,0,0,0,0,0,0,1,0
2022-11-18,PROD_008,Reebok Floatride Energy 5,Running,Zapatillas Running,65,False,2,63.68,127.36,60.32333333333333,1.0775266618776593,0,0,0,0,0,0,0,0,0,0,0,0,0,0,0,0,0,0,1,0,0,0,0,0,0,0,1,0,0,0,0,0,0,0,0,0,0,0,0,0,0,0,1,0
2022-11-18,PROD_009,Bowflex SelectTech 552,Fitness,Mancuernas Ajustables,400,True,3,388.31,1164.93,364.03000000000003,1.0988105375930555,0,0,0,1,0,0,0,0,0,0,0,0,0,0,0,0,0,0,0,0,0,0,0,0,1,0,0,0,0,0,0,0,0,0,0,1,0,0,0,0,0,0,0,0
2022-11-18,PROD_010,Domyos BM900,Fitness,Banco Gimnasio,175,True,3,176.15,528.45,166.29,1.0523783751277889,0,0,0,0,0,0,1,0,0,0,0,0,0,0,0,0,0,0,0,0,0,0,0,0,1,0,0,0,1,0,0,0,0,0,0,0,0,0,0,0,0,0,0,0
2022-11-18,PROD_011,Reebok Professional Deck,Fitness,Esterilla Fitness,45,False,4,45.76,183.04,44.403333333333336,1.0134374296224007,0,0,0,0,0,0,0,0,0,0,0,0,0,0,0,0,0,0,0,1,0,0,0,0,1,0,0,0,0,0,0,0,0,1,0,0,0,0,0,0,0,0,0,0
2022-11-18,PROD_012,Domyos Kit Mancuernas 20kg,Fitness,Pesas Casa,55,False,5,55.72,278.6,52.01,1.0574889444337627,0,0,0,0,0,0,0,1,0,0,0,0,0,0,0,0,0,0,0,0,0,0,0,0,1,0,0,0,0,0,0,0,0,0,0,0,0,0,1,0,0,0,0,0
2022-11-18,PROD_013,Decathlon Bandas Elásticas Set,Fitness,Bandas Elásticas,25,False,3,25.49,76.47,23.686666666666667,1.0554461018857304,0,0,0,0,0,1,0,0,0,0,0,0,0,0,0,0,0,0,0,0,0,0,0,0,1,0,0,0,0,1,0,0,0,0,0,0,0,0,0,0,0,0,0,0
2022-11-18,PROD_014,Sveltus Kettlebell 12kg,Fitness,Pesa Rusa,40,False,3,39.34,118.02,38.69,1.033858878263117,0,0,0,0,0,0,0,0,0,0,0,0,0,0,0,0,0,0,0,0,0,1,0,0,1,0,0,0,0,0,0,0,0,0,0,0,0,1,0,0,0,0,0,0
2022-11-18,PROD_015,Salomon Speedcross 5 GTX,Outdoor,Zapatillas Trail,150,True,4,149.57,598.28,142.84,1.0501260151218146,0,0,0,0,0,0,0,0,0,0,0,0,0,0,0,0,0,0,0,0,1,0,0,0,0,1,0,0,0,0,0,0,0,0,0,0,0,0,0,0,0,0,0,1
2022-11-18,PROD_016,Trek Marlin 7,Outdoor,Bicicleta Montaña,830,True,4,823.75,3295.0,761.1766666666667,1.0904170297740778,0,0,0,0,0,0,0,0,0,0,0,0,0,0,0,0,0,0,0,0,0,0,0,1,0,1,0,0,0,0,1,0,0,0,0,0,0,0,0,0,0,0,0,0
2022-11-18,PROD_017,The North Face Borealis,Outdoor,Mochila Trekking,95,False,3,97.05,291.15,86.86,1.0937140225650472,0,0,0,0,0,0,0,0,0,0,0,0,0,0,0,0,0,0,0,0,0,0,1,0,0,1,0,0,0,0,0,0,0,0,0,0,1,0,0,0,0,0,0,0
2022-11-18,PROD_018,Columbia Silver Ridge,Outdoor,Ropa Montaña,70,False,3,71.52,214.56,68.10333333333334,1.0278498360334785,0,0,0,0,1,0,0,0,0,0,0,0,0,0,0,0,0,0,0,0,0,0,0,0,0,1,0,0,0,0,0,0,0,0,0,0,0,0,0,0,1,0,0,0
2022-11-18,PROD_019,Merrell Moab 2 GTX,Outdoor,Zapatillas Trail,110,False,2,109.94,219.88,109.67333333333333,1.0029785423378519,0,0,0,0,0,0,0,0,0,0,0,0,1,0,0,0,0,0,0,0,0,0,0,0,0,1,0,0,0,0,0,0,0,0,0,0,0,0,0,0,0,0,0,1
2022-11-18,PROD_020,Quechua MH500,Outdoor,Ropa Montaña,80,False,2,78.46,156.92,78.95666666666666,1.0132139992400895,0,0,0,0,0,0,0,0,0,0,0,0,0,0,0,0,0,1,0,0,0,0,0,0,0,1,0,0,0,0,0,0,0,0,0,0,0,0,0,0,1,0,0,0
2022-11-18,PROD_021,Manduka PRO Yoga Mat,Wellness,Esterilla Yoga,130,True,6,129.25,775.5,120.88999999999999,1.0753577632558526,0,0,0,0,0,0,0,0,0,0,0,1,0,0,0,0,0,0,0,0,0,0,0,0,0,0,0,1,0,0,0,0,0,0,1,0,0,0,0,0,0,0,0,0
2022-11-18,PROD_022,Gaiam Premium Yoga Block,Wellness,Bloque Yoga,20,False,2,20.56,41.12,19.45,1.0282776349614395,0,0,0,0,0,0,0,0,1,0,0,0,0,0,0,0,0,0,0,0,0,0,0,0,0,0,0,1,0,0,0,1,0,0,0,0,0,0,0,0,0,0,0,0
2022-11-18,PROD_023,Liforme Yoga Pad,Wellness,Rodillera Yoga,35,False,2,35.74,71.48,33.70666666666667,1.0383702531645569,0,0,0,0,0,0,0,0,0,1,0,0,0,0,0,0,0,0,0,0,0,0,0,0,0,0,0,1,0,0,0,0,0,0,0,0,0,0,0,1,0,0,0,0
2022-11-18,PROD_024,Lotuscrafts Yoga Bolster,Wellness,Cojín Yoga,50,False,1,50.57,50.57,47.25,1.0582010582010581,0,0,0,0,0,0,0,0,0,0,1,0,0,0,0,0,0,0,0,0,0,0,0,0,0,0,0,1,0,0,0,0,1,0,0,0,0,0,0,0,0,0,0,0
2022-11-19,PROD_001,Nike Air Zoom Pegasus 40,Running,Zapatillas Running,115,True,16,114.26,1828.16,98.74000000000001,1.1646749037877253,0,0,0,0,0,0,0,0,0,0,0,0,0,0,1,0,0,0,0,0,0,0,0,0,0,0,1,0,0,0,0,0,0,0,0,0,0,0,0,0,0,0,1,0
2022-11-19,PROD_002,Adidas Ultraboost 23,Running,Zapatillas Running,135,True,15,136.18,2042.7,117.19333333333334,1.1519426588543147,0,1,0,0,0,0,0,0,0,0,0,0,0,0,0,0,0,0,0,0,0,0,0,0,0,0,1,0,0,0,0,0,0,0,0,0,0,0,0,0,0,0,1,0
2022-11-19,PROD_003,Asics Gel Nimbus 25,Running,Zapatillas Running,85,False,4,84.31,337.24,83.41000000000001,1.0190624625344682,0,0,1,0,0,0,0,0,0,0,0,0,0,0,0,0,0,0,0,0,0,0,0,0,0,0,1,0,0,0,0,0,0,0,0,0,0,0,0,0,0,0,1,0
2022-11-19,PROD_004,New Balance Fresh Foam X 1080v12,Running,Zapatillas Running,75,False,3,75.59,226.77,73.13,1.0255709011349652,0,0,0,0,0,0,0,0,0,0,0,0,0,1,0,0,0,0,0,0,0,0,0,0,0,0,1,0,0,0,0,0,0,0,0,0,0,0,0,0,0,0,1,0
2022-11-19,PROD_005,Nike Dri-FIT Miler,Running,Ropa Running,35,False,3,34.79,104.37,34.45666666666666,1.0157685982393345,0,0,0,0,0,0,0,0,0,0,0,0,0,0,0,1,0,0,0,0,0,0,0,0,0,0,1,0,0,0,0,0,0,0,0,0,0,0,0,0,0,1,0,0
2022-11-19,PROD_006,Adidas Own The Run Jacket,Running,Ropa Running,65,False,3,66.87,200.61,61.056666666666665,1.0645848119233499,1,0,0,0,0,0,0,0,0,0,0,0,0,0,0,0,0,0,0,0,0,0,0,0,0,0,1,0,0,0,0,0,0,0,0,0,0,0,0,0,0,1,0,0
2022-11-19,PROD_007,Puma Velocity Nitro 2,Running,Zapatillas Running,70,False,3,69.74,209.22,66.02333333333333,1.0602312313828446,0,0,0,0,0,0,0,0,0,0,0,0,0,0,0,0,1,0,0,0,0,0,0,0,0,0,1,0,0,0,0,0,0,0,0,0,0,0,0,0,0,0,1,0
2022-11-19,PROD_008,Reebok Floatride Energy 5,Running,Zapatillas Running,65,False,2,66.5,133.0,64.39333333333333,1.009421265141319,0,0,0,0,0,0,0,0,0,0,0,0,0,0,0,0,0,0,1,0,0,0,0,0,0,0,1,0,0,0,0,0,0,0,0,0,0,0,0,0,0,0,1,0
2022-11-19,PROD_009,Bowflex SelectTech 552,Fitness,Mancuernas Ajustables,400,True,2,402.49,804.98,363.7633333333333,1.0996160507289539,0,0,0,1,0,0,0,0,0,0,0,0,0,0,0,0,0,0,0,0,0,0,0,0,1,0,0,0,0,0,0,0,0,0,0,1,0,0,0,0,0,0,0,0
2022-11-19,PROD_010,Domyos BM900,Fitness,Banco Gimnasio,175,True,4,170.06,680.24,167.70333333333335,1.0435093717079762,0,0,0,0,0,0,1,0,0,0,0,0,0,0,0,0,0,0,0,0,0,0,0,0,1,0,0,0,1,0,0,0,0,0,0,0,0,0,0,0,0,0,0,0
2022-11-19,PROD_011,Reebok Professional Deck,Fitness,Esterilla Fitness,45,False,5,46.16,230.8,43.64666666666667,1.0310065678936917,0,0,0,0,0,0,0,0,0,0,0,0,0,0,0,0,0,0,0,1,0,0,0,0,1,0,0,0,0,0,0,0,0,1,0,0,0,0,0,0,0,0,0,0
2022-11-19,PROD_012,Domyos Kit Mancuernas 20kg,Fitness,Pesas Casa,55,False,5,55.33,276.65,54.35,1.0119595216191353,0,0,0,0,0,0,0,1,0,0,0,0,0,0,0,0,0,0,0,0,0,0,0,0,1,0,0,0,0,0,0,0,0,0,0,0,0,0,1,0,0,0,0,0
2022-11-19,PROD_013,Decathlon Bandas Elásticas Set,Fitness,Bandas Elásticas,25,False,4,24.45,97.8,24.159999999999997,1.03476821192053,0,0,0,0,0,1,0,0,0,0,0,0,0,0,0,0,0,0,0,0,0,0,0,0,1,0,0,0,0,1,0,0,0,0,0,0,0,0,0,0,0,0,0,0
2022-11-19,PROD_014,Sveltus Kettlebell 12kg,Fitness,Pesa Rusa,40,False,4,39.64,158.56,38.58,1.0368066355624677,0,0,0,0,0,0,0,0,0,0,0,0,0,0,0,0,0,0,0,0,0,1,0,0,1,0,0,0,0,0,0,0,0,0,0,0,0,1,0,0,0,0,0,0
2022-11-19,PROD_015,Salomon Speedcross 5 GTX,Outdoor,Zapatillas Trail,150,True,4,153.31,613.24,143.00333333333333,1.0489265984475886,0,0,0,0,0,0,0,0,0,0,0,0,0,0,0,0,0,0,0,0,1,0,0,0,0,1,0,0,0,0,0,0,0,0,0,0,0,0,0,0,0,0,0,1
2022-11-19,PROD_016,Trek Marlin 7,Outdoor,Bicicleta Montaña,830,True,3,822.58,2467.74,776.1933333333333,1.0693212172225133,0,0,0,0,0,0,0,0,0,0,0,0,0,0,0,0,0,0,0,0,0,0,0,1,0,1,0,0,0,0,1,0,0,0,0,0,0,0,0,0,0,0,0,0
2022-11-19,PROD_017,The North Face Borealis,Outdoor,Mochila Trekking,95,False,3,92.44,277.32,94.41333333333334,1.0062138116085297,0,0,0,0,0,0,0,0,0,0,0,0,0,0,0,0,0,0,0,0,0,0,1,0,0,1,0,0,0,0,0,0,0,0,0,0,1,0,0,0,0,0,0,0
2022-11-19,PROD_018,Columbia Silver Ridge,Outdoor,Ropa Montaña,70,False,2,71.42,142.84,68.99333333333334,1.0145907817180404,0,0,0,0,1,0,0,0,0,0,0,0,0,0,0,0,0,0,0,0,0,0,0,0,0,1,0,0,0,0,0,0,0,0,0,0,0,0,0,0,1,0,0,0
2022-11-19,PROD_019,Merrell Moab 2 GTX,Outdoor,Zapatillas Trail,110,False,3,107.12,321.36,104.39999999999999,1.053639846743295,0,0,0,0,0,0,0,0,0,0,0,0,1,0,0,0,0,0,0,0,0,0,0,0,0,1,0,0,0,0,0,0,0,0,0,0,0,0,0,0,0,0,0,1
2022-11-19,PROD_020,Quechua MH500,Outdoor,Ropa Montaña,80,False,3,80.7,242.1,76.68666666666667,1.0432061201425715,0,0,0,0,0,0,0,0,0,0,0,0,0,0,0,0,0,1,0,0,0,0,0,0,0,1,0,0,0,0,0,0,0,0,0,0,0,0,0,0,1,0,0,0
2022-11-19,PROD_021,Manduka PRO Yoga Mat,Wellness,Esterilla Yoga,130,True,8,129.02,1032.16,121.66000000000001,1.0685517014630939,0,0,0,0,0,0,0,0,0,0,0,1,0,0,0,0,0,0,0,0,0,0,0,0,0,0,0,1,0,0,0,0,0,0,1,0,0,0,0,0,0,0,0,0
2022-11-19,PROD_022,Gaiam Premium Yoga Block,Wellness,Bloque Yoga,20,False,2,20.37,40.74,19.88,1.006036217303823,0,0,0,0,0,0,0,0,1,0,0,0,0,0,0,0,0,0,0,0,0,0,0,0,0,0,0,1,0,0,0,1,0,0,0,0,0,0,0,0,0,0,0,0
2022-11-19,PROD_023,Liforme Yoga Pad,Wellness,Rodillera Yoga,35,False,1,34.24,34.24,34.553333333333335,1.0129268763264518,0,0,0,0,0,0,0,0,0,1,0,0,0,0,0,0,0,0,0,0,0,0,0,0,0,0,0,1,0,0,0,0,0,0,0,0,0,0,0,1,0,0,0,0
2022-11-19,PROD_024,Lotuscrafts Yoga Bolster,Wellness,Cojín Yoga,50,False,2,49.0,98.0,49.416666666666664,1.0118043844856661,0,0,0,0,0,0,0,0,0,0,1,0,0,0,0,0,0,0,0,0,0,0,0,0,0,0,0,1,0,0,0,0,1,0,0,0,0,0,0,0,0,0,0,0
2022-11-20,PROD_001,Nike Air Zoom Pegasus 40,Running,Zapatillas Running,115,True,9,116.62,1049.58,99.38666666666666,1.1570968607459085,0,0,0,0,0,0,0,0,0,0,0,0,0,0,1,0,0,0,0,0,0,0,0,0,0,0,1,0,0,0,0,0,0,0,0,0,0,0,0,0,0,0,1,0
2022-11-20,PROD_002,Adidas Ultraboost 23,Running,Zapatillas Running,135,True,14,133.46,1868.44,118.47333333333334,1.1394969332057847,0,1,0,0,0,0,0,0,0,0,0,0,0,0,0,0,0,0,0,0,0,0,0,0,0,0,1,0,0,0,0,0,0,0,0,0,0,0,0,0,0,0,1,0
2022-11-20,PROD_003,Asics Gel Nimbus 25,Running,Zapatillas Running,85,False,4,87.38,349.52,84.08333333333334,1.0109018830525272,0,0,1,0,0,0,0,0,0,0,0,0,0,0,0,0,0,0,0,0,0,0,0,0,0,0,1,0,0,0,0,0,0,0,0,0,0,0,0,0,0,0,1,0
2022-11-20,PROD_004,New Balance Fresh Foam X 1080v12,Running,Zapatillas Running,75,False,3,74.45,223.35,72.71333333333332,1.0314476941413773,0,0,0,0,0,0,0,0,0,0,0,0,0,1,0,0,0,0,0,0,0,0,0,0,0,0,1,0,0,0,0,0,0,0,0,0,0,0,0,0,0,0,1,0
2022-11-20,PROD_005,Nike Dri-FIT Miler,Running,Ropa Running,35,False,3,34.11,102.33,32.76666666666667,1.0681586978636823,0,0,0,0,0,0,0,0,0,0,0,0,0,0,0,1,0,0,0,0,0,0,0,0,0,0,1,0,0,0,0,0,0,0,0,0,0,0,0,0,0,1,0,0
2022-11-20,PROD_006,Adidas Own The Run Jacket,Running,Ropa Running,65,False,2,64.17,128.34,64.91666666666667,1.0012836970474968,1,0,0,0,0,0,0,0,0,0,0,0,0,0,0,0,0,0,0,0,0,0,0,0,0,0,1,0,0,0,0,0,0,0,0,0,0,0,0,0,0,1,0,0
2022-11-20,PROD_007,Puma Velocity Nitro 2,Running,Zapatillas Running,70,False,2,71.46,142.92,66.96000000000001,1.0454002389486259,0,0,0,0,0,0,0,0,0,0,0,0,0,0,0,0,1,0,0,0,0,0,0,0,0,0,1,0,0,0,0,0,0,0,0,0,0,0,0,0,0,0,1,0
2022-11-20,PROD_008,Reebok Floatride Energy 5,Running,Zapatillas Running,65,False,2,63.54,127.08,65.50666666666667,0.9922654182780377,0,0,0,0,0,0,0,0,0,0,0,0,0,0,0,0,0,0,1,0,0,0,0,0,0,0,1,0,0,0,0,0,0,0,0,0,0,0,0,0,0,0,1,0
2022-11-20,PROD_009,Bowflex SelectTech 552,Fitness,Mancuernas Ajustables,400,True,2,397.72,795.44,361.8033333333333,1.1055730092776004,0,0,0,1,0,0,0,0,0,0,0,0,0,0,0,0,0,0,0,0,0,0,0,0,1,0,0,0,0,0,0,0,0,0,0,1,0,0,0,0,0,0,0,0
2022-11-20,PROD_010,Domyos BM900,Fitness,Banco Gimnasio,175,True,2,175.46,350.92,169.00666666666666,1.0354621119482466,0,0,0,0,0,0,1,0,0,0,0,0,0,0,0,0,0,0,0,0,0,0,0,0,1,0,0,0,1,0,0,0,0,0,0,0,0,0,0,0,0,0,0,0
2022-11-20,PROD_011,Reebok Professional Deck,Fitness,Esterilla Fitness,45,False,4,44.39,177.56,44.61333333333334,1.0086670651524208,0,0,0,0,0,0,0,0,0,0,0,0,0,0,0,0,0,0,0,1,0,0,0,0,1,0,0,0,0,0,0,0,0,1,0,0,0,0,0,0,0,0,0,0
2022-11-20,PROD_012,Domyos Kit Mancuernas 20kg,Fitness,Pesas Casa,55,False,6,54.39,326.34,53.379999999999995,1.0303484451105285,0,0,0,0,0,0,0,1,0,0,0,0,0,0,0,0,0,0,0,0,0,0,0,0,1,0,0,0,0,0,0,0,0,0,0,0,0,0,1,0,0,0,0,0
2022-11-20,PROD_013,Decathlon Bandas Elásticas Set,Fitness,Bandas Elásticas,25,False,3,25.5,76.5,23.75,1.0526315789473684,0,0,0,0,0,1,0,0,0,0,0,0,0,0,0,0,0,0,0,0,0,0,0,0,1,0,0,0,0,1,0,0,0,0,0,0,0,0,0,0,0,0,0,0
2022-11-20,PROD_014,Sveltus Kettlebell 12kg,Fitness,Pesa Rusa,40,False,3,41.07,123.21,40.37,0.9908347783007184,0,0,0,0,0,0,0,0,0,0,0,0,0,0,0,0,0,0,0,0,0,1,0,0,1,0,0,0,0,0,0,0,0,0,0,0,0,1,0,0,0,0,0,0
2022-11-20,PROD_015,Salomon Speedcross 5 GTX,Outdoor,Zapatillas Trail,150,True,3,153.11,459.33,142.92666666666668,1.049489248565698,0,0,0,0,0,0,0,0,0,0,0,0,0,0,0,0,0,0,0,0,1,0,0,0,0,1,0,0,0,0,0,0,0,0,0,0,0,0,0,0,0,0,0,1
2022-11-20,PROD_016,Trek Marlin 7,Outdoor,Bicicleta Montaña,830,True,3,838.13,2514.39,767.6899999999999,1.081165574646016,0,0,0,0,0,0,0,0,0,0,0,0,0,0,0,0,0,0,0,0,0,0,0,1,0,1,0,0,0,0,1,0,0,0,0,0,0,0,0,0,0,0,0,0
2022-11-20,PROD_017,The North Face Borealis,Outdoor,Mochila Trekking,95,False,3,97.74,293.22,94.16333333333334,1.008885270275054,0,0,0,0,0,0,0,0,0,0,0,0,0,0,0,0,0,0,0,0,0,0,1,0,0,1,0,0,0,0,0,0,0,0,0,0,1,0,0,0,0,0,0,0
2022-11-20,PROD_018,Columbia Silver Ridge,Outdoor,Ropa Montaña,70,False,2,69.28,138.56,67.90666666666665,1.0308266247791087,0,0,0,0,1,0,0,0,0,0,0,0,0,0,0,0,0,0,0,0,0,0,0,0,0,1,0,0,0,0,0,0,0,0,0,0,0,0,0,0,1,0,0,0
2022-11-20,PROD_019,Merrell Moab 2 GTX,Outdoor,Zapatillas Trail,110,False,2,109.39,218.78,104.95,1.0481181515007145,0,0,0,0,0,0,0,0,0,0,0,0,1,0,0,0,0,0,0,0,0,0,0,0,0,1,0,0,0,0,0,0,0,0,0,0,0,0,0,0,0,0,0,1
2022-11-20,PROD_020,Quechua MH500,Outdoor,Ropa Montaña,80,False,2,82.31,164.62,76.64333333333333,1.0437959378941417,0,0,0,0,0,0,0,0,0,0,0,0,0,0,0,0,0,1,0,0,0,0,0,0,0,1,0,0,0,0,0,0,0,0,0,0,0,0,0,0,1,0,0,0
2022-11-20,PROD_021,Manduka PRO Yoga Mat,Wellness,Esterilla Yoga,130,True,7,132.14,924.98,123.14666666666669,1.0556517973148547,0,0,0,0,0,0,0,0,0,0,0,1,0,0,0,0,0,0,0,0,0,0,0,0,0,0,0,1,0,0,0,0,0,0,1,0,0,0,0,0,0,0,0,0
2022-11-20,PROD_022,Gaiam Premium Yoga Block,Wellness,Bloque Yoga,20,False,1,20.48,20.48,19.313333333333333,1.0355540214014498,0,0,0,0,0,0,0,0,1,0,0,0,0,0,0,0,0,0,0,0,0,0,0,0,0,0,0,1,0,0,0,1,0,0,0,0,0,0,0,0,0,0,0,0
2022-11-20,PROD_023,Liforme Yoga Pad,Wellness,Rodillera Yoga,35,False,1,35.11,35.11,34.92666666666667,1.0020996373353692,0,0,0,0,0,0,0,0,0,1,0,0,0,0,0,0,0,0,0,0,0,0,0,0,0,0,0,1,0,0,0,0,0,0,0,0,0,0,0,1,0,0,0,0
2022-11-20,PROD_024,Lotuscrafts Yoga Bolster,Wellness,Cojín Yoga,50,False,1,50.05,50.05,48.51333333333333,1.0306444963583896,0,0,0,0,0,0,0,0,0,0,1,0,0,0,0,0,0,0,0,0,0,0,0,0,0,0,0,1,0,0,0,0,1,0,0,0,0,0,0,0,0,0,0,0
2022-11-21,PROD_001,Nike Air Zoom Pegasus 40,Running,Zapatillas Running,115,True,11,112.22,1234.42,99.32333333333334,1.1578346813437594,0,0,0,0,0,0,0,0,0,0,0,0,0,0,1,0,0,0,0,0,0,0,0,0,0,0,1,0,0,0,0,0,0,0,0,0,0,0,0,0,0,0,1,0
2022-11-21,PROD_002,Adidas Ultraboost 23,Running,Zapatillas Running,135,True,10,134.23,1342.3,117.67333333333333,1.1472437822219705,0,1,0,0,0,0,0,0,0,0,0,0,0,0,0,0,0,0,0,0,0,0,0,0,0,0,1,0,0,0,0,0,0,0,0,0,0,0,0,0,0,0,1,0
2022-11-21,PROD_003,Asics Gel Nimbus 25,Running,Zapatillas Running,85,False,3,86.55,259.65,84.12333333333333,1.0104212069580378,0,0,1,0,0,0,0,0,0,0,0,0,0,0,0,0,0,0,0,0,0,0,0,0,0,0,1,0,0,0,0,0,0,0,0,0,0,0,0,0,0,0,1,0
2022-11-21,PROD_004,New Balance Fresh Foam X 1080v12,Running,Zapatillas Running,75,False,3,74.29,222.87,70.90333333333335,1.0577781956654597,0,0,0,0,0,0,0,0,0,0,0,0,0,1,0,0,0,0,0,0,0,0,0,0,0,0,1,0,0,0,0,0,0,0,0,0,0,0,0,0,0,0,1,0
2022-11-21,PROD_005,Nike Dri-FIT Miler,Running,Ropa Running,35,False,2,35.96,71.92,33.67333333333333,1.0393981389823799,0,0,0,0,0,0,0,0,0,0,0,0,0,0,0,1,0,0,0,0,0,0,0,0,0,0,1,0,0,0,0,0,0,0,0,0,0,0,0,0,0,1,0,0
2022-11-21,PROD_006,Adidas Own The Run Jacket,Running,Ropa Running,65,False,2,63.95,127.9,61.39333333333334,1.0587468780540774,1,0,0,0,0,0,0,0,0,0,0,0,0,0,0,0,0,0,0,0,0,0,0,0,0,0,1,0,0,0,0,0,0,0,0,0,0,0,0,0,0,1,0,0
2022-11-21,PROD_007,Puma Velocity Nitro 2,Running,Zapatillas Running,70,False,2,72.04,144.08,67.8,1.032448377581121,0,0,0,0,0,0,0,0,0,0,0,0,0,0,0,0,1,0,0,0,0,0,0,0,0,0,1,0,0,0,0,0,0,0,0,0,0,0,0,0,0,0,1,0
2022-11-21,PROD_008,Reebok Floatride Energy 5,Running,Zapatillas Running,65,False,2,65.02,130.04,62.48333333333333,1.0402774073086158,0,0,0,0,0,0,0,0,0,0,0,0,0,0,0,0,0,0,1,0,0,0,0,0,0,0,1,0,0,0,0,0,0,0,0,0,0,0,0,0,0,0,1,0
2022-11-21,PROD_009,Bowflex SelectTech 552,Fitness,Mancuernas Ajustables,400,True,1,399.32,399.32,367.7966666666667,1.087557436627122,0,0,0,1,0,0,0,0,0,0,0,0,0,0,0,0,0,0,0,0,0,0,0,0,1,0,0,0,0,0,0,0,0,0,0,1,0,0,0,0,0,0,0,0
2022-11-21,PROD_010,Domyos BM900,Fitness,Banco Gimnasio,175,True,2,175.35,350.7,165.82000000000002,1.0553612350741768,0,0,0,0,0,0,1,0,0,0,0,0,0,0,0,0,0,0,0,0,0,0,0,0,1,0,0,0,1,0,0,0,0,0,0,0,0,0,0,0,0,0,0,0
2022-11-21,PROD_011,Reebok Professional Deck,Fitness,Esterilla Fitness,45,False,3,44.87,134.61,44.22,1.01763907734057,0,0,0,0,0,0,0,0,0,0,0,0,0,0,0,0,0,0,0,1,0,0,0,0,1,0,0,0,0,0,0,0,0,1,0,0,0,0,0,0,0,0,0,0
2022-11-21,PROD_012,Domyos Kit Mancuernas 20kg,Fitness,Pesas Casa,55,False,3,55.33,165.99,51.903333333333336,1.0596621925374092,0,0,0,0,0,0,0,1,0,0,0,0,0,0,0,0,0,0,0,0,0,0,0,0,1,0,0,0,0,0,0,0,0,0,0,0,0,0,1,0,0,0,0,0
2022-11-21,PROD_013,Decathlon Bandas Elásticas Set,Fitness,Bandas Elásticas,25,False,3,25.4,76.2,23.74,1.0530749789385005,0,0,0,0,0,1,0,0,0,0,0,0,0,0,0,0,0,0,0,0,0,0,0,0,1,0,0,0,0,1,0,0,0,0,0,0,0,0,0,0,0,0,0,0
2022-11-21,PROD_014,Sveltus Kettlebell 12kg,Fitness,Pesa Rusa,40,False,3,41.16,123.48,39.35333333333333,1.016432322547857,0,0,0,0,0,0,0,0,0,0,0,0,0,0,0,0,0,0,0,0,0,1,0,0,1,0,0,0,0,0,0,0,0,0,0,0,0,1,0,0,0,0,0,0
2022-11-21,PROD_015,Salomon Speedcross 5 GTX,Outdoor,Zapatillas Trail,150,True,3,148.31,444.93,141.45333333333335,1.0604203977754736,0,0,0,0,0,0,0,0,0,0,0,0,0,0,0,0,0,0,0,0,1,0,0,0,0,1,0,0,0,0,0,0,0,0,0,0,0,0,0,0,0,0,0,1
2022-11-21,PROD_016,Trek Marlin 7,Outdoor,Bicicleta Montaña,830,True,3,828.55,2485.65,777.0166666666668,1.0681881555522188,0,0,0,0,0,0,0,0,0,0,0,0,0,0,0,0,0,0,0,0,0,0,0,1,0,1,0,0,0,0,1,0,0,0,0,0,0,0,0,0,0,0,0,0
2022-11-21,PROD_017,The North Face Borealis,Outdoor,Mochila Trekking,95,False,2,97.25,194.5,93.09333333333332,1.0204812374677745,0,0,0,0,0,0,0,0,0,0,0,0,0,0,0,0,0,0,0,0,0,0,1,0,0,1,0,0,0,0,0,0,0,0,0,0,1,0,0,0,0,0,0,0
2022-11-21,PROD_018,Columbia Silver Ridge,Outdoor,Ropa Montaña,70,False,2,71.02,142.04,69.82666666666667,1.0024823372159632,0,0,0,0,1,0,0,0,0,0,0,0,0,0,0,0,0,0,0,0,0,0,0,0,0,1,0,0,0,0,0,0,0,0,0,0,0,0,0,0,1,0,0,0
2022-11-21,PROD_019,Merrell Moab 2 GTX,Outdoor,Zapatillas Trail,110,False,2,110.04,220.08,100.58,1.0936567906144363,0,0,0,0,0,0,0,0,0,0,0,0,1,0,0,0,0,0,0,0,0,0,0,0,0,1,0,0,0,0,0,0,0,0,0,0,0,0,0,0,0,0,0,1
2022-11-21,PROD_020,Quechua MH500,Outdoor,Ropa Montaña,80,False,2,81.97,163.94,76.09333333333333,1.0513404590853337,0,0,0,0,0,0,0,0,0,0,0,0,0,0,0,0,0,1,0,0,0,0,0,0,0,1,0,0,0,0,0,0,0,0,0,0,0,0,0,0,1,0,0,0
2022-11-21,PROD_021,Manduka PRO Yoga Mat,Wellness,Esterilla Yoga,130,True,4,132.67,530.68,120.50999999999999,1.0787486515641855,0,0,0,0,0,0,0,0,0,0,0,1,0,0,0,0,0,0,0,0,0,0,0,0,0,0,0,1,0,0,0,0,0,0,1,0,0,0,0,0,0,0,0,0
2022-11-21,PROD_022,Gaiam Premium Yoga Block,Wellness,Bloque Yoga,20,False,2,19.5,39.0,18.933333333333334,1.056338028169014,0,0,0,0,0,0,0,0,1,0,0,0,0,0,0,0,0,0,0,0,0,0,0,0,0,0,0,1,0,0,0,1,0,0,0,0,0,0,0,0,0,0,0,0
2022-11-21,PROD_023,Liforme Yoga Pad,Wellness,Rodillera Yoga,35,False,1,34.94,34.94,33.126666666666665,1.0565506138055947,0,0,0,0,0,0,0,0,0,1,0,0,0,0,0,0,0,0,0,0,0,0,0,0,0,0,0,1,0,0,0,0,0,0,0,0,0,0,0,1,0,0,0,0
2022-11-21,PROD_024,Lotuscrafts Yoga Bolster,Wellness,Cojín Yoga,50,False,1,49.21,49.21,49.61666666666667,1.0077258985555928,0,0,0,0,0,0,0,0,0,0,1,0,0,0,0,0,0,0,0,0,0,0,0,0,0,0,0,1,0,0,0,0,1,0,0,0,0,0,0,0,0,0,0,0
2022-11-22,PROD_001,Nike Air Zoom Pegasus 40,Running,Zapatillas Running,115,True,11,117.98,1297.78,93.02,1.2362932702644593,0,0,0,0,0,0,0,0,0,0,0,0,0,0,1,0,0,0,0,0,0,0,0,0,0,0,1,0,0,0,0,0,0,0,0,0,0,0,0,0,0,0,1,0
2022-11-22,PROD_002,Adidas Ultraboost 23,Running,Zapatillas Running,135,True,14,132.06,1848.84,108.5,1.2442396313364055,0,1,0,0,0,0,0,0,0,0,0,0,0,0,0,0,0,0,0,0,0,0,0,0,0,0,1,0,0,0,0,0,0,0,0,0,0,0,0,0,0,0,1,0
2022-11-22,PROD_003,Asics Gel Nimbus 25,Running,Zapatillas Running,85,False,4,83.19,332.76,82.13999999999999,1.03481860238617,0,0,1,0,0,0,0,0,0,0,0,0,0,0,0,0,0,0,0,0,0,0,0,0,0,0,1,0,0,0,0,0,0,0,0,0,0,0,0,0,0,0,1,0
2022-11-22,PROD_004,New Balance Fresh Foam X 1080v12,Running,Zapatillas Running,75,False,3,73.27,219.81,72.83,1.0297954139777565,0,0,0,0,0,0,0,0,0,0,0,0,0,1,0,0,0,0,0,0,0,0,0,0,0,0,1,0,0,0,0,0,0,0,0,0,0,0,0,0,0,0,1,0
2022-11-22,PROD_005,Nike Dri-FIT Miler,Running,Ropa Running,35,False,4,35.72,142.88,34.876666666666665,1.0035362706680684,0,0,0,0,0,0,0,0,0,0,0,0,0,0,0,1,0,0,0,0,0,0,0,0,0,0,1,0,0,0,0,0,0,0,0,0,0,0,0,0,0,1,0,0
2022-11-22,PROD_006,Adidas Own The Run Jacket,Running,Ropa Running,65,False,3,66.7,200.1,62.473333333333336,1.0404439227403692,1,0,0,0,0,0,0,0,0,0,0,0,0,0,0,0,0,0,0,0,0,0,0,0,0,0,1,0,0,0,0,0,0,0,0,0,0,0,0,0,0,1,0,0
2022-11-22,PROD_007,Puma Velocity Nitro 2,Running,Zapatillas Running,70,False,3,71.66,214.98,67.49333333333334,1.037139470564994,0,0,0,0,0,0,0,0,0,0,0,0,0,0,0,0,1,0,0,0,0,0,0,0,0,0,1,0,0,0,0,0,0,0,0,0,0,0,0,0,0,0,1,0
2022-11-22,PROD_008,Reebok Floatride Energy 5,Running,Zapatillas Running,65,False,3,63.57,190.71,64.71333333333334,1.0044297929329349,0,0,0,0,0,0,0,0,0,0,0,0,0,0,0,0,0,0,1,0,0,0,0,0,0,0,1,0,0,0,0,0,0,0,0,0,0,0,0,0,0,0,1,0
2022-11-22,PROD_009,Bowflex SelectTech 552,Fitness,Mancuernas Ajustables,400,True,2,400.05,800.1,331.26,1.2075107166576105,0,0,0,1,0,0,0,0,0,0,0,0,0,0,0,0,0,0,0,0,0,0,0,0,1,0,0,0,0,0,0,0,0,0,0,1,0,0,0,0,0,0,0,0
2022-11-22,PROD_010,Domyos BM900,Fitness,Banco Gimnasio,175,True,3,178.9,536.7,153.84,1.1375455018200729,0,0,0,0,0,0,1,0,0,0,0,0,0,0,0,0,0,0,0,0,0,0,0,0,1,0,0,0,1,0,0,0,0,0,0,0,0,0,0,0,0,0,0,0
2022-11-22,PROD_011,Reebok Professional Deck,Fitness,Esterilla Fitness,45,False,5,43.79,218.95,43.85666666666666,1.0260697727445467,0,0,0,0,0,0,0,0,0,0,0,0,0,0,0,0,0,0,0,1,0,0,0,0,1,0,0,0,0,0,0,0,0,1,0,0,0,0,0,0,0,0,0,0
2022-11-22,PROD_012,Domyos Kit Mancuernas 20kg,Fitness,Pesas Casa,55,False,5,54.39,271.95,52.31666666666667,1.0512902198152276,0,0,0,0,0,0,0,1,0,0,0,0,0,0,0,0,0,0,0,0,0,0,0,0,1,0,0,0,0,0,0,0,0,0,0,0,0,0,1,0,0,0,0,0
2022-11-22,PROD_013,Decathlon Bandas Elásticas Set,Fitness,Bandas Elásticas,25,False,5,25.33,126.65,23.98,1.042535446205171,0,0,0,0,0,1,0,0,0,0,0,0,0,0,0,0,0,0,0,0,0,0,0,0,1,0,0,0,0,1,0,0,0,0,0,0,0,0,0,0,0,0,0,0
2022-11-22,PROD_014,Sveltus Kettlebell 12kg,Fitness,Pesa Rusa,40,False,3,40.25,120.75,38.56,1.0373443983402488,0,0,0,0,0,0,0,0,0,0,0,0,0,0,0,0,0,0,0,0,0,1,0,0,1,0,0,0,0,0,0,0,0,0,0,0,0,1,0,0,0,0,0,0
2022-11-22,PROD_015,Salomon Speedcross 5 GTX,Outdoor,Zapatillas Trail,150,True,3,150.23,450.69,129.31333333333333,1.15997319173068,0,0,0,0,0,0,0,0,0,0,0,0,0,0,0,0,0,0,0,0,1,0,0,0,0,1,0,0,0,0,0,0,0,0,0,0,0,0,0,0,0,0,0,1
2022-11-22,PROD_016,Trek Marlin 7,Outdoor,Bicicleta Montaña,830,True,3,813.98,2441.94,719.46,1.1536430100353041,0,0,0,0,0,0,0,0,0,0,0,0,0,0,0,0,0,0,0,0,0,0,0,1,0,1,0,0,0,0,1,0,0,0,0,0,0,0,0,0,0,0,0,0
2022-11-22,PROD_017,The North Face Borealis,Outdoor,Mochila Trekking,95,False,3,97.32,291.96,91.58999999999999,1.0372311387706084,0,0,0,0,0,0,0,0,0,0,0,0,0,0,0,0,0,0,0,0,0,0,1,0,0,1,0,0,0,0,0,0,0,0,0,0,1,0,0,0,0,0,0,0
2022-11-22,PROD_018,Columbia Silver Ridge,Outdoor,Ropa Montaña,70,False,3,71.32,213.96,69.07333333333334,1.0134156934658816,0,0,0,0,1,0,0,0,0,0,0,0,0,0,0,0,0,0,0,0,0,0,0,0,0,1,0,0,0,0,0,0,0,0,0,0,0,0,0,0,1,0,0,0
2022-11-22,PROD_019,Merrell Moab 2 GTX,Outdoor,Zapatillas Trail,110,False,2,109.68,219.36,104.38666666666666,1.0537744284072041,0,0,0,0,0,0,0,0,0,0,0,0,1,0,0,0,0,0,0,0,0,0,0,0,0,1,0,0,0,0,0,0,0,0,0,0,0,0,0,0,0,0,0,1
2022-11-22,PROD_020,Quechua MH500,Outdoor,Ropa Montaña,80,False,2,80.91,161.82,79.14333333333333,1.0108242429347598,0,0,0,0,0,0,0,0,0,0,0,0,0,0,0,0,0,1,0,0,0,0,0,0,0,1,0,0,0,0,0,0,0,0,0,0,0,0,0,0,1,0,0,0
2022-11-22,PROD_021,Manduka PRO Yoga Mat,Wellness,Esterilla Yoga,130,True,5,129.84,649.2,114.97666666666667,1.1306641927347576,0,0,0,0,0,0,0,0,0,0,0,1,0,0,0,0,0,0,0,0,0,0,0,0,0,0,0,1,0,0,0,0,0,0,1,0,0,0,0,0,0,0,0,0
2022-11-22,PROD_022,Gaiam Premium Yoga Block,Wellness,Bloque Yoga,20,False,1,19.65,19.65,19.19,1.0422094841063052,0,0,0,0,0,0,0,0,1,0,0,0,0,0,0,0,0,0,0,0,0,0,0,0,0,0,0,1,0,0,0,1,0,0,0,0,0,0,0,0,0,0,0,0
2022-11-22,PROD_023,Liforme Yoga Pad,Wellness,Rodillera Yoga,35,False,2,35.89,71.78,34.650000000000006,1.01010101010101,0,0,0,0,0,0,0,0,0,1,0,0,0,0,0,0,0,0,0,0,0,0,0,0,0,0,0,1,0,0,0,0,0,0,0,0,0,0,0,1,0,0,0,0
2022-11-22,PROD_024,Lotuscrafts Yoga Bolster,Wellness,Cojín Yoga,50,False,2,49.41,98.82,50.06666666666666,0.9986684420772305,0,0,0,0,0,0,0,0,0,0,1,0,0,0,0,0,0,0,0,0,0,0,0,0,0,0,0,1,0,0,0,0,1,0,0,0,0,0,0,0,0,0,0,0
2022-11-23,PROD_001,Nike Air Zoom Pegasus 40,Running,Zapatillas Running,115,True,12,118.22,1418.64,92.37666666666667,1.2449031140619926,0,0,0,0,0,0,0,0,0,0,0,0,0,0,1,0,0,0,0,0,0,0,0,0,0,0,1,0,0,0,0,0,0,0,0,0,0,0,0,0,0,0,1,0
2022-11-23,PROD_002,Adidas Ultraboost 23,Running,Zapatillas Running,135,True,9,139.0,1251.0,109.58999999999999,1.2318642211880648,0,1,0,0,0,0,0,0,0,0,0,0,0,0,0,0,0,0,0,0,0,0,0,0,0,0,1,0,0,0,0,0,0,0,0,0,0,0,0,0,0,0,1,0
2022-11-23,PROD_003,Asics Gel Nimbus 25,Running,Zapatillas Running,85,False,4,86.94,347.76,84.81333333333333,1.0022009118063198,0,0,1,0,0,0,0,0,0,0,0,0,0,0,0,0,0,0,0,0,0,0,0,0,0,0,1,0,0,0,0,0,0,0,0,0,0,0,0,0,0,0,1,0
2022-11-23,PROD_004,New Balance Fresh Foam X 1080v12,Running,Zapatillas Running,75,False,3,75.91,227.73,74.52333333333334,1.0063962070045176,0,0,0,0,0,0,0,0,0,0,0,0,0,1,0,0,0,0,0,0,0,0,0,0,0,0,1,0,0,0,0,0,0,0,0,0,0,0,0,0,0,0,1,0
2022-11-23,PROD_005,Nike Dri-FIT Miler,Running,Ropa Running,35,False,3,34.39,103.17,33.43,1.0469638049655998,0,0,0,0,0,0,0,0,0,0,0,0,0,0,0,1,0,0,0,0,0,0,0,0,0,0,1,0,0,0,0,0,0,0,0,0,0,0,0,0,0,1,0,0
2022-11-23,PROD_006,Adidas Own The Run Jacket,Running,Ropa Running,65,False,3,64.39,193.17,62.23333333333333,1.0444563470808785,1,0,0,0,0,0,0,0,0,0,0,0,0,0,0,0,0,0,0,0,0,0,0,0,0,0,1,0,0,0,0,0,0,0,0,0,0,0,0,0,0,1,0,0
2022-11-23,PROD_007,Puma Velocity Nitro 2,Running,Zapatillas Running,70,False,3,71.09,213.27,68.46,1.0224948875255624,0,0,0,0,0,0,0,0,0,0,0,0,0,0,0,0,1,0,0,0,0,0,0,0,0,0,1,0,0,0,0,0,0,0,0,0,0,0,0,0,0,0,1,0
2022-11-23,PROD_008,Reebok Floatride Energy 5,Running,Zapatillas Running,65,False,3,66.47,199.41,61.67333333333334,1.0539401145822072,0,0,0,0,0,0,0,0,0,0,0,0,0,0,0,0,0,0,1,0,0,0,0,0,0,0,1,0,0,0,0,0,0,0,0,0,0,0,0,0,0,0,1,0
2022-11-23,PROD_009,Bowflex SelectTech 552,Fitness,Mancuernas Ajustables,400,True,2,395.12,790.24,333.11,1.2008045390411575,0,0,0,1,0,0,0,0,0,0,0,0,0,0,0,0,0,0,0,0,0,0,0,0,1,0,0,0,0,0,0,0,0,0,0,1,0,0,0,0,0,0,0,0
2022-11-23,PROD_010,Domyos BM900,Fitness,Banco Gimnasio,175,True,2,172.11,344.22,155.07666666666668,1.128474088085463,0,0,0,0,0,0,1,0,0,0,0,0,0,0,0,0,0,0,0,0,0,0,0,0,1,0,0,0,1,0,0,0,0,0,0,0,0,0,0,0,0,0,0,0
2022-11-23,PROD_011,Reebok Professional Deck,Fitness,Esterilla Fitness,45,False,4,44.35,177.4,42.15333333333333,1.0675312351731774,0,0,0,0,0,0,0,0,0,0,0,0,0,0,0,0,0,0,0,1,0,0,0,0,1,0,0,0,0,0,0,0,0,1,0,0,0,0,0,0,0,0,0,0
2022-11-23,PROD_012,Domyos Kit Mancuernas 20kg,Fitness,Pesas Casa,55,False,4,56.55,226.2,52.373333333333335,1.050152749490835,0,0,0,0,0,0,0,1,0,0,0,0,0,0,0,0,0,0,0,0,0,0,0,0,1,0,0,0,0,0,0,0,0,0,0,0,0,0,1,0,0,0,0,0
2022-11-23,PROD_013,Decathlon Bandas Elásticas Set,Fitness,Bandas Elásticas,25,False,4,25.63,102.52,24.74666666666667,1.0102370689655171,0,0,0,0,0,1,0,0,0,0,0,0,0,0,0,0,0,0,0,0,0,0,0,0,1,0,0,0,0,1,0,0,0,0,0,0,0,0,0,0,0,0,0,0
2022-11-23,PROD_014,Sveltus Kettlebell 12kg,Fitness,Pesa Rusa,40,False,3,39.92,119.76,38.910000000000004,1.0280133641737341,0,0,0,0,0,0,0,0,0,0,0,0,0,0,0,0,0,0,0,0,0,1,0,0,1,0,0,0,0,0,0,0,0,0,0,0,0,1,0,0,0,0,0,0
2022-11-23,PROD_015,Salomon Speedcross 5 GTX,Outdoor,Zapatillas Trail,150,True,3,153.44,460.32,131.90333333333334,1.1371964317303076,0,0,0,0,0,0,0,0,0,0,0,0,0,0,0,0,0,0,0,0,1,0,0,0,0,1,0,0,0,0,0,0,0,0,0,0,0,0,0,0,0,0,0,1
2022-11-23,PROD_016,Trek Marlin 7,Outdoor,Bicicleta Montaña,830,True,3,827.35,2482.05,713.9933333333332,1.1624758401105522,0,0,0,0,0,0,0,0,0,0,0,0,0,0,0,0,0,0,0,0,0,0,0,1,0,1,0,0,0,0,1,0,0,0,0,0,0,0,0,0,0,0,0,0
2022-11-23,PROD_017,The North Face Borealis,Outdoor,Mochila Trekking,95,False,4,94.6,378.4,89.25,1.0644257703081232,0,0,0,0,0,0,0,0,0,0,0,0,0,0,0,0,0,0,0,0,0,0,1,0,0,1,0,0,0,0,0,0,0,0,0,0,1,0,0,0,0,0,0,0
2022-11-23,PROD_018,Columbia Silver Ridge,Outdoor,Ropa Montaña,70,False,3,70.27,210.81,66.11,1.0588413250642867,0,0,0,0,1,0,0,0,0,0,0,0,0,0,0,0,0,0,0,0,0,0,0,0,0,1,0,0,0,0,0,0,0,0,0,0,0,0,0,0,1,0,0,0
2022-11-23,PROD_019,Merrell Moab 2 GTX,Outdoor,Zapatillas Trail,110,False,3,107.16,321.48,105.98,1.037931685223627,0,0,0,0,0,0,0,0,0,0,0,0,1,0,0,0,0,0,0,0,0,0,0,0,0,1,0,0,0,0,0,0,0,0,0,0,0,0,0,0,0,0,0,1
2022-11-23,PROD_020,Quechua MH500,Outdoor,Ropa Montaña,80,False,2,79.16,158.32,78.30333333333333,1.0216678728023498,0,0,0,0,0,0,0,0,0,0,0,0,0,0,0,0,0,1,0,0,0,0,0,0,0,1,0,0,0,0,0,0,0,0,0,0,0,0,0,0,1,0,0,0
2022-11-23,PROD_021,Manduka PRO Yoga Mat,Wellness,Esterilla Yoga,130,True,5,133.37,666.85,112.39,1.156686537948216,0,0,0,0,0,0,0,0,0,0,0,1,0,0,0,0,0,0,0,0,0,0,0,0,0,0,0,1,0,0,0,0,0,0,1,0,0,0,0,0,0,0,0,0
2022-11-23,PROD_022,Gaiam Premium Yoga Block,Wellness,Bloque Yoga,20,False,2,19.7,39.4,19.27,1.0378827192527245,0,0,0,0,0,0,0,0,1,0,0,0,0,0,0,0,0,0,0,0,0,0,0,0,0,0,0,1,0,0,0,1,0,0,0,0,0,0,0,0,0,0,0,0
2022-11-23,PROD_023,Liforme Yoga Pad,Wellness,Rodillera Yoga,35,False,2,34.61,69.22,32.446666666666665,1.0786932401890281,0,0,0,0,0,0,0,0,0,1,0,0,0,0,0,0,0,0,0,0,0,0,0,0,0,0,0,1,0,0,0,0,0,0,0,0,0,0,0,1,0,0,0,0
2022-11-23,PROD_024,Lotuscrafts Yoga Bolster,Wellness,Cojín Yoga,50,False,2,50.0,100.0,49.080000000000005,1.0187449062754685,0,0,0,0,0,0,0,0,0,0,1,0,0,0,0,0,0,0,0,0,0,0,0,0,0,0,0,1,0,0,0,0,1,0,0,0,0,0,0,0,0,0,0,0
2022-11-24,PROD_001,Nike Air Zoom Pegasus 40,Running,Zapatillas Running,115,True,11,117.64,1294.04,91.84333333333332,1.2521322542009947,0,0,0,0,0,0,0,0,0,0,0,0,0,0,1,0,0,0,0,0,0,0,0,0,0,0,1,0,0,0,0,0,0,0,0,0,0,0,0,0,0,0,1,0
2022-11-24,PROD_002,Adidas Ultraboost 23,Running,Zapatillas Running,135,True,11,134.2,1476.2,108.23333333333333,1.2473052048044349,0,1,0,0,0,0,0,0,0,0,0,0,0,0,0,0,0,0,0,0,0,0,0,0,0,0,1,0,0,0,0,0,0,0,0,0,0,0,0,0,0,0,1,0
2022-11-24,PROD_003,Asics Gel Nimbus 25,Running,Zapatillas Running,85,False,3,86.7,260.1,82.18666666666667,1.0342310188189487,0,0,1,0,0,0,0,0,0,0,0,0,0,0,0,0,0,0,0,0,0,0,0,0,0,0,1,0,0,0,0,0,0,0,0,0,0,0,0,0,0,0,1,0
2022-11-24,PROD_004,New Balance Fresh Foam X 1080v12,Running,Zapatillas Running,75,False,3,76.88,230.64,74.85666666666667,1.0019147704501936,0,0,0,0,0,0,0,0,0,0,0,0,0,1,0,0,0,0,0,0,0,0,0,0,0,0,1,0,0,0,0,0,0,0,0,0,0,0,0,0,0,0,1,0
2022-11-24,PROD_005,Nike Dri-FIT Miler,Running,Ropa Running,35,False,3,34.47,103.41,35.11333333333334,0.9967723561799885,0,0,0,0,0,0,0,0,0,0,0,0,0,0,0,1,0,0,0,0,0,0,0,0,0,0,1,0,0,0,0,0,0,0,0,0,0,0,0,0,0,1,0,0
2022-11-24,PROD_006,Adidas Own The Run Jacket,Running,Ropa Running,65,False,3,63.46,190.38,63.53333333333333,1.0230849947534104,1,0,0,0,0,0,0,0,0,0,0,0,0,0,0,0,0,0,0,0,0,0,0,0,0,0,1,0,0,0,0,0,0,0,0,0,0,0,0,0,0,1,0,0
2022-11-24,PROD_007,Puma Velocity Nitro 2,Running,Zapatillas Running,70,False,3,68.83,206.49,66.74666666666667,1.0487415101877746,0,0,0,0,0,0,0,0,0,0,0,0,0,0,0,0,1,0,0,0,0,0,0,0,0,0,1,0,0,0,0,0,0,0,0,0,0,0,0,0,0,0,1,0
2022-11-24,PROD_008,Reebok Floatride Energy 5,Running,Zapatillas Running,65,False,3,63.63,190.89,64.94,1.0009239297813366,0,0,0,0,0,0,0,0,0,0,0,0,0,0,0,0,0,0,1,0,0,0,0,0,0,0,1,0,0,0,0,0,0,0,0,0,0,0,0,0,0,0,1,0
2022-11-24,PROD_009,Bowflex SelectTech 552,Fitness,Mancuernas Ajustables,400,True,2,401.14,802.28,337.29333333333335,1.1859113728900659,0,0,0,1,0,0,0,0,0,0,0,0,0,0,0,0,0,0,0,0,0,0,0,0,1,0,0,0,0,0,0,0,0,0,0,1,0,0,0,0,0,0,0,0
2022-11-24,PROD_010,Domyos BM900,Fitness,Banco Gimnasio,175,True,3,179.57,538.71,154.96,1.1293236964377904,0,0,0,0,0,0,1,0,0,0,0,0,0,0,0,0,0,0,0,0,0,0,0,0,1,0,0,0,1,0,0,0,0,0,0,0,0,0,0,0,0,0,0,0
2022-11-24,PROD_011,Reebok Professional Deck,Fitness,Esterilla Fitness,45,False,4,45.77,183.08,44.873333333333335,1.0028227603625017,0,0,0,0,0,0,0,0,0,0,0,0,0,0,0,0,0,0,0,1,0,0,0,0,1,0,0,0,0,0,0,0,0,1,0,0,0,0,0,0,0,0,0,0
2022-11-24,PROD_012,Domyos Kit Mancuernas 20kg,Fitness,Pesas Casa,55,False,6,53.72,322.32,52.89666666666667,1.0397630600541936,0,0,0,0,0,0,0,1,0,0,0,0,0,0,0,0,0,0,0,0,0,0,0,0,1,0,0,0,0,0,0,0,0,0,0,0,0,0,1,0,0,0,0,0
2022-11-24,PROD_013,Decathlon Bandas Elásticas Set,Fitness,Bandas Elásticas,25,False,4,25.31,101.24,23.883333333333336,1.04675505931612,0,0,0,0,0,1,0,0,0,0,0,0,0,0,0,0,0,0,0,0,0,0,0,0,1,0,0,0,0,1,0,0,0,0,0,0,0,0,0,0,0,0,0,0
2022-11-24,PROD_014,Sveltus Kettlebell 12kg,Fitness,Pesa Rusa,40,False,4,40.28,161.12,38.126666666666665,1.0491344640671447,0,0,0,0,0,0,0,0,0,0,0,0,0,0,0,0,0,0,0,0,0,1,0,0,1,0,0,0,0,0,0,0,0,0,0,0,0,1,0,0,0,0,0,0
2022-11-24,PROD_015,Salomon Speedcross 5 GTX,Outdoor,Zapatillas Trail,150,True,3,151.71,455.13,130.35666666666665,1.1506891349374793,0,0,0,0,0,0,0,0,0,0,0,0,0,0,0,0,0,0,0,0,1,0,0,0,0,1,0,0,0,0,0,0,0,0,0,0,0,0,0,0,0,0,0,1
2022-11-24,PROD_016,Trek Marlin 7,Outdoor,Bicicleta Montaña,830,True,4,816.22,3264.88,718.9200000000001,1.154509542090914,0,0,0,0,0,0,0,0,0,0,0,0,0,0,0,0,0,0,0,0,0,0,0,1,0,1,0,0,0,0,1,0,0,0,0,0,0,0,0,0,0,0,0,0
2022-11-24,PROD_017,The North Face Borealis,Outdoor,Mochila Trekking,95,False,2,97.52,195.04,95.64333333333333,0.9932736207437355,0,0,0,0,0,0,0,0,0,0,0,0,0,0,0,0,0,0,0,0,0,0,1,0,0,1,0,0,0,0,0,0,0,0,0,0,1,0,0,0,0,0,0,0
2022-11-24,PROD_018,Columbia Silver Ridge,Outdoor,Ropa Montaña,70,False,3,69.25,207.75,66.24666666666667,1.0566569387138975,0,0,0,0,1,0,0,0,0,0,0,0,0,0,0,0,0,0,0,0,0,0,0,0,0,1,0,0,0,0,0,0,0,0,0,0,0,0,0,0,1,0,0,0
2022-11-24,PROD_019,Merrell Moab 2 GTX,Outdoor,Zapatillas Trail,110,False,3,112.78,338.34,109.11333333333334,1.0081261074112542,0,0,0,0,0,0,0,0,0,0,0,0,1,0,0,0,0,0,0,0,0,0,0,0,0,1,0,0,0,0,0,0,0,0,0,0,0,0,0,0,0,0,0,1
2022-11-24,PROD_020,Quechua MH500,Outdoor,Ropa Montaña,80,False,3,77.78,233.34,80.98333333333333,0.9878575838649928,0,0,0,0,0,0,0,0,0,0,0,0,0,0,0,0,0,1,0,0,0,0,0,0,0,1,0,0,0,0,0,0,0,0,0,0,0,0,0,0,1,0,0,0
2022-11-24,PROD_021,Manduka PRO Yoga Mat,Wellness,Esterilla Yoga,130,True,6,126.48,758.88,111.94333333333333,1.1613018491498674,0,0,0,0,0,0,0,0,0,0,0,1,0,0,0,0,0,0,0,0,0,0,0,0,0,0,0,1,0,0,0,0,0,0,1,0,0,0,0,0,0,0,0,0
2022-11-24,PROD_022,Gaiam Premium Yoga Block,Wellness,Bloque Yoga,20,False,2,20.1,40.2,19.316666666666666,1.0353753235547887,0,0,0,0,0,0,0,0,1,0,0,0,0,0,0,0,0,0,0,0,0,0,0,0,0,0,0,1,0,0,0,1,0,0,0,0,0,0,0,0,0,0,0,0
2022-11-24,PROD_023,Liforme Yoga Pad,Wellness,Rodillera Yoga,35,False,2,35.28,70.56,33.129999999999995,1.056444310292786,0,0,0,0,0,0,0,0,0,1,0,0,0,0,0,0,0,0,0,0,0,0,0,0,0,0,0,1,0,0,0,0,0,0,0,0,0,0,0,1,0,0,0,0
2022-11-24,PROD_024,Lotuscrafts Yoga Bolster,Wellness,Cojín Yoga,50,False,1,48.96,48.96,49.97,1.0006003602161297,0,0,0,0,0,0,0,0,0,0,1,0,0,0,0,0,0,0,0,0,0,0,0,0,0,0,0,1,0,0,0,0,1,0,0,0,0,0,0,0,0,0,0,0
2022-11-25,PROD_001,Nike Air Zoom Pegasus 40,Running,Zapatillas Running,115,True,58,97.75,5669.5,95.53333333333335,1.203768318213538,0,0,0,0,0,0,0,0,0,0,0,0,0,0,1,0,0,0,0,0,0,0,0,0,0,0,1,0,0,0,0,0,0,0,0,0,0,0,0,0,0,0,1,0
2022-11-25,PROD_002,Adidas Ultraboost 23,Running,Zapatillas Running,135,True,52,114.75,5967.0,114.32916666666667,1.180801049600933,0,1,0,0,0,0,0,0,0,0,0,0,0,0,0,0,0,0,0,0,0,0,0,0,0,0,1,0,0,0,0,0,0,0,0,0,0,0,0,0,0,0,1,0
2022-11-25,PROD_003,Asics Gel Nimbus 25,Running,Zapatillas Running,85,False,15,72.25,1083.75,75.21333333333332,1.1301187732671514,0,0,1,0,0,0,0,0,0,0,0,0,0,0,0,0,0,0,0,0,0,0,0,0,0,0,1,0,0,0,0,0,0,0,0,0,0,0,0,0,0,0,1,0
2022-11-25,PROD_004,New Balance Fresh Foam X 1080v12,Running,Zapatillas Running,75,False,14,63.75,892.5,63.666666666666664,1.1780104712041886,0,0,0,0,0,0,0,0,0,0,0,0,0,1,0,0,0,0,0,0,0,0,0,0,0,0,1,0,0,0,0,0,0,0,0,0,0,0,0,0,0,0,1,0
2022-11-25,PROD_005,Nike Dri-FIT Miler,Running,Ropa Running,35,False,13,29.75,386.75,30.906666666666666,1.13244176013805,0,0,0,0,0,0,0,0,0,0,0,0,0,0,0,1,0,0,0,0,0,0,0,0,0,0,1,0,0,0,0,0,0,0,0,0,0,0,0,0,0,1,0,0
2022-11-25,PROD_006,Adidas Own The Run Jacket,Running,Ropa Running,65,False,13,55.25,718.25,55.32666666666666,1.174840342209905,1,0,0,0,0,0,0,0,0,0,0,0,0,0,0,0,0,0,0,0,0,0,0,0,0,0,1,0,0,0,0,0,0,0,0,0,0,0,0,0,0,1,0,0
2022-11-25,PROD_007,Puma Velocity Nitro 2,Running,Zapatillas Running,70,False,10,59.5,595.0,58.4,1.1986301369863015,0,0,0,0,0,0,0,0,0,0,0,0,0,0,0,0,1,0,0,0,0,0,0,0,0,0,1,0,0,0,0,0,0,0,0,0,0,0,0,0,0,0,1,0
2022-11-25,PROD_008,Reebok Floatride Energy 5,Running,Zapatillas Running,65,False,12,55.25,663.0,55.75,1.1659192825112108,0,0,0,0,0,0,0,0,0,0,0,0,0,0,0,0,0,0,1,0,0,0,0,0,0,0,1,0,0,0,0,0,0,0,0,0,0,0,0,0,0,0,1,0
2022-11-25,PROD_009,Bowflex SelectTech 552,Fitness,Mancuernas Ajustables,400,True,7,360.0,2520.0,342.9875,1.166223258865119,0,0,0,1,0,0,0,0,0,0,0,0,0,0,0,0,0,0,0,0,0,0,0,0,1,0,0,0,0,0,0,0,0,0,0,1,0,0,0,0,0,0,0,0
2022-11-25,PROD_010,Domyos BM900,Fitness,Banco Gimnasio,175,True,8,157.5,1260.0,161.87916666666666,1.0810532547424776,0,0,0,0,0,0,1,0,0,0,0,0,0,0,0,0,0,0,0,0,0,0,0,0,1,0,0,0,1,0,0,0,0,0,0,0,0,0,0,0,0,0,0,0
2022-11-25,PROD_011,Reebok Professional Deck,Fitness,Esterilla Fitness,45,False,18,40.5,729.0,39.24,1.146788990825688,0,0,0,0,0,0,0,0,0,0,0,0,0,0,0,0,0,0,0,1,0,0,0,0,1,0,0,0,0,0,0,0,0,1,0,0,0,0,0,0,0,0,0,0
2022-11-25,PROD_012,Domyos Kit Mancuernas 20kg,Fitness,Pesas Casa,55,False,21,49.5,1039.5,48.99,1.1226780975709327,0,0,0,0,0,0,0,1,0,0,0,0,0,0,0,0,0,0,0,0,0,0,0,0,1,0,0,0,0,0,0,0,0,0,0,0,0,0,1,0,0,0,0,0
2022-11-25,PROD_013,Decathlon Bandas Elásticas Set,Fitness,Bandas Elásticas,25,False,17,22.5,382.5,21.16,1.1814744801512287,0,0,0,0,0,1,0,0,0,0,0,0,0,0,0,0,0,0,0,0,0,0,0,0,1,0,0,0,0,1,0,0,0,0,0,0,0,0,0,0,0,0,0,0
2022-11-25,PROD_014,Sveltus Kettlebell 12kg,Fitness,Pesa Rusa,40,False,15,36.0,540.0,34.18,1.1702750146284377,0,0,0,0,0,0,0,0,0,0,0,0,0,0,0,0,0,0,0,0,0,1,0,0,1,0,0,0,0,0,0,0,0,0,0,0,0,1,0,0,0,0,0,0
2022-11-25,PROD_015,Salomon Speedcross 5 GTX,Outdoor,Zapatillas Trail,150,True,15,135.0,2025.0,136.76666666666668,1.096758469412625,0,0,0,0,0,0,0,0,0,0,0,0,0,0,0,0,0,0,0,0,1,0,0,0,0,1,0,0,0,0,0,0,0,0,0,0,0,0,0,0,0,0,0,1
2022-11-25,PROD_016,Trek Marlin 7,Outdoor,Bicicleta Montaña,830,True,12,747.0,8964.0,725.4625,1.1440977307579647,0,0,0,0,0,0,0,0,0,0,0,0,0,0,0,0,0,0,0,0,0,0,0,1,0,1,0,0,0,0,1,0,0,0,0,0,0,0,0,0,0,0,0,0
2022-11-25,PROD_017,The North Face Borealis,Outdoor,Mochila Trekking,95,False,10,85.5,855.0,80.21333333333332,1.184341755319149,0,0,0,0,0,0,0,0,0,0,0,0,0,0,0,0,0,0,0,0,0,0,1,0,0,1,0,0,0,0,0,0,0,0,0,0,1,0,0,0,0,0,0,0
2022-11-25,PROD_018,Columbia Silver Ridge,Outdoor,Ropa Montaña,70,False,8,63.0,504.0,61.06,1.1464133639043563,0,0,0,0,1,0,0,0,0,0,0,0,0,0,0,0,0,0,0,0,0,0,0,0,0,1,0,0,0,0,0,0,0,0,0,0,0,0,0,0,1,0,0,0
2022-11-25,PROD_019,Merrell Moab 2 GTX,Outdoor,Zapatillas Trail,110,False,10,99.0,990.0,96.99333333333334,1.1340985634751528,0,0,0,0,0,0,0,0,0,0,0,0,1,0,0,0,0,0,0,0,0,0,0,0,0,1,0,0,0,0,0,0,0,0,0,0,0,0,0,0,0,0,0,1
2022-11-25,PROD_020,Quechua MH500,Outdoor,Ropa Montaña,80,False,9,72.0,648.0,68.89666666666666,1.1611592239585855,0,0,0,0,0,0,0,0,0,0,0,0,0,0,0,0,0,1,0,0,0,0,0,0,0,1,0,0,0,0,0,0,0,0,0,0,0,0,0,0,1,0,0,0
2022-11-25,PROD_021,Manduka PRO Yoga Mat,Wellness,Esterilla Yoga,130,True,21,123.5,2593.5,119.72083333333335,1.0858594647269688,0,0,0,0,0,0,0,0,0,0,0,1,0,0,0,0,0,0,0,0,0,0,0,0,0,0,0,1,0,0,0,0,0,0,1,0,0,0,0,0,0,0,0,0
2022-11-25,PROD_022,Gaiam Premium Yoga Block,Wellness,Bloque Yoga,20,False,8,19.0,152.0,16.646666666666665,1.2014417300760913,0,0,0,0,0,0,0,0,1,0,0,0,0,0,0,0,0,0,0,0,0,0,0,0,0,0,0,1,0,0,0,1,0,0,0,0,0,0,0,0,0,0,0,0
2022-11-25,PROD_023,Liforme Yoga Pad,Wellness,Rodillera Yoga,35,False,7,33.25,232.75,29.733333333333334,1.1771300448430493,0,0,0,0,0,0,0,0,0,1,0,0,0,0,0,0,0,0,0,0,0,0,0,0,0,0,0,1,0,0,0,0,0,0,0,0,0,0,0,1,0,0,0,0
2022-11-25,PROD_024,Lotuscrafts Yoga Bolster,Wellness,Cojín Yoga,50,False,7,47.5,332.5,43.046666666666674,1.1615301223478394,0,0,0,0,0,0,0,0,0,0,1,0,0,0,0,0,0,0,0,0,0,0,0,0,0,0,0,1,0,0,0,0,1,0,0,0,0,0,0,0,0,0,0,0
2022-11-26,PROD_001,Nike Air Zoom Pegasus 40,Running,Zapatillas Running,115,True,57,101.2,5768.4,102.54166666666667,1.1214953271028036,0,0,0,0,0,0,0,0,0,0,0,0,0,0,1,0,0,0,0,0,0,0,0,0,0,0,1,0,0,0,0,0,0,0,0,0,0,0,0,0,0,0,1,0
2022-11-26,PROD_002,Adidas Ultraboost 23,Running,Zapatillas Running,135,True,79,118.8,9385.2,123.075,1.0968921389396709,0,1,0,0,0,0,0,0,0,0,0,0,0,0,0,0,0,0,0,0,0,0,0,0,0,0,1,0,0,0,0,0,0,0,0,0,0,0,0,0,0,0,1,0
2022-11-26,PROD_003,Asics Gel Nimbus 25,Running,Zapatillas Running,85,False,14,74.8,1047.2,81.92333333333333,1.0375554380111487,0,0,1,0,0,0,0,0,0,0,0,0,0,0,0,0,0,0,0,0,0,0,0,0,0,0,1,0,0,0,0,0,0,0,0,0,0,0,0,0,0,0,1,0
2022-11-26,PROD_004,New Balance Fresh Foam X 1080v12,Running,Zapatillas Running,75,False,17,66.0,1122.0,71.48,1.0492445439283715,0,0,0,0,0,0,0,0,0,0,0,0,0,1,0,0,0,0,0,0,0,0,0,0,0,0,1,0,0,0,0,0,0,0,0,0,0,0,0,0,0,0,1,0
2022-11-26,PROD_005,Nike Dri-FIT Miler,Running,Ropa Running,35,False,13,30.8,400.4,33.22333333333333,1.0534764723587842,0,0,0,0,0,0,0,0,0,0,0,0,0,0,0,1,0,0,0,0,0,0,0,0,0,0,1,0,0,0,0,0,0,0,0,0,0,0,0,0,0,1,0,0
2022-11-26,PROD_006,Adidas Own The Run Jacket,Running,Ropa Running,65,False,11,57.2,629.2,62.50333333333333,1.039944536291398,1,0,0,0,0,0,0,0,0,0,0,0,0,0,0,0,0,0,0,0,0,0,0,0,0,0,1,0,0,0,0,0,0,0,0,0,0,0,0,0,0,1,0,0
2022-11-26,PROD_007,Puma Velocity Nitro 2,Running,Zapatillas Running,70,False,10,61.6,616.0,68.18333333333334,1.0266438523588364,0,0,0,0,0,0,0,0,0,0,0,0,0,0,0,0,1,0,0,0,0,0,0,0,0,0,1,0,0,0,0,0,0,0,0,0,0,0,0,0,0,0,1,0
2022-11-26,PROD_008,Reebok Floatride Energy 5,Running,Zapatillas Running,65,False,9,57.2,514.8,62.32333333333333,1.0429480665347381,0,0,0,0,0,0,0,0,0,0,0,0,0,0,0,0,0,0,1,0,0,0,0,0,0,0,1,0,0,0,0,0,0,0,0,0,0,0,0,0,0,0,1,0
2022-11-26,PROD_009,Bowflex SelectTech 552,Fitness,Mancuernas Ajustables,400,True,7,368.0,2576.0,378.0416666666667,1.0580844263198501,0,0,0,1,0,0,0,0,0,0,0,0,0,0,0,0,0,0,0,0,0,0,0,0,1,0,0,0,0,0,0,0,0,0,0,1,0,0,0,0,0,0,0,0
2022-11-26,PROD_010,Domyos BM900,Fitness,Banco Gimnasio,175,True,8,161.0,1288.0,171.6208333333333,1.019689722984292,0,0,0,0,0,0,1,0,0,0,0,0,0,0,0,0,0,0,0,0,0,0,0,0,1,0,0,0,1,0,0,0,0,0,0,0,0,0,0,0,0,0,0,0
2022-11-26,PROD_011,Reebok Professional Deck,Fitness,Esterilla Fitness,45,False,18,41.4,745.2,43.326666666666675,1.038621326357901,0,0,0,0,0,0,0,0,0,0,0,0,0,0,0,0,0,0,0,1,0,0,0,0,1,0,0,0,0,0,0,0,0,1,0,0,0,0,0,0,0,0,0,0
2022-11-26,PROD_012,Domyos Kit Mancuernas 20kg,Fitness,Pesas Casa,55,False,17,50.6,860.2,53.93666666666667,1.0197144799456153,0,0,0,0,0,0,0,1,0,0,0,0,0,0,0,0,0,0,0,0,0,0,0,0,1,0,0,0,0,0,0,0,0,0,0,0,0,0,1,0,0,0,0,0
2022-11-26,PROD_013,Decathlon Bandas Elásticas Set,Fitness,Bandas Elásticas,25,False,16,23.0,368.0,23.69333333333333,1.0551491277433878,0,0,0,0,0,1,0,0,0,0,0,0,0,0,0,0,0,0,0,0,0,0,0,0,1,0,0,0,0,1,0,0,0,0,0,0,0,0,0,0,0,0,0,0
2022-11-26,PROD_014,Sveltus Kettlebell 12kg,Fitness,Pesa Rusa,40,False,18,36.8,662.4,38.42333333333333,1.041034093866574,0,0,0,0,0,0,0,0,0,0,0,0,0,0,0,0,0,0,0,0,0,1,0,0,1,0,0,0,0,0,0,0,0,0,0,0,0,1,0,0,0,0,0,0
2022-11-26,PROD_015,Salomon Speedcross 5 GTX,Outdoor,Zapatillas Trail,150,True,15,138.0,2070.0,146.0,1.0273972602739727,0,0,0,0,0,0,0,0,0,0,0,0,0,0,0,0,0,0,0,0,1,0,0,0,0,1,0,0,0,0,0,0,0,0,0,0,0,0,0,0,0,0,0,1
2022-11-26,PROD_016,Trek Marlin 7,Outdoor,Bicicleta Montaña,830,True,19,763.6,14508.4,808.5041666666666,1.026587164568313,0,0,0,0,0,0,0,0,0,0,0,0,0,0,0,0,0,0,0,0,0,0,0,1,0,1,0,0,0,0,1,0,0,0,0,0,0,0,0,0,0,0,0,0
2022-11-26,PROD_017,The North Face Borealis,Outdoor,Mochila Trekking,95,False,10,87.4,874.0,91.26,1.0409818102125794,0,0,0,0,0,0,0,0,0,0,0,0,0,0,0,0,0,0,0,0,0,0,1,0,0,1,0,0,0,0,0,0,0,0,0,0,1,0,0,0,0,0,0,0
2022-11-26,PROD_018,Columbia Silver Ridge,Outdoor,Ropa Montaña,70,False,10,64.4,644.0,69.10666666666667,1.0129268763264518,0,0,0,0,1,0,0,0,0,0,0,0,0,0,0,0,0,0,0,0,0,0,0,0,0,1,0,0,0,0,0,0,0,0,0,0,0,0,0,0,1,0,0,0
2022-11-26,PROD_019,Merrell Moab 2 GTX,Outdoor,Zapatillas Trail,110,False,10,101.2,1012.0,105.5,1.042654028436019,0,0,0,0,0,0,0,0,0,0,0,0,1,0,0,0,0,0,0,0,0,0,0,0,0,1,0,0,0,0,0,0,0,0,0,0,0,0,0,0,0,0,0,1
2022-11-26,PROD_020,Quechua MH500,Outdoor,Ropa Montaña,80,False,10,73.6,736.0,76.28333333333333,1.0487218702206687,0,0,0,0,0,0,0,0,0,0,0,0,0,0,0,0,0,1,0,0,0,0,0,0,0,1,0,0,0,0,0,0,0,0,0,0,0,0,0,0,1,0,0,0
2022-11-26,PROD_021,Manduka PRO Yoga Mat,Wellness,Esterilla Yoga,130,True,18,124.8,2246.4,126.23333333333335,1.02983892263005,0,0,0,0,0,0,0,0,0,0,0,1,0,0,0,0,0,0,0,0,0,0,0,0,0,0,0,1,0,0,0,0,0,0,1,0,0,0,0,0,0,0,0,0
2022-11-26,PROD_022,Gaiam Premium Yoga Block,Wellness,Bloque Yoga,20,False,6,19.2,115.2,19.493333333333336,1.0259917920656634,0,0,0,0,0,0,0,0,1,0,0,0,0,0,0,0,0,0,0,0,0,0,0,0,0,0,0,1,0,0,0,1,0,0,0,0,0,0,0,0,0,0,0,0
2022-11-26,PROD_023,Liforme Yoga Pad,Wellness,Rodillera Yoga,35,False,7,33.6,235.2,34.88666666666667,1.003248614561437,0,0,0,0,0,0,0,0,0,1,0,0,0,0,0,0,0,0,0,0,0,0,0,0,0,0,0,1,0,0,0,0,0,0,0,0,0,0,0,1,0,0,0,0
2022-11-26,PROD_024,Lotuscrafts Yoga Bolster,Wellness,Cojín Yoga,50,False,8,48.0,384.0,49.89000000000001,1.0022048506714771,0,0,0,0,0,0,0,0,0,0,1,0,0,0,0,0,0,0,0,0,0,0,0,0,0,0,0,1,0,0,0,0,1,0,0,0,0,0,0,0,0,0,0,0
2022-11-27,PROD_001,Nike Air Zoom Pegasus 40,Running,Zapatillas Running,115,True,56,101.2,5667.2,102.90833333333335,1.1174993926633734,0,0,0,0,0,0,0,0,0,0,0,0,0,0,1,0,0,0,0,0,0,0,0,0,0,0,1,0,0,0,0,0,0,0,0,0,0,0,0,0,0,0,1,0
2022-11-27,PROD_002,Adidas Ultraboost 23,Running,Zapatillas Running,135,True,43,118.8,5108.4,122.2625,1.1041815765259175,0,1,0,0,0,0,0,0,0,0,0,0,0,0,0,0,0,0,0,0,0,0,0,0,0,0,1,0,0,0,0,0,0,0,0,0,0,0,0,0,0,0,1,0
2022-11-27,PROD_003,Asics Gel Nimbus 25,Running,Zapatillas Running,85,False,10,74.8,748.0,86.13000000000001,0.9868802972251247,0,0,1,0,0,0,0,0,0,0,0,0,0,0,0,0,0,0,0,0,0,0,0,0,0,0,1,0,0,0,0,0,0,0,0,0,0,0,0,0,0,0,1,0
2022-11-27,PROD_004,New Balance Fresh Foam X 1080v12,Running,Zapatillas Running,75,False,14,66.0,924.0,74.37,1.008471157724889,0,0,0,0,0,0,0,0,0,0,0,0,0,1,0,0,0,0,0,0,0,0,0,0,0,0,1,0,0,0,0,0,0,0,0,0,0,0,0,0,0,0,1,0
2022-11-27,PROD_005,Nike Dri-FIT Miler,Running,Ropa Running,35,False,10,30.8,308.0,33.8,1.0355029585798818,0,0,0,0,0,0,0,0,0,0,0,0,0,0,0,1,0,0,0,0,0,0,0,0,0,0,1,0,0,0,0,0,0,0,0,0,0,0,0,0,0,1,0,0
2022-11-27,PROD_006,Adidas Own The Run Jacket,Running,Ropa Running,65,False,9,57.2,514.8,63.830000000000005,1.0183299389002036,1,0,0,0,0,0,0,0,0,0,0,0,0,0,0,0,0,0,0,0,0,0,0,0,0,0,1,0,0,0,0,0,0,0,0,0,0,0,0,0,0,1,0,0
2022-11-27,PROD_007,Puma Velocity Nitro 2,Running,Zapatillas Running,70,False,11,61.6,677.6,66.91000000000001,1.0461814377522043,0,0,0,0,0,0,0,0,0,0,0,0,0,0,0,0,1,0,0,0,0,0,0,0,0,0,1,0,0,0,0,0,0,0,0,0,0,0,0,0,0,0,1,0
2022-11-27,PROD_008,Reebok Floatride Energy 5,Running,Zapatillas Running,65,False,10,57.2,572.0,61.74333333333333,1.052745235652972,0,0,0,0,0,0,0,0,0,0,0,0,0,0,0,0,0,0,1,0,0,0,0,0,0,0,1,0,0,0,0,0,0,0,0,0,0,0,0,0,0,0,1,0
2022-11-27,PROD_009,Bowflex SelectTech 552,Fitness,Mancuernas Ajustables,400,True,8,368.0,2944.0,366.5,1.0914051841746248,0,0,0,1,0,0,0,0,0,0,0,0,0,0,0,0,0,0,0,0,0,0,0,0,1,0,0,0,0,0,0,0,0,0,0,1,0,0,0,0,0,0,0,0
2022-11-27,PROD_010,Domyos BM900,Fitness,Banco Gimnasio,175,True,9,161.0,1449.0,173.64583333333334,1.0077984403119375,0,0,0,0,0,0,1,0,0,0,0,0,0,0,0,0,0,0,0,0,0,0,0,0,1,0,0,0,1,0,0,0,0,0,0,0,0,0,0,0,0,0,0,0
2022-11-27,PROD_011,Reebok Professional Deck,Fitness,Esterilla Fitness,45,False,12,41.4,496.8,43.10333333333333,1.044002784007424,0,0,0,0,0,0,0,0,0,0,0,0,0,0,0,0,0,0,0,1,0,0,0,0,1,0,0,0,0,0,0,0,0,1,0,0,0,0,0,0,0,0,0,0
2022-11-27,PROD_012,Domyos Kit Mancuernas 20kg,Fitness,Pesas Casa,55,False,16,50.6,809.6,53.18666666666667,1.0340937578340437,0,0,0,0,0,0,0,1,0,0,0,0,0,0,0,0,0,0,0,0,0,0,0,0,1,0,0,0,0,0,0,0,0,0,0,0,0,0,1,0,0,0,0,0
2022-11-27,PROD_013,Decathlon Bandas Elásticas Set,Fitness,Bandas Elásticas,25,False,14,23.0,322.0,24.680000000000003,1.012965964343598,0,0,0,0,0,1,0,0,0,0,0,0,0,0,0,0,0,0,0,0,0,0,0,0,1,0,0,0,0,1,0,0,0,0,0,0,0,0,0,0,0,0,0,0
2022-11-27,PROD_014,Sveltus Kettlebell 12kg,Fitness,Pesa Rusa,40,False,13,36.8,478.4,38.10333333333333,1.0497769224039892,0,0,0,0,0,0,0,0,0,0,0,0,0,0,0,0,0,0,0,0,0,1,0,0,1,0,0,0,0,0,0,0,0,0,0,0,0,1,0,0,0,0,0,0
2022-11-27,PROD_015,Salomon Speedcross 5 GTX,Outdoor,Zapatillas Trail,150,True,16,138.0,2208.0,144.14583333333334,1.0406128053186876,0,0,0,0,0,0,0,0,0,0,0,0,0,0,0,0,0,0,0,0,1,0,0,0,0,1,0,0,0,0,0,0,0,0,0,0,0,0,0,0,0,0,0,1
2022-11-27,PROD_016,Trek Marlin 7,Outdoor,Bicicleta Montaña,830,True,8,763.6,6108.8,789.5083333333333,1.0512871935065071,0,0,0,0,0,0,0,0,0,0,0,0,0,0,0,0,0,0,0,0,0,0,0,1,0,1,0,0,0,0,1,0,0,0,0,0,0,0,0,0,0,0,0,0
2022-11-27,PROD_017,The North Face Borealis,Outdoor,Mochila Trekking,95,False,10,87.4,874.0,92.25999999999999,1.0296986776501194,0,0,0,0,0,0,0,0,0,0,0,0,0,0,0,0,0,0,0,0,0,0,1,0,0,1,0,0,0,0,0,0,0,0,0,0,1,0,0,0,0,0,0,0
2022-11-27,PROD_018,Columbia Silver Ridge,Outdoor,Ropa Montaña,70,False,7,64.4,450.8,68.25,1.0256410256410255,0,0,0,0,1,0,0,0,0,0,0,0,0,0,0,0,0,0,0,0,0,0,0,0,0,1,0,0,0,0,0,0,0,0,0,0,0,0,0,0,1,0,0,0
2022-11-27,PROD_019,Merrell Moab 2 GTX,Outdoor,Zapatillas Trail,110,False,10,101.2,1012.0,103.94666666666667,1.0582349923037455,0,0,0,0,0,0,0,0,0,0,0,0,1,0,0,0,0,0,0,0,0,0,0,0,0,1,0,0,0,0,0,0,0,0,0,0,0,0,0,0,0,0,0,1
2022-11-27,PROD_020,Quechua MH500,Outdoor,Ropa Montaña,80,False,7,73.6,515.2,77.01333333333332,1.0387811634349031,0,0,0,0,0,0,0,0,0,0,0,0,0,0,0,0,0,1,0,0,0,0,0,0,0,1,0,0,0,0,0,0,0,0,0,0,0,0,0,0,1,0,0,0
2022-11-27,PROD_021,Manduka PRO Yoga Mat,Wellness,Esterilla Yoga,130,True,17,124.8,2121.6,125.84583333333335,1.0330099658974272,0,0,0,0,0,0,0,0,0,0,0,1,0,0,0,0,0,0,0,0,0,0,0,0,0,0,0,1,0,0,0,0,0,0,1,0,0,0,0,0,0,0,0,0
2022-11-27,PROD_022,Gaiam Premium Yoga Block,Wellness,Bloque Yoga,20,False,6,19.2,115.2,19.956666666666667,1.002171371304493,0,0,0,0,0,0,0,0,1,0,0,0,0,0,0,0,0,0,0,0,0,0,0,0,0,0,0,1,0,0,0,1,0,0,0,0,0,0,0,0,0,0,0,0
2022-11-27,PROD_023,Liforme Yoga Pad,Wellness,Rodillera Yoga,35,False,5,33.6,168.0,34.406666666666666,1.0172447200155008,0,0,0,0,0,0,0,0,0,1,0,0,0,0,0,0,0,0,0,0,0,0,0,0,0,0,0,1,0,0,0,0,0,0,0,0,0,0,0,1,0,0,0,0
2022-11-27,PROD_024,Lotuscrafts Yoga Bolster,Wellness,Cojín Yoga,50,False,6,48.0,288.0,47.086666666666666,1.061871725895512,0,0,0,0,0,0,0,0,0,0,1,0,0,0,0,0,0,0,0,0,0,0,0,0,0,0,0,1,0,0,0,0,1,0,0,0,0,0,0,0,0,0,0,0
2022-11-28,PROD_001,Nike Air Zoom Pegasus 40,Running,Zapatillas Running,115,True,40,97.75,3910.0,96.34166666666665,1.1936683677882538,0,0,0,0,0,0,0,0,0,0,0,0,0,0,1,0,0,0,0,0,0,0,0,0,0,0,1,0,0,0,0,0,0,0,0,0,0,0,0,0,0,0,1,0
2022-11-28,PROD_002,Adidas Ultraboost 23,Running,Zapatillas Running,135,True,52,114.75,5967.0,115.07083333333333,1.1731904261867692,0,1,0,0,0,0,0,0,0,0,0,0,0,0,0,0,0,0,0,0,0,0,0,0,0,0,1,0,0,0,0,0,0,0,0,0,0,0,0,0,0,0,1,0
2022-11-28,PROD_003,Asics Gel Nimbus 25,Running,Zapatillas Running,85,False,12,72.25,867.0,78.73666666666666,1.0795478599551247,0,0,1,0,0,0,0,0,0,0,0,0,0,0,0,0,0,0,0,0,0,0,0,0,0,0,1,0,0,0,0,0,0,0,0,0,0,0,0,0,0,0,1,0
2022-11-28,PROD_004,New Balance Fresh Foam X 1080v12,Running,Zapatillas Running,75,False,13,63.75,828.75,72.09333333333335,1.040318106158683,0,0,0,0,0,0,0,0,0,0,0,0,0,1,0,0,0,0,0,0,0,0,0,0,0,0,1,0,0,0,0,0,0,0,0,0,0,0,0,0,0,0,1,0
2022-11-28,PROD_005,Nike Dri-FIT Miler,Running,Ropa Running,35,False,10,29.75,297.5,35.18,0.9948834565093804,0,0,0,0,0,0,0,0,0,0,0,0,0,0,0,1,0,0,0,0,0,0,0,0,0,0,1,0,0,0,0,0,0,0,0,0,0,0,0,0,0,1,0,0
2022-11-28,PROD_006,Adidas Own The Run Jacket,Running,Ropa Running,65,False,10,55.25,552.5,62.589999999999996,1.0385045534430422,1,0,0,0,0,0,0,0,0,0,0,0,0,0,0,0,0,0,0,0,0,0,0,0,0,0,1,0,0,0,0,0,0,0,0,0,0,0,0,0,0,1,0,0
2022-11-28,PROD_007,Puma Velocity Nitro 2,Running,Zapatillas Running,70,False,10,59.5,595.0,68.96,1.0150812064965198,0,0,0,0,0,0,0,0,0,0,0,0,0,0,0,0,1,0,0,0,0,0,0,0,0,0,1,0,0,0,0,0,0,0,0,0,0,0,0,0,0,0,1,0
2022-11-28,PROD_008,Reebok Floatride Energy 5,Running,Zapatillas Running,65,False,8,55.25,442.0,64.68666666666667,1.0048438627228693,0,0,0,0,0,0,0,0,0,0,0,0,0,0,0,0,0,0,1,0,0,0,0,0,0,0,1,0,0,0,0,0,0,0,0,0,0,0,0,0,0,0,1,0
2022-11-28,PROD_009,Bowflex SelectTech 552,Fitness,Mancuernas Ajustables,400,True,6,360.0,2160.0,347.0333333333333,1.1526270291038325,0,0,0,1,0,0,0,0,0,0,0,0,0,0,0,0,0,0,0,0,0,0,0,0,1,0,0,0,0,0,0,0,0,0,0,1,0,0,0,0,0,0,0,0
2022-11-28,PROD_010,Domyos BM900,Fitness,Banco Gimnasio,175,True,8,157.5,1260.0,162.725,1.0754340144415424,0,0,0,0,0,0,1,0,0,0,0,0,0,0,0,0,0,0,0,0,0,0,0,0,1,0,0,0,1,0,0,0,0,0,0,0,0,0,0,0,0,0,0,0
2022-11-28,PROD_011,Reebok Professional Deck,Fitness,Esterilla Fitness,45,False,12,40.5,486.0,44.50666666666667,1.0110844817255842,0,0,0,0,0,0,0,0,0,0,0,0,0,0,0,0,0,0,0,1,0,0,0,0,1,0,0,0,0,0,0,0,0,1,0,0,0,0,0,0,0,0,0,0
2022-11-28,PROD_012,Domyos Kit Mancuernas 20kg,Fitness,Pesas Casa,55,False,20,49.5,990.0,54.32333333333333,1.0124562802969872,0,0,0,0,0,0,0,1,0,0,0,0,0,0,0,0,0,0,0,0,0,0,0,0,1,0,0,0,0,0,0,0,0,0,0,0,0,0,1,0,0,0,0,0
2022-11-28,PROD_013,Decathlon Bandas Elásticas Set,Fitness,Bandas Elásticas,25,False,15,22.5,337.5,24.64,1.0146103896103895,0,0,0,0,0,1,0,0,0,0,0,0,0,0,0,0,0,0,0,0,0,0,0,0,1,0,0,0,0,1,0,0,0,0,0,0,0,0,0,0,0,0,0,0
2022-11-28,PROD_014,Sveltus Kettlebell 12kg,Fitness,Pesa Rusa,40,False,16,36.0,576.0,40.06333333333333,0.9984191696480572,0,0,0,0,0,0,0,0,0,0,0,0,0,0,0,0,0,0,0,0,0,1,0,0,1,0,0,0,0,0,0,0,0,0,0,0,0,1,0,0,0,0,0,0
2022-11-28,PROD_015,Salomon Speedcross 5 GTX,Outdoor,Zapatillas Trail,150,True,13,135.0,1755.0,139.3125,1.0767160161507403,0,0,0,0,0,0,0,0,0,0,0,0,0,0,0,0,0,0,0,0,1,0,0,0,0,1,0,0,0,0,0,0,0,0,0,0,0,0,0,0,0,0,0,1
2022-11-28,PROD_016,Trek Marlin 7,Outdoor,Bicicleta Montaña,830,True,10,747.0,7470.0,733.875,1.1309827967978199,0,0,0,0,0,0,0,0,0,0,0,0,0,0,0,0,0,0,0,0,0,0,0,1,0,1,0,0,0,0,1,0,0,0,0,0,0,0,0,0,0,0,0,0
2022-11-28,PROD_017,The North Face Borealis,Outdoor,Mochila Trekking,95,False,9,85.5,769.5,90.14999999999999,1.0537992235163618,0,0,0,0,0,0,0,0,0,0,0,0,0,0,0,0,0,0,0,0,0,0,1,0,0,1,0,0,0,0,0,0,0,0,0,0,1,0,0,0,0,0,0,0
2022-11-28,PROD_018,Columbia Silver Ridge,Outdoor,Ropa Montaña,70,False,9,63.0,567.0,71.68,0.9765624999999999,0,0,0,0,1,0,0,0,0,0,0,0,0,0,0,0,0,0,0,0,0,0,0,0,0,1,0,0,0,0,0,0,0,0,0,0,0,0,0,0,1,0,0,0
2022-11-28,PROD_019,Merrell Moab 2 GTX,Outdoor,Zapatillas Trail,110,False,7,99.0,693.0,105.62333333333333,1.0414365512670811,0,0,0,0,0,0,0,0,0,0,0,0,1,0,0,0,0,0,0,0,0,0,0,0,0,1,0,0,0,0,0,0,0,0,0,0,0,0,0,0,0,0,0,1
2022-11-28,PROD_020,Quechua MH500,Outdoor,Ropa Montaña,80,False,6,72.0,432.0,77.41333333333334,1.0334137099552185,0,0,0,0,0,0,0,0,0,0,0,0,0,0,0,0,0,1,0,0,0,0,0,0,0,1,0,0,0,0,0,0,0,0,0,0,0,0,0,0,1,0,0,0
2022-11-28,PROD_021,Manduka PRO Yoga Mat,Wellness,Esterilla Yoga,130,True,12,123.5,1482.0,117.48333333333333,1.1065399347425167,0,0,0,0,0,0,0,0,0,0,0,1,0,0,0,0,0,0,0,0,0,0,0,0,0,0,0,1,0,0,0,0,0,0,1,0,0,0,0,0,0,0,0,0
2022-11-28,PROD_022,Gaiam Premium Yoga Block,Wellness,Bloque Yoga,20,False,5,19.0,95.0,19.676666666666666,1.016432322547857,0,0,0,0,0,0,0,0,1,0,0,0,0,0,0,0,0,0,0,0,0,0,0,0,0,0,0,1,0,0,0,1,0,0,0,0,0,0,0,0,0,0,0,0
2022-11-28,PROD_023,Liforme Yoga Pad,Wellness,Rodillera Yoga,35,False,7,33.25,232.75,34.05666666666667,1.0276989331506312,0,0,0,0,0,0,0,0,0,1,0,0,0,0,0,0,0,0,0,0,0,0,0,0,0,0,0,1,0,0,0,0,0,0,0,0,0,0,0,1,0,0,0,0
2022-11-28,PROD_024,Lotuscrafts Yoga Bolster,Wellness,Cojín Yoga,50,False,7,47.5,332.5,48.38333333333333,1.0334137099552188,0,0,0,0,0,0,0,0,0,0,1,0,0,0,0,0,0,0,0,0,0,0,0,0,0,0,0,1,0,0,0,0,1,0,0,0,0,0,0,0,0,0,0,0
2022-11-29,PROD_001,Nike Air Zoom Pegasus 40,Running,Zapatillas Running,115,True,25,105.8,2645.0,107.925,1.0655547834144081,0,0,0,0,0,0,0,0,0,0,0,0,0,0,1,0,0,0,0,0,0,0,0,0,0,0,1,0,0,0,0,0,0,0,0,0,0,0,0,0,0,0,1,0
2022-11-29,PROD_002,Adidas Ultraboost 23,Running,Zapatillas Running,135,True,33,124.2,4098.6,128.75416666666666,1.048509756965794,0,1,0,0,0,0,0,0,0,0,0,0,0,0,0,0,0,0,0,0,0,0,0,0,0,0,1,0,0,0,0,0,0,0,0,0,0,0,0,0,0,0,1,0
2022-11-29,PROD_003,Asics Gel Nimbus 25,Running,Zapatillas Running,85,False,8,78.2,625.6,82.11666666666666,1.0351126446113255,0,0,1,0,0,0,0,0,0,0,0,0,0,0,0,0,0,0,0,0,0,0,0,0,0,0,1,0,0,0,0,0,0,0,0,0,0,0,0,0,0,0,1,0
2022-11-29,PROD_004,New Balance Fresh Foam X 1080v12,Running,Zapatillas Running,75,False,5,69.0,345.0,73.48333333333333,1.0206396008165117,0,0,0,0,0,0,0,0,0,0,0,0,0,1,0,0,0,0,0,0,0,0,0,0,0,0,1,0,0,0,0,0,0,0,0,0,0,0,0,0,0,0,1,0
2022-11-29,PROD_005,Nike Dri-FIT Miler,Running,Ropa Running,35,False,6,32.2,193.2,33.76333333333333,1.0366275051831377,0,0,0,0,0,0,0,0,0,0,0,0,0,0,0,1,0,0,0,0,0,0,0,0,0,0,1,0,0,0,0,0,0,0,0,0,0,0,0,0,0,1,0,0
2022-11-29,PROD_006,Adidas Own The Run Jacket,Running,Ropa Running,65,False,5,59.8,299.0,63.51666666666667,1.0233534505379165,1,0,0,0,0,0,0,0,0,0,0,0,0,0,0,0,0,0,0,0,0,0,0,0,0,0,1,0,0,0,0,0,0,0,0,0,0,0,0,0,0,1,0,0
2022-11-29,PROD_007,Puma Velocity Nitro 2,Running,Zapatillas Running,70,False,6,64.4,386.4,69.75,1.003584229390681,0,0,0,0,0,0,0,0,0,0,0,0,0,0,0,0,1,0,0,0,0,0,0,0,0,0,1,0,0,0,0,0,0,0,0,0,0,0,0,0,0,0,1,0
2022-11-29,PROD_008,Reebok Floatride Energy 5,Running,Zapatillas Running,65,False,4,59.8,239.2,62.800000000000004,1.0350318471337578,0,0,0,0,0,0,0,0,0,0,0,0,0,0,0,0,0,0,1,0,0,0,0,0,0,0,1,0,0,0,0,0,0,0,0,0,0,0,0,0,0,0,1,0
2022-11-29,PROD_009,Bowflex SelectTech 552,Fitness,Mancuernas Ajustables,400,True,5,380.0,1900.0,396.01666666666665,1.0100584992214132,0,0,0,1,0,0,0,0,0,0,0,0,0,0,0,0,0,0,0,0,0,0,0,0,1,0,0,0,0,0,0,0,0,0,0,1,0,0,0,0,0,0,0,0
2022-11-29,PROD_010,Domyos BM900,Fitness,Banco Gimnasio,175,True,4,166.25,665.0,183.5666666666667,0.9533321227528598,0,0,0,0,0,0,1,0,0,0,0,0,0,0,0,0,0,0,0,0,0,0,0,0,1,0,0,0,1,0,0,0,0,0,0,0,0,0,0,0,0,0,0,0
2022-11-29,PROD_011,Reebok Professional Deck,Fitness,Esterilla Fitness,45,False,9,42.75,384.75,43.42333333333334,1.036309203961004,0,0,0,0,0,0,0,0,0,0,0,0,0,0,0,0,0,0,0,1,0,0,0,0,1,0,0,0,0,0,0,0,0,1,0,0,0,0,0,0,0,0,0,0
2022-11-29,PROD_012,Domyos Kit Mancuernas 20kg,Fitness,Pesas Casa,55,False,8,52.25,418.0,52.61333333333332,1.0453623922959963,0,0,0,0,0,0,0,1,0,0,0,0,0,0,0,0,0,0,0,0,0,0,0,0,1,0,0,0,0,0,0,0,0,0,0,0,0,0,1,0,0,0,0,0
2022-11-29,PROD_013,Decathlon Bandas Elásticas Set,Fitness,Bandas Elásticas,25,False,7,23.75,166.25,24.419999999999998,1.023751023751024,0,0,0,0,0,1,0,0,0,0,0,0,0,0,0,0,0,0,0,0,0,0,0,0,1,0,0,0,0,1,0,0,0,0,0,0,0,0,0,0,0,0,0,0
2022-11-29,PROD_014,Sveltus Kettlebell 12kg,Fitness,Pesa Rusa,40,False,7,38.0,266.0,39.78333333333333,1.0054461667364893,0,0,0,0,0,0,0,0,0,0,0,0,0,0,0,0,0,0,0,0,0,1,0,0,1,0,0,0,0,0,0,0,0,0,0,0,0,1,0,0,0,0,0,0
2022-11-29,PROD_015,Salomon Speedcross 5 GTX,Outdoor,Zapatillas Trail,150,True,11,142.5,1567.5,155.15,0.9668063164679342,0,0,0,0,0,0,0,0,0,0,0,0,0,0,0,0,0,0,0,0,1,0,0,0,0,1,0,0,0,0,0,0,0,0,0,0,0,0,0,0,0,0,0,1
2022-11-29,PROD_016,Trek Marlin 7,Outdoor,Bicicleta Montaña,830,True,6,788.5,4731.0,841.0250000000001,0.986890996105942,0,0,0,0,0,0,0,0,0,0,0,0,0,0,0,0,0,0,0,0,0,0,0,1,0,1,0,0,0,0,1,0,0,0,0,0,0,0,0,0,0,0,0,0
2022-11-29,PROD_017,The North Face Borealis,Outdoor,Mochila Trekking,95,False,5,90.25,451.25,91.86000000000001,1.0341824515567166,0,0,0,0,0,0,0,0,0,0,0,0,0,0,0,0,0,0,0,0,0,0,1,0,0,1,0,0,0,0,0,0,0,0,0,0,1,0,0,0,0,0,0,0
2022-11-29,PROD_018,Columbia Silver Ridge,Outdoor,Ropa Montaña,70,False,5,66.5,332.5,67.49333333333334,1.037139470564994,0,0,0,0,1,0,0,0,0,0,0,0,0,0,0,0,0,0,0,0,0,0,0,0,0,1,0,0,0,0,0,0,0,0,0,0,0,0,0,0,1,0,0,0
2022-11-29,PROD_019,Merrell Moab 2 GTX,Outdoor,Zapatillas Trail,110,False,5,104.5,522.5,106.59333333333335,1.0319594721370942,0,0,0,0,0,0,0,0,0,0,0,0,1,0,0,0,0,0,0,0,0,0,0,0,0,1,0,0,0,0,0,0,0,0,0,0,0,0,0,0,0,0,0,1
2022-11-29,PROD_020,Quechua MH500,Outdoor,Ropa Montaña,80,False,4,76.0,304.0,75.32666666666667,1.06204088857421,0,0,0,0,0,0,0,0,0,0,0,0,0,0,0,0,0,1,0,0,0,0,0,0,0,1,0,0,0,0,0,0,0,0,0,0,0,0,0,0,1,0,0,0
2022-11-29,PROD_021,Manduka PRO Yoga Mat,Wellness,Esterilla Yoga,130,True,16,126.1,2017.6,134.96666666666667,0.9632007903185972,0,0,0,0,0,0,0,0,0,0,0,1,0,0,0,0,0,0,0,0,0,0,0,0,0,0,0,1,0,0,0,0,0,0,1,0,0,0,0,0,0,0,0,0
2022-11-29,PROD_022,Gaiam Premium Yoga Block,Wellness,Bloque Yoga,20,False,3,19.4,58.2,19.43,1.029336078229542,0,0,0,0,0,0,0,0,1,0,0,0,0,0,0,0,0,0,0,0,0,0,0,0,0,0,0,1,0,0,0,1,0,0,0,0,0,0,0,0,0,0,0,0
2022-11-29,PROD_023,Liforme Yoga Pad,Wellness,Rodillera Yoga,35,False,3,33.95,101.85,33.44,1.0466507177033493,0,0,0,0,0,0,0,0,0,1,0,0,0,0,0,0,0,0,0,0,0,0,0,0,0,0,0,1,0,0,0,0,0,0,0,0,0,0,0,1,0,0,0,0
2022-11-29,PROD_024,Lotuscrafts Yoga Bolster,Wellness,Cojín Yoga,50,False,3,48.5,145.5,48.76,1.0254306808859721,0,0,0,0,0,0,0,0,0,0,1,0,0,0,0,0,0,0,0,0,0,0,0,0,0,0,0,1,0,0,0,0,1,0,0,0,0,0,0,0,0,0,0,0
2022-11-30,PROD_001,Nike Air Zoom Pegasus 40,Running,Zapatillas Running,115,True,38,105.8,4020.4,107.25,1.0722610722610724,0,0,0,0,0,0,0,0,0,0,0,0,0,0,1,0,0,0,0,0,0,0,0,0,0,0,1,0,0,0,0,0,0,0,0,0,0,0,0,0,0,0,1,0
2022-11-30,PROD_002,Adidas Ultraboost 23,Running,Zapatillas Running,135,True,22,124.2,2732.4,129.7875,1.0401618029471251,0,1,0,0,0,0,0,0,0,0,0,0,0,0,0,0,0,0,0,0,0,0,0,0,0,0,1,0,0,0,0,0,0,0,0,0,0,0,0,0,0,0,1,0
2022-11-30,PROD_003,Asics Gel Nimbus 25,Running,Zapatillas Running,85,False,7,78.2,547.4,82.71000000000001,1.027687099504292,0,0,1,0,0,0,0,0,0,0,0,0,0,0,0,0,0,0,0,0,0,0,0,0,0,0,1,0,0,0,0,0,0,0,0,0,0,0,0,0,0,0,1,0
2022-11-30,PROD_004,New Balance Fresh Foam X 1080v12,Running,Zapatillas Running,75,False,8,69.0,552.0,72.01333333333334,1.0414738011479356,0,0,0,0,0,0,0,0,0,0,0,0,0,1,0,0,0,0,0,0,0,0,0,0,0,0,1,0,0,0,0,0,0,0,0,0,0,0,0,0,0,0,1,0
2022-11-30,PROD_005,Nike Dri-FIT Miler,Running,Ropa Running,35,False,6,32.2,193.2,34.61333333333334,1.011171032357473,0,0,0,0,0,0,0,0,0,0,0,0,0,0,0,1,0,0,0,0,0,0,0,0,0,0,1,0,0,0,0,0,0,0,0,0,0,0,0,0,0,1,0,0
2022-11-30,PROD_006,Adidas Own The Run Jacket,Running,Ropa Running,65,False,5,59.8,299.0,62.553333333333335,1.0391132899925397,1,0,0,0,0,0,0,0,0,0,0,0,0,0,0,0,0,0,0,0,0,0,0,0,0,0,1,0,0,0,0,0,0,0,0,0,0,0,0,0,0,1,0,0
2022-11-30,PROD_007,Puma Velocity Nitro 2,Running,Zapatillas Running,70,False,5,64.4,322.0,68.51,1.0217486498321413,0,0,0,0,0,0,0,0,0,0,0,0,0,0,0,0,1,0,0,0,0,0,0,0,0,0,1,0,0,0,0,0,0,0,0,0,0,0,0,0,0,0,1,0
2022-11-30,PROD_008,Reebok Floatride Energy 5,Running,Zapatillas Running,65,False,5,59.8,299.0,64.91,1.0013865352025884,0,0,0,0,0,0,0,0,0,0,0,0,0,0,0,0,0,0,1,0,0,0,0,0,0,0,1,0,0,0,0,0,0,0,0,0,0,0,0,0,0,0,1,0
2022-11-30,PROD_009,Bowflex SelectTech 552,Fitness,Mancuernas Ajustables,400,True,5,380.0,1900.0,391.5166666666667,1.0216678728023498,0,0,0,1,0,0,0,0,0,0,0,0,0,0,0,0,0,0,0,0,0,0,0,0,1,0,0,0,0,0,0,0,0,0,0,1,0,0,0,0,0,0,0,0
2022-11-30,PROD_010,Domyos BM900,Fitness,Banco Gimnasio,175,True,4,166.25,665.0,183.48749999999998,0.9537434430138294,0,0,0,0,0,0,1,0,0,0,0,0,0,0,0,0,0,0,0,0,0,0,0,0,1,0,0,0,1,0,0,0,0,0,0,0,0,0,0,0,0,0,0,0
2022-11-30,PROD_011,Reebok Professional Deck,Fitness,Esterilla Fitness,45,False,9,42.75,384.75,44.50333333333333,1.0111602127181485,0,0,0,0,0,0,0,0,0,0,0,0,0,0,0,0,0,0,0,1,0,0,0,0,1,0,0,0,0,0,0,0,0,1,0,0,0,0,0,0,0,0,0,0
2022-11-30,PROD_012,Domyos Kit Mancuernas 20kg,Fitness,Pesas Casa,55,False,7,52.25,365.75,53.18666666666667,1.0340937578340437,0,0,0,0,0,0,0,1,0,0,0,0,0,0,0,0,0,0,0,0,0,0,0,0,1,0,0,0,0,0,0,0,0,0,0,0,0,0,1,0,0,0,0,0
2022-11-30,PROD_013,Decathlon Bandas Elásticas Set,Fitness,Bandas Elásticas,25,False,6,23.75,142.5,24.016666666666666,1.040943789035392,0,0,0,0,0,1,0,0,0,0,0,0,0,0,0,0,0,0,0,0,0,0,0,0,1,0,0,0,0,1,0,0,0,0,0,0,0,0,0,0,0,0,0,0
2022-11-30,PROD_014,Sveltus Kettlebell 12kg,Fitness,Pesa Rusa,40,False,7,38.0,266.0,38.593333333333334,1.0364484366902746,0,0,0,0,0,0,0,0,0,0,0,0,0,0,0,0,0,0,0,0,0,1,0,0,1,0,0,0,0,0,0,0,0,0,0,0,0,1,0,0,0,0,0,0
2022-11-30,PROD_015,Salomon Speedcross 5 GTX,Outdoor,Zapatillas Trail,150,True,9,142.5,1282.5,154.77083333333334,0.9691748552968097,0,0,0,0,0,0,0,0,0,0,0,0,0,0,0,0,0,0,0,0,1,0,0,0,0,1,0,0,0,0,0,0,0,0,0,0,0,0,0,0,0,0,0,1
2022-11-30,PROD_016,Trek Marlin 7,Outdoor,Bicicleta Montaña,830,True,6,788.5,4731.0,832.5916666666667,0.9968872296343746,0,0,0,0,0,0,0,0,0,0,0,0,0,0,0,0,0,0,0,0,0,0,0,1,0,1,0,0,0,0,1,0,0,0,0,0,0,0,0,0,0,0,0,0
2022-11-30,PROD_017,The North Face Borealis,Outdoor,Mochila Trekking,95,False,6,90.25,541.5,93.72333333333331,1.013621652381122,0,0,0,0,0,0,0,0,0,0,0,0,0,0,0,0,0,0,0,0,0,0,1,0,0,1,0,0,0,0,0,0,0,0,0,0,1,0,0,0,0,0,0,0
2022-11-30,PROD_018,Columbia Silver Ridge,Outdoor,Ropa Montaña,70,False,5,66.5,332.5,67.76333333333334,1.0330070342859954,0,0,0,0,1,0,0,0,0,0,0,0,0,0,0,0,0,0,0,0,0,0,0,0,0,1,0,0,0,0,0,0,0,0,0,0,0,0,0,0,1,0,0,0
2022-11-30,PROD_019,Merrell Moab 2 GTX,Outdoor,Zapatillas Trail,110,False,6,104.5,627.0,111.98,0.9823182711198428,0,0,0,0,0,0,0,0,0,0,0,0,1,0,0,0,0,0,0,0,0,0,0,0,0,1,0,0,0,0,0,0,0,0,0,0,0,0,0,0,0,0,0,1
2022-11-30,PROD_020,Quechua MH500,Outdoor,Ropa Montaña,80,False,4,76.0,304.0,78.7,1.0165184243964422,0,0,0,0,0,0,0,0,0,0,0,0,0,0,0,0,0,1,0,0,0,0,0,0,0,1,0,0,0,0,0,0,0,0,0,0,0,0,0,0,1,0,0,0
2022-11-30,PROD_021,Manduka PRO Yoga Mat,Wellness,Esterilla Yoga,130,True,13,126.1,1639.3,133.3375,0.9749695322021187,0,0,0,0,0,0,0,0,0,0,0,1,0,0,0,0,0,0,0,0,0,0,0,0,0,0,0,1,0,0,0,0,0,0,1,0,0,0,0,0,0,0,0,0
2022-11-30,PROD_022,Gaiam Premium Yoga Block,Wellness,Bloque Yoga,20,False,3,19.4,58.2,18.85666666666667,1.0606328442637438,0,0,0,0,0,0,0,0,1,0,0,0,0,0,0,0,0,0,0,0,0,0,0,0,0,0,0,1,0,0,0,1,0,0,0,0,0,0,0,0,0,0,0,0
2022-11-30,PROD_023,Liforme Yoga Pad,Wellness,Rodillera Yoga,35,False,4,33.95,135.8,34.38666666666666,1.0178363706863127,0,0,0,0,0,0,0,0,0,1,0,0,0,0,0,0,0,0,0,0,0,0,0,0,0,0,0,1,0,0,0,0,0,0,0,0,0,0,0,1,0,0,0,0
2022-11-30,PROD_024,Lotuscrafts Yoga Bolster,Wellness,Cojín Yoga,50,False,3,48.5,145.5,50.31,0.9938382031405287,0,0,0,0,0,0,0,0,0,0,1,0,0,0,0,0,0,0,0,0,0,0,0,0,0,0,0,1,0,0,0,0,1,0,0,0,0,0,0,0,0,0,0,0
2023-10-25,PROD_001,Nike Air Zoom Pegasus 40,Running,Zapatillas Running,115,True,11,111.86,1230.46,102.01333333333334,1.1273036204417723,0,0,0,0,0,0,0,0,0,0,0,0,0,0,1,0,0,0,0,0,0,0,0,0,0,0,1,0,0,0,0,0,0,0,0,0,0,0,0,0,0,0,1,0
2023-10-25,PROD_002,Adidas Ultraboost 23,Running,Zapatillas Running,135,True,14,134.55,1883.7,121.49666666666667,1.11114159510549,0,1,0,0,0,0,0,0,0,0,0,0,0,0,0,0,0,0,0,0,0,0,0,0,0,0,1,0,0,0,0,0,0,0,0,0,0,0,0,0,0,0,1,0
2023-10-25,PROD_003,Asics Gel Nimbus 25,Running,Zapatillas Running,85,False,3,85.48,256.44,80.56,1.0551142005958292,0,0,1,0,0,0,0,0,0,0,0,0,0,0,0,0,0,0,0,0,0,0,0,0,0,0,1,0,0,0,0,0,0,0,0,0,0,0,0,0,0,0,1,0
2023-10-25,PROD_004,New Balance Fresh Foam X 1080v12,Running,Zapatillas Running,75,False,3,73.92,221.76,72.06666666666666,1.0407030527289547,0,0,0,0,0,0,0,0,0,0,0,0,0,1,0,0,0,0,0,0,0,0,0,0,0,0,1,0,0,0,0,0,0,0,0,0,0,0,0,0,0,0,1,0
2023-10-25,PROD_005,Nike Dri-FIT Miler,Running,Ropa Running,35,False,2,35.65,71.3,33.449999999999996,1.0463378176382663,0,0,0,0,0,0,0,0,0,0,0,0,0,0,0,1,0,0,0,0,0,0,0,0,0,0,1,0,0,0,0,0,0,0,0,0,0,0,0,0,0,1,0,0
2023-10-25,PROD_006,Adidas Own The Run Jacket,Running,Ropa Running,65,False,2,63.12,126.24,63.30666666666667,1.0267481044650377,1,0,0,0,0,0,0,0,0,0,0,0,0,0,0,0,0,0,0,0,0,0,0,0,0,0,1,0,0,0,0,0,0,0,0,0,0,0,0,0,0,1,0,0
2023-10-25,PROD_007,Puma Velocity Nitro 2,Running,Zapatillas Running,70,False,2,71.68,143.36,68.65333333333335,1.0196154593124875,0,0,0,0,0,0,0,0,0,0,0,0,0,0,0,0,1,0,0,0,0,0,0,0,0,0,1,0,0,0,0,0,0,0,0,0,0,0,0,0,0,0,1,0
2023-10-25,PROD_008,Reebok Floatride Energy 5,Running,Zapatillas Running,65,False,2,63.9,127.8,63.75333333333333,1.0195545330963087,0,0,0,0,0,0,0,0,0,0,0,0,0,0,0,0,0,0,1,0,0,0,0,0,0,0,1,0,0,0,0,0,0,0,0,0,0,0,0,0,0,0,1,0
2023-10-25,PROD_009,Bowflex SelectTech 552,Fitness,Mancuernas Ajustables,400,True,2,408.67,817.34,370.5333333333333,1.0795250089960418,0,0,0,1,0,0,0,0,0,0,0,0,0,0,0,0,0,0,0,0,0,0,0,0,1,0,0,0,0,0,0,0,0,0,0,1,0,0,0,0,0,0,0,0
2023-10-25,PROD_010,Domyos BM900,Fitness,Banco Gimnasio,175,True,2,179.97,359.94,173.74666666666667,1.0072135676463816,0,0,0,0,0,0,1,0,0,0,0,0,0,0,0,0,0,0,0,0,0,0,0,0,1,0,0,0,1,0,0,0,0,0,0,0,0,0,0,0,0,0,0,0
2023-10-25,PROD_011,Reebok Professional Deck,Fitness,Esterilla Fitness,45,False,3,44.27,132.81,42.20666666666667,1.0661822776812508,0,0,0,0,0,0,0,0,0,0,0,0,0,0,0,0,0,0,0,1,0,0,0,0,1,0,0,0,0,0,0,0,0,1,0,0,0,0,0,0,0,0,0,0
2023-10-25,PROD_012,Domyos Kit Mancuernas 20kg,Fitness,Pesas Casa,55,False,3,55.7,167.1,54.876666666666665,1.0022474640102048,0,0,0,0,0,0,0,1,0,0,0,0,0,0,0,0,0,0,0,0,0,0,0,0,1,0,0,0,0,0,0,0,0,0,0,0,0,0,1,0,0,0,0,0
2023-10-25,PROD_013,Decathlon Bandas Elásticas Set,Fitness,Bandas Elásticas,25,False,2,25.57,51.14,24.623333333333335,1.0152971436307026,0,0,0,0,0,1,0,0,0,0,0,0,0,0,0,0,0,0,0,0,0,0,0,0,1,0,0,0,0,1,0,0,0,0,0,0,0,0,0,0,0,0,0,0
2023-10-25,PROD_014,Sveltus Kettlebell 12kg,Fitness,Pesa Rusa,40,False,3,39.66,118.98,38.78,1.0314595152140278,0,0,0,0,0,0,0,0,0,0,0,0,0,0,0,0,0,0,0,0,0,1,0,0,1,0,0,0,0,0,0,0,0,0,0,0,0,1,0,0,0,0,0,0
2023-10-25,PROD_015,Salomon Speedcross 5 GTX,Outdoor,Zapatillas Trail,150,True,4,153.12,612.48,147.36333333333334,1.0178922843764844,0,0,0,0,0,0,0,0,0,0,0,0,0,0,0,0,0,0,0,0,1,0,0,0,0,1,0,0,0,0,0,0,0,0,0,0,0,0,0,0,0,0,0,1
2023-10-25,PROD_016,Trek Marlin 7,Outdoor,Bicicleta Montaña,830,True,3,853.11,2559.33,797.2333333333332,1.0411004724672828,0,0,0,0,0,0,0,0,0,0,0,0,0,0,0,0,0,0,0,0,0,0,0,1,0,1,0,0,0,0,1,0,0,0,0,0,0,0,0,0,0,0,0,0
2023-10-25,PROD_017,The North Face Borealis,Outdoor,Mochila Trekking,95,False,3,93.86,281.58,94.10333333333334,1.0095285324643122,0,0,0,0,0,0,0,0,0,0,0,0,0,0,0,0,0,0,0,0,0,0,1,0,0,1,0,0,0,0,0,0,0,0,0,0,1,0,0,0,0,0,0,0
2023-10-25,PROD_018,Columbia Silver Ridge,Outdoor,Ropa Montaña,70,False,2,68.59,137.18,69.41666666666667,1.0084033613445378,0,0,0,0,1,0,0,0,0,0,0,0,0,0,0,0,0,0,0,0,0,0,0,0,0,1,0,0,0,0,0,0,0,0,0,0,0,0,0,0,1,0,0,0
2023-10-25,PROD_019,Merrell Moab 2 GTX,Outdoor,Zapatillas Trail,110,False,2,107.05,214.1,107.42666666666666,1.023954325431302,0,0,0,0,0,0,0,0,0,0,0,0,1,0,0,0,0,0,0,0,0,0,0,0,0,1,0,0,0,0,0,0,0,0,0,0,0,0,0,0,0,0,0,1
2023-10-25,PROD_020,Quechua MH500,Outdoor,Ropa Montaña,80,False,2,80.34,160.68,77.87333333333333,1.0273093057101275,0,0,0,0,0,0,0,0,0,0,0,0,0,0,0,0,0,1,0,0,0,0,0,0,0,1,0,0,0,0,0,0,0,0,0,0,0,0,0,0,1,0,0,0
2023-10-25,PROD_021,Manduka PRO Yoga Mat,Wellness,Esterilla Yoga,130,True,5,130.43,652.15,126.89666666666666,1.024455593790223,0,0,0,0,0,0,0,0,0,0,0,1,0,0,0,0,0,0,0,0,0,0,0,0,0,0,0,1,0,0,0,0,0,0,1,0,0,0,0,0,0,0,0,0
2023-10-25,PROD_022,Gaiam Premium Yoga Block,Wellness,Bloque Yoga,20,False,1,20.14,20.14,19.05,1.0498687664041995,0,0,0,0,0,0,0,0,1,0,0,0,0,0,0,0,0,0,0,0,0,0,0,0,0,0,0,1,0,0,0,1,0,0,0,0,0,0,0,0,0,0,0,0
2023-10-25,PROD_023,Liforme Yoga Pad,Wellness,Rodillera Yoga,35,False,1,34.94,34.94,34.699999999999996,1.0086455331412105,0,0,0,0,0,0,0,0,0,1,0,0,0,0,0,0,0,0,0,0,0,0,0,0,0,0,0,1,0,0,0,0,0,0,0,0,0,0,0,1,0,0,0,0
2023-10-25,PROD_024,Lotuscrafts Yoga Bolster,Wellness,Cojín Yoga,50,False,1,51.33,51.33,48.81,1.0243802499487809,0,0,0,0,0,0,0,0,0,0,1,0,0,0,0,0,0,0,0,0,0,0,0,0,0,0,0,1,0,0,0,0,1,0,0,0,0,0,0,0,0,0,0,0
2023-10-26,PROD_001,Nike Air Zoom Pegasus 40,Running,Zapatillas Running,115,True,10,113.99,1139.9,101.91666666666667,1.1283728536385935,0,0,0,0,0,0,0,0,0,0,0,0,0,0,1,0,0,0,0,0,0,0,0,0,0,0,1,0,0,0,0,0,0,0,0,0,0,0,0,0,0,0,1,0
2023-10-26,PROD_002,Adidas Ultraboost 23,Running,Zapatillas Running,135,True,13,133.99,1741.87,120.86666666666667,1.1169332597904025,0,1,0,0,0,0,0,0,0,0,0,0,0,0,0,0,0,0,0,0,0,0,0,0,0,0,1,0,0,0,0,0,0,0,0,0,0,0,0,0,0,0,1,0
2023-10-26,PROD_003,Asics Gel Nimbus 25,Running,Zapatillas Running,85,False,2,86.39,172.78,80.10000000000001,1.0611735330836454,0,0,1,0,0,0,0,0,0,0,0,0,0,0,0,0,0,0,0,0,0,0,0,0,0,0,1,0,0,0,0,0,0,0,0,0,0,0,0,0,0,0,1,0
2023-10-26,PROD_004,New Balance Fresh Foam X 1080v12,Running,Zapatillas Running,75,False,3,75.61,226.83,71.53,1.0485111142178107,0,0,0,0,0,0,0,0,0,0,0,0,0,1,0,0,0,0,0,0,0,0,0,0,0,0,1,0,0,0,0,0,0,0,0,0,0,0,0,0,0,0,1,0
2023-10-26,PROD_005,Nike Dri-FIT Miler,Running,Ropa Running,35,False,2,35.49,70.98,33.46,1.0460251046025104,0,0,0,0,0,0,0,0,0,0,0,0,0,0,0,1,0,0,0,0,0,0,0,0,0,0,1,0,0,0,0,0,0,0,0,0,0,0,0,0,0,1,0,0
2023-10-26,PROD_006,Adidas Own The Run Jacket,Running,Ropa Running,65,False,2,64.72,129.44,61.26666666666667,1.060935799782372,1,0,0,0,0,0,0,0,0,0,0,0,0,0,0,0,0,0,0,0,0,0,0,0,0,0,1,0,0,0,0,0,0,0,0,0,0,0,0,0,0,1,0,0
2023-10-26,PROD_007,Puma Velocity Nitro 2,Running,Zapatillas Running,70,False,2,71.28,142.56,66.22000000000001,1.0570824524312894,0,0,0,0,0,0,0,0,0,0,0,0,0,0,0,0,1,0,0,0,0,0,0,0,0,0,1,0,0,0,0,0,0,0,0,0,0,0,0,0,0,0,1,0
2023-10-26,PROD_008,Reebok Floatride Energy 5,Running,Zapatillas Running,65,False,2,64.41,128.82,63.90666666666667,1.0171082829125808,0,0,0,0,0,0,0,0,0,0,0,0,0,0,0,0,0,0,1,0,0,0,0,0,0,0,1,0,0,0,0,0,0,0,0,0,0,0,0,0,0,0,1,0
2023-10-26,PROD_009,Bowflex SelectTech 552,Fitness,Mancuernas Ajustables,400,True,2,411.07,822.14,372.80333333333334,1.0729517797587647,0,0,0,1,0,0,0,0,0,0,0,0,0,0,0,0,0,0,0,0,0,0,0,0,1,0,0,0,0,0,0,0,0,0,0,1,0,0,0,0,0,0,0,0
2023-10-26,PROD_010,Domyos BM900,Fitness,Banco Gimnasio,175,True,2,177.78,355.56,173.08,1.0110931361220243,0,0,0,0,0,0,1,0,0,0,0,0,0,0,0,0,0,0,0,0,0,0,0,0,1,0,0,0,1,0,0,0,0,0,0,0,0,0,0,0,0,0,0,0
2023-10-26,PROD_011,Reebok Professional Deck,Fitness,Esterilla Fitness,45,False,3,45.98,137.94,44.06666666666666,1.021180030257186,0,0,0,0,0,0,0,0,0,0,0,0,0,0,0,0,0,0,0,1,0,0,0,0,1,0,0,0,0,0,0,0,0,1,0,0,0,0,0,0,0,0,0,0
2023-10-26,PROD_012,Domyos Kit Mancuernas 20kg,Fitness,Pesas Casa,55,False,3,55.36,166.08,52.78666666666667,1.0419297802475371,0,0,0,0,0,0,0,1,0,0,0,0,0,0,0,0,0,0,0,0,0,0,0,0,1,0,0,0,0,0,0,0,0,0,0,0,0,0,1,0,0,0,0,0
2023-10-26,PROD_013,Decathlon Bandas Elásticas Set,Fitness,Bandas Elásticas,25,False,3,25.54,76.62,24.776666666666667,1.0090138571236378,0,0,0,0,0,1,0,0,0,0,0,0,0,0,0,0,0,0,0,0,0,0,0,0,1,0,0,0,0,1,0,0,0,0,0,0,0,0,0,0,0,0,0,0
2023-10-26,PROD_014,Sveltus Kettlebell 12kg,Fitness,Pesa Rusa,40,False,3,40.18,120.54,40.10333333333333,0.9974233230820381,0,0,0,0,0,0,0,0,0,0,0,0,0,0,0,0,0,0,0,0,0,1,0,0,1,0,0,0,0,0,0,0,0,0,0,0,0,1,0,0,0,0,0,0
2023-10-26,PROD_015,Salomon Speedcross 5 GTX,Outdoor,Zapatillas Trail,150,True,4,154.13,616.52,148.52666666666667,1.0099196552807577,0,0,0,0,0,0,0,0,0,0,0,0,0,0,0,0,0,0,0,0,1,0,0,0,0,1,0,0,0,0,0,0,0,0,0,0,0,0,0,0,0,0,0,1
2023-10-26,PROD_016,Trek Marlin 7,Outdoor,Bicicleta Montaña,830,True,3,821.2,2463.6,800.8066666666667,1.0364549079677992,0,0,0,0,0,0,0,0,0,0,0,0,0,0,0,0,0,0,0,0,0,0,0,1,0,1,0,0,0,0,1,0,0,0,0,0,0,0,0,0,0,0,0,0
2023-10-26,PROD_017,The North Face Borealis,Outdoor,Mochila Trekking,95,False,2,93.51,187.02,88.95,1.0680157391793141,0,0,0,0,0,0,0,0,0,0,0,0,0,0,0,0,0,0,0,0,0,0,1,0,0,1,0,0,0,0,0,0,0,0,0,0,1,0,0,0,0,0,0,0
2023-10-26,PROD_018,Columbia Silver Ridge,Outdoor,Ropa Montaña,70,False,2,68.62,137.24,66.94,1.0457125784284433,0,0,0,0,1,0,0,0,0,0,0,0,0,0,0,0,0,0,0,0,0,0,0,0,0,1,0,0,0,0,0,0,0,0,0,0,0,0,0,0,1,0,0,0
2023-10-26,PROD_019,Merrell Moab 2 GTX,Outdoor,Zapatillas Trail,110,False,2,109.39,218.78,104.13333333333333,1.0563380281690142,0,0,0,0,0,0,0,0,0,0,0,0,1,0,0,0,0,0,0,0,0,0,0,0,0,1,0,0,0,0,0,0,0,0,0,0,0,0,0,0,0,0,0,1
2023-10-26,PROD_020,Quechua MH500,Outdoor,Ropa Montaña,80,False,2,78.12,156.24,79.33999999999999,1.0083186286866652,0,0,0,0,0,0,0,0,0,0,0,0,0,0,0,0,0,1,0,0,0,0,0,0,0,1,0,0,0,0,0,0,0,0,0,0,0,0,0,0,1,0,0,0
2023-10-26,PROD_021,Manduka PRO Yoga Mat,Wellness,Esterilla Yoga,130,True,6,128.91,773.46,127.04333333333334,1.0232728990108362,0,0,0,0,0,0,0,0,0,0,0,1,0,0,0,0,0,0,0,0,0,0,0,0,0,0,0,1,0,0,0,0,0,0,1,0,0,0,0,0,0,0,0,0
2023-10-26,PROD_022,Gaiam Premium Yoga Block,Wellness,Bloque Yoga,20,False,2,20.1,40.2,20.163333333333334,0.9918994875185981,0,0,0,0,0,0,0,0,1,0,0,0,0,0,0,0,0,0,0,0,0,0,0,0,0,0,0,1,0,0,0,1,0,0,0,0,0,0,0,0,0,0,0,0
2023-10-26,PROD_023,Liforme Yoga Pad,Wellness,Rodillera Yoga,35,False,1,34.29,34.29,33.14,1.056125528062764,0,0,0,0,0,0,0,0,0,1,0,0,0,0,0,0,0,0,0,0,0,0,0,0,0,0,0,1,0,0,0,0,0,0,0,0,0,0,0,1,0,0,0,0
2023-10-26,PROD_024,Lotuscrafts Yoga Bolster,Wellness,Cojín Yoga,50,False,1,51.13,51.13,48.20333333333334,1.0372726644077173,0,0,0,0,0,0,0,0,0,0,1,0,0,0,0,0,0,0,0,0,0,0,0,0,0,0,0,1,0,0,0,0,1,0,0,0,0,0,0,0,0,0,0,0
2023-10-27,PROD_001,Nike Air Zoom Pegasus 40,Running,Zapatillas Running,115,True,14,116.43,1630.02,101.19333333333334,1.1364385005599842,0,0,0,0,0,0,0,0,0,0,0,0,0,0,1,0,0,0,0,0,0,0,0,0,0,0,1,0,0,0,0,0,0,0,0,0,0,0,0,0,0,0,1,0
2023-10-27,PROD_002,Adidas Ultraboost 23,Running,Zapatillas Running,135,True,16,131.81,2108.96,122.33666666666666,1.1035121658810387,0,1,0,0,0,0,0,0,0,0,0,0,0,0,0,0,0,0,0,0,0,0,0,0,0,0,1,0,0,0,0,0,0,0,0,0,0,0,0,0,0,0,1,0
2023-10-27,PROD_003,Asics Gel Nimbus 25,Running,Zapatillas Running,85,False,3,87.34,262.02,80.09333333333333,1.0612618611619777,0,0,1,0,0,0,0,0,0,0,0,0,0,0,0,0,0,0,0,0,0,0,0,0,0,0,1,0,0,0,0,0,0,0,0,0,0,0,0,0,0,0,1,0
2023-10-27,PROD_004,New Balance Fresh Foam X 1080v12,Running,Zapatillas Running,75,False,3,76.37,229.11,71.30666666666667,1.0517950635751683,0,0,0,0,0,0,0,0,0,0,0,0,0,1,0,0,0,0,0,0,0,0,0,0,0,0,1,0,0,0,0,0,0,0,0,0,0,0,0,0,0,0,1,0
2023-10-27,PROD_005,Nike Dri-FIT Miler,Running,Ropa Running,35,False,2,34.81,69.62,34.666666666666664,1.0096153846153846,0,0,0,0,0,0,0,0,0,0,0,0,0,0,0,1,0,0,0,0,0,0,0,0,0,0,1,0,0,0,0,0,0,0,0,0,0,0,0,0,0,1,0,0
2023-10-27,PROD_006,Adidas Own The Run Jacket,Running,Ropa Running,65,False,3,65.15,195.45,64.39333333333333,1.009421265141319,1,0,0,0,0,0,0,0,0,0,0,0,0,0,0,0,0,0,0,0,0,0,0,0,0,0,1,0,0,0,0,0,0,0,0,0,0,0,0,0,0,1,0,0
2023-10-27,PROD_007,Puma Velocity Nitro 2,Running,Zapatillas Running,70,False,2,68.43,136.86,68.86333333333334,1.016506123239266,0,0,0,0,0,0,0,0,0,0,0,0,0,0,0,0,1,0,0,0,0,0,0,0,0,0,1,0,0,0,0,0,0,0,0,0,0,0,0,0,0,0,1,0
2023-10-27,PROD_008,Reebok Floatride Energy 5,Running,Zapatillas Running,65,False,2,64.81,129.62,61.410000000000004,1.058459534277805,0,0,0,0,0,0,0,0,0,0,0,0,0,0,0,0,0,0,1,0,0,0,0,0,0,0,1,0,0,0,0,0,0,0,0,0,0,0,0,0,0,0,1,0
2023-10-27,PROD_009,Bowflex SelectTech 552,Fitness,Mancuernas Ajustables,400,True,2,404.03,808.06,376.48333333333335,1.0624640311656115,0,0,0,1,0,0,0,0,0,0,0,0,0,0,0,0,0,0,0,0,0,0,0,0,1,0,0,0,0,0,0,0,0,0,0,1,0,0,0,0,0,0,0,0
2023-10-27,PROD_010,Domyos BM900,Fitness,Banco Gimnasio,175,True,2,178.61,357.22,173.33333333333334,1.0096153846153846,0,0,0,0,0,0,1,0,0,0,0,0,0,0,0,0,0,0,0,0,0,0,0,0,1,0,0,0,1,0,0,0,0,0,0,0,0,0,0,0,0,0,0,0
2023-10-27,PROD_011,Reebok Professional Deck,Fitness,Esterilla Fitness,45,False,4,45.03,180.12,42.77,1.0521393500116905,0,0,0,0,0,0,0,0,0,0,0,0,0,0,0,0,0,0,0,1,0,0,0,0,1,0,0,0,0,0,0,0,0,1,0,0,0,0,0,0,0,0,0,0
2023-10-27,PROD_012,Domyos Kit Mancuernas 20kg,Fitness,Pesas Casa,55,False,4,55.03,220.12,54.35666666666666,1.011835408106948,0,0,0,0,0,0,0,1,0,0,0,0,0,0,0,0,0,0,0,0,0,0,0,0,1,0,0,0,0,0,0,0,0,0,0,0,0,0,1,0,0,0,0,0
2023-10-27,PROD_013,Decathlon Bandas Elásticas Set,Fitness,Bandas Elásticas,25,False,3,24.72,74.16,24.900000000000002,1.004016064257028,0,0,0,0,0,1,0,0,0,0,0,0,0,0,0,0,0,0,0,0,0,0,0,0,1,0,0,0,0,1,0,0,0,0,0,0,0,0,0,0,0,0,0,0
2023-10-27,PROD_014,Sveltus Kettlebell 12kg,Fitness,Pesa Rusa,40,False,3,40.67,122.01,38.99666666666666,1.025728694760236,0,0,0,0,0,0,0,0,0,0,0,0,0,0,0,0,0,0,0,0,0,1,0,0,1,0,0,0,0,0,0,0,0,0,0,0,0,1,0,0,0,0,0,0
2023-10-27,PROD_015,Salomon Speedcross 5 GTX,Outdoor,Zapatillas Trail,150,True,4,154.41,617.64,147.55666666666667,1.0165586102514288,0,0,0,0,0,0,0,0,0,0,0,0,0,0,0,0,0,0,0,0,1,0,0,0,0,1,0,0,0,0,0,0,0,0,0,0,0,0,0,0,0,0,0,1
2023-10-27,PROD_016,Trek Marlin 7,Outdoor,Bicicleta Montaña,830,True,4,811.34,3245.36,797.69,1.0405044566184858,0,0,0,0,0,0,0,0,0,0,0,0,0,0,0,0,0,0,0,0,0,0,0,1,0,1,0,0,0,0,1,0,0,0,0,0,0,0,0,0,0,0,0,0
2023-10-27,PROD_017,The North Face Borealis,Outdoor,Mochila Trekking,95,False,2,97.58,195.16,90.64333333333333,1.048063839958813,0,0,0,0,0,0,0,0,0,0,0,0,0,0,0,0,0,0,0,0,0,0,1,0,0,1,0,0,0,0,0,0,0,0,0,0,1,0,0,0,0,0,0,0
2023-10-27,PROD_018,Columbia Silver Ridge,Outdoor,Ropa Montaña,70,False,2,69.18,138.36,66.15666666666668,1.0580944223308306,0,0,0,0,1,0,0,0,0,0,0,0,0,0,0,0,0,0,0,0,0,0,0,0,0,1,0,0,0,0,0,0,0,0,0,0,0,0,0,0,1,0,0,0
2023-10-27,PROD_019,Merrell Moab 2 GTX,Outdoor,Zapatillas Trail,110,False,2,110.95,221.9,106.53333333333332,1.0325406758448061,0,0,0,0,0,0,0,0,0,0,0,0,1,0,0,0,0,0,0,0,0,0,0,0,0,1,0,0,0,0,0,0,0,0,0,0,0,0,0,0,0,0,0,1
2023-10-27,PROD_020,Quechua MH500,Outdoor,Ropa Montaña,80,False,2,81.28,162.56,77.03333333333335,1.0385114668974469,0,0,0,0,0,0,0,0,0,0,0,0,0,0,0,0,0,1,0,0,0,0,0,0,0,1,0,0,0,0,0,0,0,0,0,0,0,0,0,0,1,0,0,0
2023-10-27,PROD_021,Manduka PRO Yoga Mat,Wellness,Esterilla Yoga,130,True,6,130.31,781.86,126.96999999999998,1.0238639048594158,0,0,0,0,0,0,0,0,0,0,0,1,0,0,0,0,0,0,0,0,0,0,0,0,0,0,0,1,0,0,0,0,0,0,1,0,0,0,0,0,0,0,0,0
2023-10-27,PROD_022,Gaiam Premium Yoga Block,Wellness,Bloque Yoga,20,False,2,20.42,40.84,19.51666666666667,1.0247651579846284,0,0,0,0,0,0,0,0,1,0,0,0,0,0,0,0,0,0,0,0,0,0,0,0,0,0,0,1,0,0,0,1,0,0,0,0,0,0,0,0,0,0,0,0
2023-10-27,PROD_023,Liforme Yoga Pad,Wellness,Rodillera Yoga,35,False,1,35.72,35.72,34.07,1.0272967420017611,0,0,0,0,0,0,0,0,0,1,0,0,0,0,0,0,0,0,0,0,0,0,0,0,0,0,0,1,0,0,0,0,0,0,0,0,0,0,0,1,0,0,0,0
2023-10-27,PROD_024,Lotuscrafts Yoga Bolster,Wellness,Cojín Yoga,50,False,2,49.97,99.94,48.666666666666664,1.0273972602739727,0,0,0,0,0,0,0,0,0,0,1,0,0,0,0,0,0,0,0,0,0,0,0,0,0,0,0,1,0,0,0,0,1,0,0,0,0,0,0,0,0,0,0,0
2023-10-28,PROD_001,Nike Air Zoom Pegasus 40,Running,Zapatillas Running,115,True,14,114.72,1606.08,102.08666666666666,1.126493828772938,0,0,0,0,0,0,0,0,0,0,0,0,0,0,1,0,0,0,0,0,0,0,0,0,0,0,1,0,0,0,0,0,0,0,0,0,0,0,0,0,0,0,1,0
2023-10-28,PROD_002,Adidas Ultraboost 23,Running,Zapatillas Running,135,True,18,134.7,2424.6,121.77,1.1086474501108647,0,1,0,0,0,0,0,0,0,0,0,0,0,0,0,0,0,0,0,0,0,0,0,0,0,0,1,0,0,0,0,0,0,0,0,0,0,0,0,0,0,0,1,0
2023-10-28,PROD_003,Asics Gel Nimbus 25,Running,Zapatillas Running,85,False,4,83.47,333.88,83.62,1.0165032288926095,0,0,1,0,0,0,0,0,0,0,0,0,0,0,0,0,0,0,0,0,0,0,0,0,0,0,1,0,0,0,0,0,0,0,0,0,0,0,0,0,0,0,1,0
2023-10-28,PROD_004,New Balance Fresh Foam X 1080v12,Running,Zapatillas Running,75,False,3,73.28,219.84,73.07666666666667,1.0263193905943528,0,0,0,0,0,0,0,0,0,0,0,0,0,1,0,0,0,0,0,0,0,0,0,0,0,0,1,0,0,0,0,0,0,0,0,0,0,0,0,0,0,0,1,0
2023-10-28,PROD_005,Nike Dri-FIT Miler,Running,Ropa Running,35,False,3,34.34,103.02,35.25,0.9929078014184397,0,0,0,0,0,0,0,0,0,0,0,0,0,0,0,1,0,0,0,0,0,0,0,0,0,0,1,0,0,0,0,0,0,0,0,0,0,0,0,0,0,1,0,0
2023-10-28,PROD_006,Adidas Own The Run Jacket,Running,Ropa Running,65,False,3,63.55,190.65,63.29666666666666,1.0269103164990259,1,0,0,0,0,0,0,0,0,0,0,0,0,0,0,0,0,0,0,0,0,0,0,0,0,0,1,0,0,0,0,0,0,0,0,0,0,0,0,0,0,1,0,0
2023-10-28,PROD_007,Puma Velocity Nitro 2,Running,Zapatillas Running,70,False,2,71.53,143.06,70.94,0.9867493656611221,0,0,0,0,0,0,0,0,0,0,0,0,0,0,0,0,1,0,0,0,0,0,0,0,0,0,1,0,0,0,0,0,0,0,0,0,0,0,0,0,0,0,1,0
2023-10-28,PROD_008,Reebok Floatride Energy 5,Running,Zapatillas Running,65,False,3,64.41,193.23,62.77333333333333,1.0354715378079864,0,0,0,0,0,0,0,0,0,0,0,0,0,0,0,0,0,0,1,0,0,0,0,0,0,0,1,0,0,0,0,0,0,0,0,0,0,0,0,0,0,0,1,0
2023-10-28,PROD_009,Bowflex SelectTech 552,Fitness,Mancuernas Ajustables,400,True,2,410.48,820.96,370.2166666666667,1.0804483860802232,0,0,0,1,0,0,0,0,0,0,0,0,0,0,0,0,0,0,0,0,0,0,0,0,1,0,0,0,0,0,0,0,0,0,0,1,0,0,0,0,0,0,0,0
2023-10-28,PROD_010,Domyos BM900,Fitness,Banco Gimnasio,175,True,3,176.02,528.06,170.09,1.0288670703745075,0,0,0,0,0,0,1,0,0,0,0,0,0,0,0,0,0,0,0,0,0,0,0,0,1,0,0,0,1,0,0,0,0,0,0,0,0,0,0,0,0,0,0,0
2023-10-28,PROD_011,Reebok Professional Deck,Fitness,Esterilla Fitness,45,False,4,45.78,183.12,43.553333333333335,1.0332159804071637,0,0,0,0,0,0,0,0,0,0,0,0,0,0,0,0,0,0,0,1,0,0,0,0,1,0,0,0,0,0,0,0,0,1,0,0,0,0,0,0,0,0,0,0
2023-10-28,PROD_012,Domyos Kit Mancuernas 20kg,Fitness,Pesas Casa,55,False,4,54.79,219.16,51.56333333333333,1.066649427888034,0,0,0,0,0,0,0,1,0,0,0,0,0,0,0,0,0,0,0,0,0,0,0,0,1,0,0,0,0,0,0,0,0,0,0,0,0,0,1,0,0,0,0,0
2023-10-28,PROD_013,Decathlon Bandas Elásticas Set,Fitness,Bandas Elásticas,25,False,4,25.26,101.04,24.16333333333333,1.0346254655814597,0,0,0,0,0,1,0,0,0,0,0,0,0,0,0,0,0,0,0,0,0,0,0,0,1,0,0,0,0,1,0,0,0,0,0,0,0,0,0,0,0,0,0,0
2023-10-28,PROD_014,Sveltus Kettlebell 12kg,Fitness,Pesa Rusa,40,False,4,39.0,156.0,37.25333333333334,1.073729420186113,0,0,0,0,0,0,0,0,0,0,0,0,0,0,0,0,0,0,0,0,0,1,0,0,1,0,0,0,0,0,0,0,0,0,0,0,0,1,0,0,0,0,0,0
2023-10-28,PROD_015,Salomon Speedcross 5 GTX,Outdoor,Zapatillas Trail,150,True,5,148.89,744.45,146.08,1.0268346111719604,0,0,0,0,0,0,0,0,0,0,0,0,0,0,0,0,0,0,0,0,1,0,0,0,0,1,0,0,0,0,0,0,0,0,0,0,0,0,0,0,0,0,0,1
2023-10-28,PROD_016,Trek Marlin 7,Outdoor,Bicicleta Montaña,830,True,4,836.61,3346.44,782.5166666666668,1.0606802837000275,0,0,0,0,0,0,0,0,0,0,0,0,0,0,0,0,0,0,0,0,0,0,0,1,0,1,0,0,0,0,1,0,0,0,0,0,0,0,0,0,0,0,0,0
2023-10-28,PROD_017,The North Face Borealis,Outdoor,Mochila Trekking,95,False,3,95.94,287.82,90.94666666666667,1.0445682451253482,0,0,0,0,0,0,0,0,0,0,0,0,0,0,0,0,0,0,0,0,0,0,1,0,0,1,0,0,0,0,0,0,0,0,0,0,1,0,0,0,0,0,0,0
2023-10-28,PROD_018,Columbia Silver Ridge,Outdoor,Ropa Montaña,70,False,2,69.81,139.62,66.36,1.0548523206751055,0,0,0,0,1,0,0,0,0,0,0,0,0,0,0,0,0,0,0,0,0,0,0,0,0,1,0,0,0,0,0,0,0,0,0,0,0,0,0,0,1,0,0,0
2023-10-28,PROD_019,Merrell Moab 2 GTX,Outdoor,Zapatillas Trail,110,False,3,111.0,333.0,104.00666666666666,1.057624511249279,0,0,0,0,0,0,0,0,0,0,0,0,1,0,0,0,0,0,0,0,0,0,0,0,0,1,0,0,0,0,0,0,0,0,0,0,0,0,0,0,0,0,0,1
2023-10-28,PROD_020,Quechua MH500,Outdoor,Ropa Montaña,80,False,2,79.64,159.28,77.49666666666667,1.0323024646221342,0,0,0,0,0,0,0,0,0,0,0,0,0,0,0,0,0,1,0,0,0,0,0,0,0,1,0,0,0,0,0,0,0,0,0,0,0,0,0,0,1,0,0,0
2023-10-28,PROD_021,Manduka PRO Yoga Mat,Wellness,Esterilla Yoga,130,True,6,130.46,782.76,125.14666666666666,1.0387811634349031,0,0,0,0,0,0,0,0,0,0,0,1,0,0,0,0,0,0,0,0,0,0,0,0,0,0,0,1,0,0,0,0,0,0,1,0,0,0,0,0,0,0,0,0
2023-10-28,PROD_022,Gaiam Premium Yoga Block,Wellness,Bloque Yoga,20,False,2,19.85,39.7,19.136666666666667,1.0451140916216688,0,0,0,0,0,0,0,0,1,0,0,0,0,0,0,0,0,0,0,0,0,0,0,0,0,0,0,1,0,0,0,1,0,0,0,0,0,0,0,0,0,0,0,0
2023-10-28,PROD_023,Liforme Yoga Pad,Wellness,Rodillera Yoga,35,False,2,35.5,71.0,34.24333333333333,1.0220967584931373,0,0,0,0,0,0,0,0,0,1,0,0,0,0,0,0,0,0,0,0,0,0,0,0,0,0,0,1,0,0,0,0,0,0,0,0,0,0,0,1,0,0,0,0
2023-10-28,PROD_024,Lotuscrafts Yoga Bolster,Wellness,Cojín Yoga,50,False,2,50.4,100.8,48.96,1.0212418300653594,0,0,0,0,0,0,0,0,0,0,1,0,0,0,0,0,0,0,0,0,0,0,0,0,0,0,0,1,0,0,0,0,1,0,0,0,0,0,0,0,0,0,0,0
2023-10-29,PROD_001,Nike Air Zoom Pegasus 40,Running,Zapatillas Running,115,True,15,113.72,1705.8,103.43333333333334,1.1118272639381244,0,0,0,0,0,0,0,0,0,0,0,0,0,0,1,0,0,0,0,0,0,0,0,0,0,0,1,0,0,0,0,0,0,0,0,0,0,0,0,0,0,0,1,0
2023-10-29,PROD_002,Adidas Ultraboost 23,Running,Zapatillas Running,135,True,16,132.52,2120.32,121.54666666666667,1.1106845107503291,0,1,0,0,0,0,0,0,0,0,0,0,0,0,0,0,0,0,0,0,0,0,0,0,0,0,1,0,0,0,0,0,0,0,0,0,0,0,0,0,0,0,1,0
2023-10-29,PROD_003,Asics Gel Nimbus 25,Running,Zapatillas Running,85,False,3,86.26,258.78,85.22000000000001,0.9974184463740904,0,0,1,0,0,0,0,0,0,0,0,0,0,0,0,0,0,0,0,0,0,0,0,0,0,0,1,0,0,0,0,0,0,0,0,0,0,0,0,0,0,0,1,0
2023-10-29,PROD_004,New Balance Fresh Foam X 1080v12,Running,Zapatillas Running,75,False,3,76.16,228.48,73.13666666666666,1.0254774167084455,0,0,0,0,0,0,0,0,0,0,0,0,0,1,0,0,0,0,0,0,0,0,0,0,0,0,1,0,0,0,0,0,0,0,0,0,0,0,0,0,0,0,1,0
2023-10-29,PROD_005,Nike Dri-FIT Miler,Running,Ropa Running,35,False,2,35.57,71.14,33.92333333333333,1.0317382332711016,0,0,0,0,0,0,0,0,0,0,0,0,0,0,0,1,0,0,0,0,0,0,0,0,0,0,1,0,0,0,0,0,0,0,0,0,0,0,0,0,0,1,0,0
2023-10-29,PROD_006,Adidas Own The Run Jacket,Running,Ropa Running,65,False,3,66.43,199.29,62.443333333333335,1.040943789035392,1,0,0,0,0,0,0,0,0,0,0,0,0,0,0,0,0,0,0,0,0,0,0,0,0,0,1,0,0,0,0,0,0,0,0,0,0,0,0,0,0,1,0,0
2023-10-29,PROD_007,Puma Velocity Nitro 2,Running,Zapatillas Running,70,False,2,70.94,141.88,68.92333333333333,1.015621221647241,0,0,0,0,0,0,0,0,0,0,0,0,0,0,0,0,1,0,0,0,0,0,0,0,0,0,1,0,0,0,0,0,0,0,0,0,0,0,0,0,0,0,1,0
2023-10-29,PROD_008,Reebok Floatride Energy 5,Running,Zapatillas Running,65,False,2,65.31,130.62,65.79333333333334,0.9879420407336102,0,0,0,0,0,0,0,0,0,0,0,0,0,0,0,0,0,0,1,0,0,0,0,0,0,0,1,0,0,0,0,0,0,0,0,0,0,0,0,0,0,0,1,0
2023-10-29,PROD_009,Bowflex SelectTech 552,Fitness,Mancuernas Ajustables,400,True,2,390.63,781.26,375.5333333333333,1.0651517841292386,0,0,0,1,0,0,0,0,0,0,0,0,0,0,0,0,0,0,0,0,0,0,0,0,1,0,0,0,0,0,0,0,0,0,0,1,0,0,0,0,0,0,0,0
2023-10-29,PROD_010,Domyos BM900,Fitness,Banco Gimnasio,175,True,3,173.03,519.09,174.38333333333333,1.0035362706680684,0,0,0,0,0,0,1,0,0,0,0,0,0,0,0,0,0,0,0,0,0,0,0,0,1,0,0,0,1,0,0,0,0,0,0,0,0,0,0,0,0,0,0,0
2023-10-29,PROD_011,Reebok Professional Deck,Fitness,Esterilla Fitness,45,False,4,45.64,182.56,42.443333333333335,1.060237178983743,0,0,0,0,0,0,0,0,0,0,0,0,0,0,0,0,0,0,0,1,0,0,0,0,1,0,0,0,0,0,0,0,0,1,0,0,0,0,0,0,0,0,0,0
2023-10-29,PROD_012,Domyos Kit Mancuernas 20kg,Fitness,Pesas Casa,55,False,4,54.56,218.24,53.916666666666664,1.0200927357032459,0,0,0,0,0,0,0,1,0,0,0,0,0,0,0,0,0,0,0,0,0,0,0,0,1,0,0,0,0,0,0,0,0,0,0,0,0,0,1,0,0,0,0,0
2023-10-29,PROD_013,Decathlon Bandas Elásticas Set,Fitness,Bandas Elásticas,25,False,3,24.43,73.29,23.19666666666667,1.0777410547492454,0,0,0,0,0,1,0,0,0,0,0,0,0,0,0,0,0,0,0,0,0,0,0,0,1,0,0,0,0,1,0,0,0,0,0,0,0,0,0,0,0,0,0,0
2023-10-29,PROD_014,Sveltus Kettlebell 12kg,Fitness,Pesa Rusa,40,False,3,39.45,118.35,38.38,1.0422094841063052,0,0,0,0,0,0,0,0,0,0,0,0,0,0,0,0,0,0,0,0,0,1,0,0,1,0,0,0,0,0,0,0,0,0,0,0,0,1,0,0,0,0,0,0
2023-10-29,PROD_015,Salomon Speedcross 5 GTX,Outdoor,Zapatillas Trail,150,True,4,145.52,582.08,146.85666666666665,1.0214040901559345,0,0,0,0,0,0,0,0,0,0,0,0,0,0,0,0,0,0,0,0,1,0,0,0,0,1,0,0,0,0,0,0,0,0,0,0,0,0,0,0,0,0,0,1
2023-10-29,PROD_016,Trek Marlin 7,Outdoor,Bicicleta Montaña,830,True,3,834.97,2504.91,787.4466666666667,1.0540396386633593,0,0,0,0,0,0,0,0,0,0,0,0,0,0,0,0,0,0,0,0,0,0,0,1,0,1,0,0,0,0,1,0,0,0,0,0,0,0,0,0,0,0,0,0
2023-10-29,PROD_017,The North Face Borealis,Outdoor,Mochila Trekking,95,False,2,96.7,193.4,90.19666666666667,1.0532540005173878,0,0,0,0,0,0,0,0,0,0,0,0,0,0,0,0,0,0,0,0,0,0,1,0,0,1,0,0,0,0,0,0,0,0,0,0,1,0,0,0,0,0,0,0
2023-10-29,PROD_018,Columbia Silver Ridge,Outdoor,Ropa Montaña,70,False,2,69.93,139.86,67.86333333333333,1.0314848469964144,0,0,0,0,1,0,0,0,0,0,0,0,0,0,0,0,0,0,0,0,0,0,0,0,0,1,0,0,0,0,0,0,0,0,0,0,0,0,0,0,1,0,0,0
2023-10-29,PROD_019,Merrell Moab 2 GTX,Outdoor,Zapatillas Trail,110,False,2,112.26,224.52,107.35666666666667,1.0246219765889402,0,0,0,0,0,0,0,0,0,0,0,0,1,0,0,0,0,0,0,0,0,0,0,0,0,1,0,0,0,0,0,0,0,0,0,0,0,0,0,0,0,0,0,1
2023-10-29,PROD_020,Quechua MH500,Outdoor,Ropa Montaña,80,False,2,80.47,160.94,79.42333333333333,1.0072606706677298,0,0,0,0,0,0,0,0,0,0,0,0,0,0,0,0,0,1,0,0,0,0,0,0,0,1,0,0,0,0,0,0,0,0,0,0,0,0,0,0,1,0,0,0
2023-10-29,PROD_021,Manduka PRO Yoga Mat,Wellness,Esterilla Yoga,130,True,5,129.82,649.1,125.34333333333332,1.0371512911203895,0,0,0,0,0,0,0,0,0,0,0,1,0,0,0,0,0,0,0,0,0,0,0,0,0,0,0,1,0,0,0,0,0,0,1,0,0,0,0,0,0,0,0,0
2023-10-29,PROD_022,Gaiam Premium Yoga Block,Wellness,Bloque Yoga,20,False,2,19.8,39.6,19.533333333333335,1.023890784982935,0,0,0,0,0,0,0,0,1,0,0,0,0,0,0,0,0,0,0,0,0,0,0,0,0,0,0,1,0,0,0,1,0,0,0,0,0,0,0,0,0,0,0,0
2023-10-29,PROD_023,Liforme Yoga Pad,Wellness,Rodillera Yoga,35,False,1,35.72,35.72,34.68,1.0092272202998847,0,0,0,0,0,0,0,0,0,1,0,0,0,0,0,0,0,0,0,0,0,0,0,0,0,0,0,1,0,0,0,0,0,0,0,0,0,0,0,1,0,0,0,0
2023-10-29,PROD_024,Lotuscrafts Yoga Bolster,Wellness,Cojín Yoga,50,False,1,50.52,50.52,47.48,1.0530749789385005,0,0,0,0,0,0,0,0,0,0,1,0,0,0,0,0,0,0,0,0,0,0,0,0,0,0,0,1,0,0,0,0,1,0,0,0,0,0,0,0,0,0,0,0
2023-10-30,PROD_001,Nike Air Zoom Pegasus 40,Running,Zapatillas Running,115,True,15,117.73,1765.95,102.70333333333333,1.1197299665703808,0,0,0,0,0,0,0,0,0,0,0,0,0,0,1,0,0,0,0,0,0,0,0,0,0,0,1,0,0,0,0,0,0,0,0,0,0,0,0,0,0,0,1,0
2023-10-30,PROD_002,Adidas Ultraboost 23,Running,Zapatillas Running,135,True,10,138.88,1388.8,121.51333333333332,1.1109891918582324,0,1,0,0,0,0,0,0,0,0,0,0,0,0,0,0,0,0,0,0,0,0,0,0,0,0,1,0,0,0,0,0,0,0,0,0,0,0,0,0,0,0,1,0
2023-10-30,PROD_003,Asics Gel Nimbus 25,Running,Zapatillas Running,85,False,2,83.68,167.36,83.14333333333333,1.0223309144850259,0,0,1,0,0,0,0,0,0,0,0,0,0,0,0,0,0,0,0,0,0,0,0,0,0,0,1,0,0,0,0,0,0,0,0,0,0,0,0,0,0,0,1,0
2023-10-30,PROD_004,New Balance Fresh Foam X 1080v12,Running,Zapatillas Running,75,False,3,74.67,224.01,71.0,1.056338028169014,0,0,0,0,0,0,0,0,0,0,0,0,0,1,0,0,0,0,0,0,0,0,0,0,0,0,1,0,0,0,0,0,0,0,0,0,0,0,0,0,0,0,1,0
2023-10-30,PROD_005,Nike Dri-FIT Miler,Running,Ropa Running,35,False,2,34.54,69.08,33.163333333333334,1.0553824504975373,0,0,0,0,0,0,0,0,0,0,0,0,0,0,0,1,0,0,0,0,0,0,0,0,0,0,1,0,0,0,0,0,0,0,0,0,0,0,0,0,0,1,0,0
2023-10-30,PROD_006,Adidas Own The Run Jacket,Running,Ropa Running,65,False,2,64.23,128.46,62.873333333333335,1.0338246209309723,1,0,0,0,0,0,0,0,0,0,0,0,0,0,0,0,0,0,0,0,0,0,0,0,0,0,1,0,0,0,0,0,0,0,0,0,0,0,0,0,0,1,0,0
2023-10-30,PROD_007,Puma Velocity Nitro 2,Running,Zapatillas Running,70,False,2,69.77,139.54,67.73666666666666,1.0334137099552188,0,0,0,0,0,0,0,0,0,0,0,0,0,0,0,0,1,0,0,0,0,0,0,0,0,0,1,0,0,0,0,0,0,0,0,0,0,0,0,0,0,0,1,0
2023-10-30,PROD_008,Reebok Floatride Energy 5,Running,Zapatillas Running,65,False,2,65.33,130.66,66.10000000000001,0.9833585476550679,0,0,0,0,0,0,0,0,0,0,0,0,0,0,0,0,0,0,1,0,0,0,0,0,0,0,1,0,0,0,0,0,0,0,0,0,0,0,0,0,0,0,1,0
2023-10-30,PROD_009,Bowflex SelectTech 552,Fitness,Mancuernas Ajustables,400,True,2,395.03,790.06,371.06333333333333,1.0779830936318149,0,0,0,1,0,0,0,0,0,0,0,0,0,0,0,0,0,0,0,0,0,0,0,0,1,0,0,0,0,0,0,0,0,0,0,1,0,0,0,0,0,0,0,0
2023-10-30,PROD_010,Domyos BM900,Fitness,Banco Gimnasio,175,True,2,172.03,344.06,174.13333333333333,1.004977029096478,0,0,0,0,0,0,1,0,0,0,0,0,0,0,0,0,0,0,0,0,0,0,0,0,1,0,0,0,1,0,0,0,0,0,0,0,0,0,0,0,0,0,0,0
2023-10-30,PROD_011,Reebok Professional Deck,Fitness,Esterilla Fitness,45,False,3,45.15,135.45,43.99333333333334,1.022882254887104,0,0,0,0,0,0,0,0,0,0,0,0,0,0,0,0,0,0,0,1,0,0,0,0,1,0,0,0,0,0,0,0,0,1,0,0,0,0,0,0,0,0,0,0
2023-10-30,PROD_012,Domyos Kit Mancuernas 20kg,Fitness,Pesas Casa,55,False,3,55.02,165.06,55.38666666666666,0.9930187770823303,0,0,0,0,0,0,0,1,0,0,0,0,0,0,0,0,0,0,0,0,0,0,0,0,1,0,0,0,0,0,0,0,0,0,0,0,0,0,1,0,0,0,0,0
2023-10-30,PROD_013,Decathlon Bandas Elásticas Set,Fitness,Bandas Elásticas,25,False,2,24.86,49.72,24.833333333333332,1.0067114093959733,0,0,0,0,0,1,0,0,0,0,0,0,0,0,0,0,0,0,0,0,0,0,0,0,1,0,0,0,0,1,0,0,0,0,0,0,0,0,0,0,0,0,0,0
2023-10-30,PROD_014,Sveltus Kettlebell 12kg,Fitness,Pesa Rusa,40,False,3,38.97,116.91,39.47,1.0134279199391945,0,0,0,0,0,0,0,0,0,0,0,0,0,0,0,0,0,0,0,0,0,1,0,0,1,0,0,0,0,0,0,0,0,0,0,0,0,1,0,0,0,0,0,0
2023-10-30,PROD_015,Salomon Speedcross 5 GTX,Outdoor,Zapatillas Trail,150,True,3,147.42,442.26,145.7433333333333,1.0292065960707182,0,0,0,0,0,0,0,0,0,0,0,0,0,0,0,0,0,0,0,0,1,0,0,0,0,1,0,0,0,0,0,0,0,0,0,0,0,0,0,0,0,0,0,1
2023-10-30,PROD_016,Trek Marlin 7,Outdoor,Bicicleta Montaña,830,True,3,834.59,2503.77,787.8666666666667,1.053477745811474,0,0,0,0,0,0,0,0,0,0,0,0,0,0,0,0,0,0,0,0,0,0,0,1,0,1,0,0,0,0,1,0,0,0,0,0,0,0,0,0,0,0,0,0
2023-10-30,PROD_017,The North Face Borealis,Outdoor,Mochila Trekking,95,False,2,97.6,195.2,94.38333333333333,1.0065336394137383,0,0,0,0,0,0,0,0,0,0,0,0,0,0,0,0,0,0,0,0,0,0,1,0,0,1,0,0,0,0,0,0,0,0,0,0,1,0,0,0,0,0,0,0
2023-10-30,PROD_018,Columbia Silver Ridge,Outdoor,Ropa Montaña,70,False,2,68.48,136.96,68.39666666666666,1.0234416881914323,0,0,0,0,1,0,0,0,0,0,0,0,0,0,0,0,0,0,0,0,0,0,0,0,0,1,0,0,0,0,0,0,0,0,0,0,0,0,0,0,1,0,0,0
2023-10-30,PROD_019,Merrell Moab 2 GTX,Outdoor,Zapatillas Trail,110,False,2,109.77,219.54,105.68333333333334,1.0408452925406086,0,0,0,0,0,0,0,0,0,0,0,0,1,0,0,0,0,0,0,0,0,0,0,0,0,1,0,0,0,0,0,0,0,0,0,0,0,0,0,0,0,0,0,1
2023-10-30,PROD_020,Quechua MH500,Outdoor,Ropa Montaña,80,False,2,82.35,164.7,81.79,0.9781146839466927,0,0,0,0,0,0,0,0,0,0,0,0,0,0,0,0,0,1,0,0,0,0,0,0,0,1,0,0,0,0,0,0,0,0,0,0,0,0,0,0,1,0,0,0
2023-10-30,PROD_021,Manduka PRO Yoga Mat,Wellness,Esterilla Yoga,130,True,6,129.3,775.8,124.83999999999999,1.0413329061198335,0,0,0,0,0,0,0,0,0,0,0,1,0,0,0,0,0,0,0,0,0,0,0,0,0,0,0,1,0,0,0,0,0,0,1,0,0,0,0,0,0,0,0,0
2023-10-30,PROD_022,Gaiam Premium Yoga Block,Wellness,Bloque Yoga,20,False,2,19.84,39.68,20.083333333333332,0.995850622406639,0,0,0,0,0,0,0,0,1,0,0,0,0,0,0,0,0,0,0,0,0,0,0,0,0,0,0,1,0,0,0,1,0,0,0,0,0,0,0,0,0,0,0,0
2023-10-30,PROD_023,Liforme Yoga Pad,Wellness,Rodillera Yoga,35,False,1,34.89,34.89,33.27666666666667,1.0517880396674346,0,0,0,0,0,0,0,0,0,1,0,0,0,0,0,0,0,0,0,0,0,0,0,0,0,0,0,1,0,0,0,0,0,0,0,0,0,0,0,1,0,0,0,0
2023-10-30,PROD_024,Lotuscrafts Yoga Bolster,Wellness,Cojín Yoga,50,False,1,49.18,49.18,47.376666666666665,1.0553718426792373,0,0,0,0,0,0,0,0,0,0,1,0,0,0,0,0,0,0,0,0,0,0,0,0,0,0,0,1,0,0,0,0,1,0,0,0,0,0,0,0,0,0,0,0
2023-10-31,PROD_001,Nike Air Zoom Pegasus 40,Running,Zapatillas Running,115,True,11,111.57,1227.27,102.88999999999999,1.117698512975022,0,0,0,0,0,0,0,0,0,0,0,0,0,0,1,0,0,0,0,0,0,0,0,0,0,0,1,0,0,0,0,0,0,0,0,0,0,0,0,0,0,0,1,0
2023-10-31,PROD_002,Adidas Ultraboost 23,Running,Zapatillas Running,135,True,11,136.06,1496.66,121.16333333333334,1.114198464882115,0,1,0,0,0,0,0,0,0,0,0,0,0,0,0,0,0,0,0,0,0,0,0,0,0,0,1,0,0,0,0,0,0,0,0,0,0,0,0,0,0,0,1,0
2023-10-31,PROD_003,Asics Gel Nimbus 25,Running,Zapatillas Running,85,False,3,83.88,251.64,81.15333333333332,1.0473999835701966,0,0,1,0,0,0,0,0,0,0,0,0,0,0,0,0,0,0,0,0,0,0,0,0,0,0,1,0,0,0,0,0,0,0,0,0,0,0,0,0,0,0,1,0
2023-10-31,PROD_004,New Balance Fresh Foam X 1080v12,Running,Zapatillas Running,75,False,2,75.29,150.58,72.00333333333334,1.0416184435905744,0,0,0,0,0,0,0,0,0,0,0,0,0,1,0,0,0,0,0,0,0,0,0,0,0,0,1,0,0,0,0,0,0,0,0,0,0,0,0,0,0,0,1,0
2023-10-31,PROD_005,Nike Dri-FIT Miler,Running,Ropa Running,35,False,3,34.9,104.7,34.12,1.0257913247362251,0,0,0,0,0,0,0,0,0,0,0,0,0,0,0,1,0,0,0,0,0,0,0,0,0,0,1,0,0,0,0,0,0,0,0,0,0,0,0,0,0,1,0,0
2023-10-31,PROD_006,Adidas Own The Run Jacket,Running,Ropa Running,65,False,2,65.1,130.2,61.13,1.0633077048912154,1,0,0,0,0,0,0,0,0,0,0,0,0,0,0,0,0,0,0,0,0,0,0,0,0,0,1,0,0,0,0,0,0,0,0,0,0,0,0,0,0,1,0,0
2023-10-31,PROD_007,Puma Velocity Nitro 2,Running,Zapatillas Running,70,False,2,68.46,136.92,69.57666666666667,1.0060844152733195,0,0,0,0,0,0,0,0,0,0,0,0,0,0,0,0,1,0,0,0,0,0,0,0,0,0,1,0,0,0,0,0,0,0,0,0,0,0,0,0,0,0,1,0
2023-10-31,PROD_008,Reebok Floatride Energy 5,Running,Zapatillas Running,65,False,2,65.75,131.5,64.27999999999999,1.0112009956440575,0,0,0,0,0,0,0,0,0,0,0,0,0,0,0,0,0,0,1,0,0,0,0,0,0,0,1,0,0,0,0,0,0,0,0,0,0,0,0,0,0,0,1,0
2023-10-31,PROD_009,Bowflex SelectTech 552,Fitness,Mancuernas Ajustables,400,True,2,400.69,801.38,374.96333333333337,1.0667709731618202,0,0,0,1,0,0,0,0,0,0,0,0,0,0,0,0,0,0,0,0,0,0,0,0,1,0,0,0,0,0,0,0,0,0,0,1,0,0,0,0,0,0,0,0
2023-10-31,PROD_010,Domyos BM900,Fitness,Banco Gimnasio,175,True,2,173.17,346.34,173.79,1.006962425916336,0,0,0,0,0,0,1,0,0,0,0,0,0,0,0,0,0,0,0,0,0,0,0,0,1,0,0,0,1,0,0,0,0,0,0,0,0,0,0,0,0,0,0,0
2023-10-31,PROD_011,Reebok Professional Deck,Fitness,Esterilla Fitness,45,False,3,45.18,135.54,43.67666666666667,1.0302984049454322,0,0,0,0,0,0,0,0,0,0,0,0,0,0,0,0,0,0,0,1,0,0,0,0,1,0,0,0,0,0,0,0,0,1,0,0,0,0,0,0,0,0,0,0
2023-10-31,PROD_012,Domyos Kit Mancuernas 20kg,Fitness,Pesas Casa,55,False,3,55.64,166.92,52.376666666666665,1.05008591612041,0,0,0,0,0,0,0,1,0,0,0,0,0,0,0,0,0,0,0,0,0,0,0,0,1,0,0,0,0,0,0,0,0,0,0,0,0,0,1,0,0,0,0,0
2023-10-31,PROD_013,Decathlon Bandas Elásticas Set,Fitness,Bandas Elásticas,25,False,3,25.45,76.35,24.143333333333334,1.0354825348612453,0,0,0,0,0,1,0,0,0,0,0,0,0,0,0,0,0,0,0,0,0,0,0,0,1,0,0,0,0,1,0,0,0,0,0,0,0,0,0,0,0,0,0,0
2023-10-31,PROD_014,Sveltus Kettlebell 12kg,Fitness,Pesa Rusa,40,False,3,40.83,122.49,38.93000000000001,1.02748522989982,0,0,0,0,0,0,0,0,0,0,0,0,0,0,0,0,0,0,0,0,0,1,0,0,1,0,0,0,0,0,0,0,0,0,0,0,0,1,0,0,0,0,0,0
2023-10-31,PROD_015,Salomon Speedcross 5 GTX,Outdoor,Zapatillas Trail,150,True,4,148.61,594.44,147.04333333333332,1.0201074513182056,0,0,0,0,0,0,0,0,0,0,0,0,0,0,0,0,0,0,0,0,1,0,0,0,0,1,0,0,0,0,0,0,0,0,0,0,0,0,0,0,0,0,0,1
2023-10-31,PROD_016,Trek Marlin 7,Outdoor,Bicicleta Montaña,830,True,3,850.65,2551.95,791.0433333333334,1.04924719674017,0,0,0,0,0,0,0,0,0,0,0,0,0,0,0,0,0,0,0,0,0,0,0,1,0,1,0,0,0,0,1,0,0,0,0,0,0,0,0,0,0,0,0,0
2023-10-31,PROD_017,The North Face Borealis,Outdoor,Mochila Trekking,95,False,2,95.28,190.56,89.18333333333334,1.065221453933844,0,0,0,0,0,0,0,0,0,0,0,0,0,0,0,0,0,0,0,0,0,0,1,0,0,1,0,0,0,0,0,0,0,0,0,0,1,0,0,0,0,0,0,0
2023-10-31,PROD_018,Columbia Silver Ridge,Outdoor,Ropa Montaña,70,False,2,69.26,138.52,69.14666666666666,1.0123409178557656,0,0,0,0,1,0,0,0,0,0,0,0,0,0,0,0,0,0,0,0,0,0,0,0,0,1,0,0,0,0,0,0,0,0,0,0,0,0,0,0,1,0,0,0
2023-10-31,PROD_019,Merrell Moab 2 GTX,Outdoor,Zapatillas Trail,110,False,2,107.71,215.42,108.38333333333334,1.0149161925265262,0,0,0,0,0,0,0,0,0,0,0,0,1,0,0,0,0,0,0,0,0,0,0,0,0,1,0,0,0,0,0,0,0,0,0,0,0,0,0,0,0,0,0,1
2023-10-31,PROD_020,Quechua MH500,Outdoor,Ropa Montaña,80,False,2,79.42,158.84,76.01333333333334,1.0524469391334854,0,0,0,0,0,0,0,0,0,0,0,0,0,0,0,0,0,1,0,0,0,0,0,0,0,1,0,0,0,0,0,0,0,0,0,0,0,0,0,0,1,0,0,0
2023-10-31,PROD_021,Manduka PRO Yoga Mat,Wellness,Esterilla Yoga,130,True,5,132.4,662.0,126.27333333333335,1.029512697323267,0,0,0,0,0,0,0,0,0,0,0,1,0,0,0,0,0,0,0,0,0,0,0,0,0,0,0,1,0,0,0,0,0,0,1,0,0,0,0,0,0,0,0,0
2023-10-31,PROD_022,Gaiam Premium Yoga Block,Wellness,Bloque Yoga,20,False,1,20.55,20.55,19.88,1.006036217303823,0,0,0,0,0,0,0,0,1,0,0,0,0,0,0,0,0,0,0,0,0,0,0,0,0,0,0,1,0,0,0,1,0,0,0,0,0,0,0,0,0,0,0,0
2023-10-31,PROD_023,Liforme Yoga Pad,Wellness,Rodillera Yoga,35,False,1,35.66,35.66,34.42333333333333,1.0167522029631064,0,0,0,0,0,0,0,0,0,1,0,0,0,0,0,0,0,0,0,0,0,0,0,0,0,0,0,1,0,0,0,0,0,0,0,0,0,0,0,1,0,0,0,0
2023-10-31,PROD_024,Lotuscrafts Yoga Bolster,Wellness,Cojín Yoga,50,False,1,50.21,50.21,47.28666666666667,1.0573805160016918,0,0,0,0,0,0,0,0,0,0,1,0,0,0,0,0,0,0,0,0,0,0,0,0,0,0,0,1,0,0,0,0,1,0,0,0,0,0,0,0,0,0,0,0
2023-11-01,PROD_001,Nike Air Zoom Pegasus 40,Running,Zapatillas Running,115,True,9,117.32,1055.88,103.61666666666667,1.1098600611227278,0,0,0,0,0,0,0,0,0,0,0,0,0,0,1,0,0,0,0,0,0,0,0,0,0,0,1,0,0,0,0,0,0,0,0,0,0,0,0,0,0,0,1,0
2023-11-01,PROD_002,Adidas Ultraboost 23,Running,Zapatillas Running,135,True,11,135.93,1495.23,122.23333333333333,1.104445050449959,0,1,0,0,0,0,0,0,0,0,0,0,0,0,0,0,0,0,0,0,0,0,0,0,0,0,1,0,0,0,0,0,0,0,0,0,0,0,0,0,0,0,1,0
2023-11-01,PROD_003,Asics Gel Nimbus 25,Running,Zapatillas Running,85,False,3,85.8,257.4,81.30333333333333,1.0454675905046944,0,0,1,0,0,0,0,0,0,0,0,0,0,0,0,0,0,0,0,0,0,0,0,0,0,0,1,0,0,0,0,0,0,0,0,0,0,0,0,0,0,0,1,0
2023-11-01,PROD_004,New Balance Fresh Foam X 1080v12,Running,Zapatillas Running,75,False,3,76.11,228.33,74.54333333333334,1.0061261905826588,0,0,0,0,0,0,0,0,0,0,0,0,0,1,0,0,0,0,0,0,0,0,0,0,0,0,1,0,0,0,0,0,0,0,0,0,0,0,0,0,0,0,1,0
2023-11-01,PROD_005,Nike Dri-FIT Miler,Running,Ropa Running,35,False,2,35.37,70.74,34.22333333333333,1.0226940683744035,0,0,0,0,0,0,0,0,0,0,0,0,0,0,0,1,0,0,0,0,0,0,0,0,0,0,1,0,0,0,0,0,0,0,0,0,0,0,0,0,0,1,0,0
2023-11-01,PROD_006,Adidas Own The Run Jacket,Running,Ropa Running,65,False,2,66.11,132.22,61.95666666666667,1.049120352934847,1,0,0,0,0,0,0,0,0,0,0,0,0,0,0,0,0,0,0,0,0,0,0,0,0,0,1,0,0,0,0,0,0,0,0,0,0,0,0,0,0,1,0,0
2023-11-01,PROD_007,Puma Velocity Nitro 2,Running,Zapatillas Running,70,False,2,68.03,136.06,66.50333333333333,1.0525788181043558,0,0,0,0,0,0,0,0,0,0,0,0,0,0,0,0,1,0,0,0,0,0,0,0,0,0,1,0,0,0,0,0,0,0,0,0,0,0,0,0,0,0,1,0
2023-11-01,PROD_008,Reebok Floatride Energy 5,Running,Zapatillas Running,65,False,2,65.44,130.88,63.559999999999995,1.0226557583385778,0,0,0,0,0,0,0,0,0,0,0,0,0,0,0,0,0,0,1,0,0,0,0,0,0,0,1,0,0,0,0,0,0,0,0,0,0,0,0,0,0,0,1,0
2023-11-01,PROD_009,Bowflex SelectTech 552,Fitness,Mancuernas Ajustables,400,True,2,389.35,778.7,371.17,1.077673303338093,0,0,0,1,0,0,0,0,0,0,0,0,0,0,0,0,0,0,0,0,0,0,0,0,1,0,0,0,0,0,0,0,0,0,0,1,0,0,0,0,0,0,0,0
2023-11-01,PROD_010,Domyos BM900,Fitness,Banco Gimnasio,175,True,3,173.63,520.89,174.72000000000003,1.0016025641025639,0,0,0,0,0,0,1,0,0,0,0,0,0,0,0,0,0,0,0,0,0,0,0,0,1,0,0,0,1,0,0,0,0,0,0,0,0,0,0,0,0,0,0,0
2023-11-01,PROD_011,Reebok Professional Deck,Fitness,Esterilla Fitness,45,False,4,44.89,179.56,43.199999999999996,1.0416666666666667,0,0,0,0,0,0,0,0,0,0,0,0,0,0,0,0,0,0,0,1,0,0,0,0,1,0,0,0,0,0,0,0,0,1,0,0,0,0,0,0,0,0,0,0
2023-11-01,PROD_012,Domyos Kit Mancuernas 20kg,Fitness,Pesas Casa,55,False,4,54.92,219.68,52.22333333333333,1.053169081508904,0,0,0,0,0,0,0,1,0,0,0,0,0,0,0,0,0,0,0,0,0,0,0,0,1,0,0,0,0,0,0,0,0,0,0,0,0,0,1,0,0,0,0,0
2023-11-01,PROD_013,Decathlon Bandas Elásticas Set,Fitness,Bandas Elásticas,25,False,3,24.7,74.1,25.189999999999998,0.9924573243350537,0,0,0,0,0,1,0,0,0,0,0,0,0,0,0,0,0,0,0,0,0,0,0,0,1,0,0,0,0,1,0,0,0,0,0,0,0,0,0,0,0,0,0,0
2023-11-01,PROD_014,Sveltus Kettlebell 12kg,Fitness,Pesa Rusa,40,False,3,39.43,118.29,39.31333333333333,1.0174665083940988,0,0,0,0,0,0,0,0,0,0,0,0,0,0,0,0,0,0,0,0,0,1,0,0,1,0,0,0,0,0,0,0,0,0,0,0,0,1,0,0,0,0,0,0
2023-11-01,PROD_015,Salomon Speedcross 5 GTX,Outdoor,Zapatillas Trail,150,True,4,152.32,609.28,147.98999999999998,1.0135819987837018,0,0,0,0,0,0,0,0,0,0,0,0,0,0,0,0,0,0,0,0,1,0,0,0,0,1,0,0,0,0,0,0,0,0,0,0,0,0,0,0,0,0,0,1
2023-11-01,PROD_016,Trek Marlin 7,Outdoor,Bicicleta Montaña,830,True,3,822.22,2466.66,797.2433333333333,1.0410874137130863,0,0,0,0,0,0,0,0,0,0,0,0,0,0,0,0,0,0,0,0,0,0,0,1,0,1,0,0,0,0,1,0,0,0,0,0,0,0,0,0,0,0,0,0
2023-11-01,PROD_017,The North Face Borealis,Outdoor,Mochila Trekking,95,False,2,95.79,191.58,96.45,0.9849663037843442,0,0,0,0,0,0,0,0,0,0,0,0,0,0,0,0,0,0,0,0,0,0,1,0,0,1,0,0,0,0,0,0,0,0,0,0,1,0,0,0,0,0,0,0
2023-11-01,PROD_018,Columbia Silver Ridge,Outdoor,Ropa Montaña,70,False,2,69.16,138.32,64.54333333333334,1.0845426845013686,0,0,0,0,1,0,0,0,0,0,0,0,0,0,0,0,0,0,0,0,0,0,0,0,0,1,0,0,0,0,0,0,0,0,0,0,0,0,0,0,1,0,0,0
2023-11-01,PROD_019,Merrell Moab 2 GTX,Outdoor,Zapatillas Trail,110,False,2,107.56,215.12,110.25,0.9977324263038548,0,0,0,0,0,0,0,0,0,0,0,0,1,0,0,0,0,0,0,0,0,0,0,0,0,1,0,0,0,0,0,0,0,0,0,0,0,0,0,0,0,0,0,1
2023-11-01,PROD_020,Quechua MH500,Outdoor,Ropa Montaña,80,False,2,80.85,161.7,76.84333333333335,1.0410792521580703,0,0,0,0,0,0,0,0,0,0,0,0,0,0,0,0,0,1,0,0,0,0,0,0,0,1,0,0,0,0,0,0,0,0,0,0,0,0,0,0,1,0,0,0
2023-11-01,PROD_021,Manduka PRO Yoga Mat,Wellness,Esterilla Yoga,130,True,5,127.95,639.75,124.41000000000001,1.044932079414838,0,0,0,0,0,0,0,0,0,0,0,1,0,0,0,0,0,0,0,0,0,0,0,0,0,0,0,1,0,0,0,0,0,0,1,0,0,0,0,0,0,0,0,0
2023-11-01,PROD_022,Gaiam Premium Yoga Block,Wellness,Bloque Yoga,20,False,1,20.36,20.36,19.676666666666666,1.016432322547857,0,0,0,0,0,0,0,0,1,0,0,0,0,0,0,0,0,0,0,0,0,0,0,0,0,0,0,1,0,0,0,1,0,0,0,0,0,0,0,0,0,0,0,0
2023-11-01,PROD_023,Liforme Yoga Pad,Wellness,Rodillera Yoga,35,False,1,34.31,34.31,34.85333333333333,1.0042081101759757,0,0,0,0,0,0,0,0,0,1,0,0,0,0,0,0,0,0,0,0,0,0,0,0,0,0,0,1,0,0,0,0,0,0,0,0,0,0,0,1,0,0,0,0
2023-11-01,PROD_024,Lotuscrafts Yoga Bolster,Wellness,Cojín Yoga,50,False,1,50.15,50.15,49.85333333333333,1.0029419630917358,0,0,0,0,0,0,0,0,0,0,1,0,0,0,0,0,0,0,0,0,0,0,0,0,0,0,0,1,0,0,0,0,1,0,0,0,0,0,0,0,0,0,0,0
2023-11-02,PROD_001,Nike Air Zoom Pegasus 40,Running,Zapatillas Running,115,True,11,111.99,1231.89,103.36333333333333,1.1125802186461995,0,0,0,0,0,0,0,0,0,0,0,0,0,0,1,0,0,0,0,0,0,0,0,0,0,0,1,0,0,0,0,0,0,0,0,0,0,0,0,0,0,0,1,0
2023-11-02,PROD_002,Adidas Ultraboost 23,Running,Zapatillas Running,135,True,10,137.64,1376.4,119.71333333333335,1.1276939355126132,0,1,0,0,0,0,0,0,0,0,0,0,0,0,0,0,0,0,0,0,0,0,0,0,0,0,1,0,0,0,0,0,0,0,0,0,0,0,0,0,0,0,1,0
2023-11-02,PROD_003,Asics Gel Nimbus 25,Running,Zapatillas Running,85,False,3,83.6,250.8,86.82666666666667,0.9789619164619164,0,0,1,0,0,0,0,0,0,0,0,0,0,0,0,0,0,0,0,0,0,0,0,0,0,0,1,0,0,0,0,0,0,0,0,0,0,0,0,0,0,0,1,0
2023-11-02,PROD_004,New Balance Fresh Foam X 1080v12,Running,Zapatillas Running,75,False,2,75.84,151.68,72.85000000000001,1.029512697323267,0,0,0,0,0,0,0,0,0,0,0,0,0,1,0,0,0,0,0,0,0,0,0,0,0,0,1,0,0,0,0,0,0,0,0,0,0,0,0,0,0,0,1,0
2023-11-02,PROD_005,Nike Dri-FIT Miler,Running,Ropa Running,35,False,3,34.57,103.71,34.03333333333333,1.0284035259549462,0,0,0,0,0,0,0,0,0,0,0,0,0,0,0,1,0,0,0,0,0,0,0,0,0,0,1,0,0,0,0,0,0,0,0,0,0,0,0,0,0,1,0,0
2023-11-02,PROD_006,Adidas Own The Run Jacket,Running,Ropa Running,65,False,3,64.41,193.23,61.21666666666666,1.0618023414102915,1,0,0,0,0,0,0,0,0,0,0,0,0,0,0,0,0,0,0,0,0,0,0,0,0,0,1,0,0,0,0,0,0,0,0,0,0,0,0,0,0,1,0,0
2023-11-02,PROD_007,Puma Velocity Nitro 2,Running,Zapatillas Running,70,False,2,70.11,140.22,70.43,0.9938946471674002,0,0,0,0,0,0,0,0,0,0,0,0,0,0,0,0,1,0,0,0,0,0,0,0,0,0,1,0,0,0,0,0,0,0,0,0,0,0,0,0,0,0,1,0
2023-11-02,PROD_008,Reebok Floatride Energy 5,Running,Zapatillas Running,65,False,3,65.78,197.34,61.89666666666667,1.0501373256502773,0,0,0,0,0,0,0,0,0,0,0,0,0,0,0,0,0,0,1,0,0,0,0,0,0,0,1,0,0,0,0,0,0,0,0,0,0,0,0,0,0,0,1,0
2023-11-02,PROD_009,Bowflex SelectTech 552,Fitness,Mancuernas Ajustables,400,True,2,405.04,810.08,375.78,1.0644526052477514,0,0,0,1,0,0,0,0,0,0,0,0,0,0,0,0,0,0,0,0,0,0,0,0,1,0,0,0,0,0,0,0,0,0,0,1,0,0,0,0,0,0,0,0
2023-11-02,PROD_010,Domyos BM900,Fitness,Banco Gimnasio,175,True,2,170.49,340.98,173.10333333333335,1.0109568465848913,0,0,0,0,0,0,1,0,0,0,0,0,0,0,0,0,0,0,0,0,0,0,0,0,1,0,0,0,1,0,0,0,0,0,0,0,0,0,0,0,0,0,0,0
2023-11-02,PROD_011,Reebok Professional Deck,Fitness,Esterilla Fitness,45,False,3,44.76,134.28,42.720000000000006,1.0533707865168538,0,0,0,0,0,0,0,0,0,0,0,0,0,0,0,0,0,0,0,1,0,0,0,0,1,0,0,0,0,0,0,0,0,1,0,0,0,0,0,0,0,0,0,0
2023-11-02,PROD_012,Domyos Kit Mancuernas 20kg,Fitness,Pesas Casa,55,False,4,54.36,217.44,52.99666666666667,1.0378011195672683,0,0,0,0,0,0,0,1,0,0,0,0,0,0,0,0,0,0,0,0,0,0,0,0,1,0,0,0,0,0,0,0,0,0,0,0,0,0,1,0,0,0,0,0
2023-11-02,PROD_013,Decathlon Bandas Elásticas Set,Fitness,Bandas Elásticas,25,False,4,25.21,100.84,23.639999999999997,1.0575296108291032,0,0,0,0,0,1,0,0,0,0,0,0,0,0,0,0,0,0,0,0,0,0,0,0,1,0,0,0,0,1,0,0,0,0,0,0,0,0,0,0,0,0,0,0
2023-11-02,PROD_014,Sveltus Kettlebell 12kg,Fitness,Pesa Rusa,40,False,3,40.7,122.1,39.373333333333335,1.015916017609211,0,0,0,0,0,0,0,0,0,0,0,0,0,0,0,0,0,0,0,0,0,1,0,0,1,0,0,0,0,0,0,0,0,0,0,0,0,1,0,0,0,0,0,0
2023-11-02,PROD_015,Salomon Speedcross 5 GTX,Outdoor,Zapatillas Trail,150,True,4,154.19,616.76,146.32333333333335,1.0251270018452285,0,0,0,0,0,0,0,0,0,0,0,0,0,0,0,0,0,0,0,0,1,0,0,0,0,1,0,0,0,0,0,0,0,0,0,0,0,0,0,0,0,0,0,1
2023-11-02,PROD_016,Trek Marlin 7,Outdoor,Bicicleta Montaña,830,True,4,847.95,3391.8,789.57,1.051205086312803,0,0,0,0,0,0,0,0,0,0,0,0,0,0,0,0,0,0,0,0,0,0,0,1,0,1,0,0,0,0,1,0,0,0,0,0,0,0,0,0,0,0,0,0
2023-11-02,PROD_017,The North Face Borealis,Outdoor,Mochila Trekking,95,False,2,96.94,193.88,88.0,1.0795454545454546,0,0,0,0,0,0,0,0,0,0,0,0,0,0,0,0,0,0,0,0,0,0,1,0,0,1,0,0,0,0,0,0,0,0,0,0,1,0,0,0,0,0,0,0
2023-11-02,PROD_018,Columbia Silver Ridge,Outdoor,Ropa Montaña,70,False,3,69.05,207.15,71.29333333333334,0.9818589863474845,0,0,0,0,1,0,0,0,0,0,0,0,0,0,0,0,0,0,0,0,0,0,0,0,0,1,0,0,0,0,0,0,0,0,0,0,0,0,0,0,1,0,0,0
2023-11-02,PROD_019,Merrell Moab 2 GTX,Outdoor,Zapatillas Trail,110,False,2,112.49,224.98,103.10333333333334,1.0668908215059325,0,0,0,0,0,0,0,0,0,0,0,0,1,0,0,0,0,0,0,0,0,0,0,0,0,1,0,0,0,0,0,0,0,0,0,0,0,0,0,0,0,0,0,1
2023-11-02,PROD_020,Quechua MH500,Outdoor,Ropa Montaña,80,False,2,78.28,156.56,75.86666666666666,1.0544815465729351,0,0,0,0,0,0,0,0,0,0,0,0,0,0,0,0,0,1,0,0,0,0,0,0,0,1,0,0,0,0,0,0,0,0,0,0,0,0,0,0,1,0,0,0
2023-11-02,PROD_021,Manduka PRO Yoga Mat,Wellness,Esterilla Yoga,130,True,6,128.56,771.36,126.94333333333333,1.0240789853740515,0,0,0,0,0,0,0,0,0,0,0,1,0,0,0,0,0,0,0,0,0,0,0,0,0,0,0,1,0,0,0,0,0,0,1,0,0,0,0,0,0,0,0,0
2023-11-02,PROD_022,Gaiam Premium Yoga Block,Wellness,Bloque Yoga,20,False,1,20.47,20.47,20.046666666666667,0.9976720984369803,0,0,0,0,0,0,0,0,1,0,0,0,0,0,0,0,0,0,0,0,0,0,0,0,0,0,0,1,0,0,0,1,0,0,0,0,0,0,0,0,0,0,0,0
2023-11-02,PROD_023,Liforme Yoga Pad,Wellness,Rodillera Yoga,35,False,1,34.55,34.55,33.836666666666666,1.034380849177421,0,0,0,0,0,0,0,0,0,1,0,0,0,0,0,0,0,0,0,0,0,0,0,0,0,0,0,1,0,0,0,0,0,0,0,0,0,0,0,1,0,0,0,0
2023-11-02,PROD_024,Lotuscrafts Yoga Bolster,Wellness,Cojín Yoga,50,False,1,49.73,49.73,46.85666666666666,1.0670840150814542,0,0,0,0,0,0,0,0,0,0,1,0,0,0,0,0,0,0,0,0,0,0,0,0,0,0,0,1,0,0,0,0,1,0,0,0,0,0,0,0,0,0,0,0
2023-11-03,PROD_001,Nike Air Zoom Pegasus 40,Running,Zapatillas Running,115,True,14,114.91,1608.74,101.51666666666667,1.13281891315055,0,0,0,0,0,0,0,0,0,0,0,0,0,0,1,0,0,0,0,0,0,0,0,0,0,0,1,0,0,0,0,0,0,0,0,0,0,0,0,0,0,0,1,0
2023-11-03,PROD_002,Adidas Ultraboost 23,Running,Zapatillas Running,135,True,16,133.68,2138.88,121.89999999999999,1.1074651353568499,0,1,0,0,0,0,0,0,0,0,0,0,0,0,0,0,0,0,0,0,0,0,0,0,0,0,1,0,0,0,0,0,0,0,0,0,0,0,0,0,0,0,1,0
2023-11-03,PROD_003,Asics Gel Nimbus 25,Running,Zapatillas Running,85,False,3,85.14,255.42,84.37666666666668,1.0073875083948958,0,0,1,0,0,0,0,0,0,0,0,0,0,0,0,0,0,0,0,0,0,0,0,0,0,0,1,0,0,0,0,0,0,0,0,0,0,0,0,0,0,0,1,0
2023-11-03,PROD_004,New Balance Fresh Foam X 1080v12,Running,Zapatillas Running,75,False,3,77.18,231.54,67.98666666666666,1.103157481859188,0,0,0,0,0,0,0,0,0,0,0,0,0,1,0,0,0,0,0,0,0,0,0,0,0,0,1,0,0,0,0,0,0,0,0,0,0,0,0,0,0,0,1,0
2023-11-03,PROD_005,Nike Dri-FIT Miler,Running,Ropa Running,35,False,3,35.79,107.37,34.89666666666667,1.0029611233164581,0,0,0,0,0,0,0,0,0,0,0,0,0,0,0,1,0,0,0,0,0,0,0,0,0,0,1,0,0,0,0,0,0,0,0,0,0,0,0,0,0,1,0,0
2023-11-03,PROD_006,Adidas Own The Run Jacket,Running,Ropa Running,65,False,2,63.95,127.9,61.776666666666664,1.0521771974316085,1,0,0,0,0,0,0,0,0,0,0,0,0,0,0,0,0,0,0,0,0,0,0,0,0,0,1,0,0,0,0,0,0,0,0,0,0,0,0,0,0,1,0,0
2023-11-03,PROD_007,Puma Velocity Nitro 2,Running,Zapatillas Running,70,False,2,70.06,140.12,67.45333333333333,1.0377544969361534,0,0,0,0,0,0,0,0,0,0,0,0,0,0,0,0,1,0,0,0,0,0,0,0,0,0,1,0,0,0,0,0,0,0,0,0,0,0,0,0,0,0,1,0
2023-11-03,PROD_008,Reebok Floatride Energy 5,Running,Zapatillas Running,65,False,3,66.44,199.32,65.58,0.9911558401951814,0,0,0,0,0,0,0,0,0,0,0,0,0,0,0,0,0,0,1,0,0,0,0,0,0,0,1,0,0,0,0,0,0,0,0,0,0,0,0,0,0,0,1,0
2023-11-03,PROD_009,Bowflex SelectTech 552,Fitness,Mancuernas Ajustables,400,True,3,402.25,1206.75,371.51,1.0766870339963932,0,0,0,1,0,0,0,0,0,0,0,0,0,0,0,0,0,0,0,0,0,0,0,0,1,0,0,0,0,0,0,0,0,0,0,1,0,0,0,0,0,0,0,0
2023-11-03,PROD_010,Domyos BM900,Fitness,Banco Gimnasio,175,True,3,171.14,513.42,172.49333333333334,1.014531962587926,0,0,0,0,0,0,1,0,0,0,0,0,0,0,0,0,0,0,0,0,0,0,0,0,1,0,0,0,1,0,0,0,0,0,0,0,0,0,0,0,0,0,0,0
2023-11-03,PROD_011,Reebok Professional Deck,Fitness,Esterilla Fitness,45,False,4,44.56,178.24,44.120000000000005,1.0199456029011784,0,0,0,0,0,0,0,0,0,0,0,0,0,0,0,0,0,0,0,1,0,0,0,0,1,0,0,0,0,0,0,0,0,1,0,0,0,0,0,0,0,0,0,0
2023-11-03,PROD_012,Domyos Kit Mancuernas 20kg,Fitness,Pesas Casa,55,False,5,54.67,273.35,52.6,1.0456273764258555,0,0,0,0,0,0,0,1,0,0,0,0,0,0,0,0,0,0,0,0,0,0,0,0,1,0,0,0,0,0,0,0,0,0,0,0,0,0,1,0,0,0,0,0
2023-11-03,PROD_013,Decathlon Bandas Elásticas Set,Fitness,Bandas Elásticas,25,False,4,25.61,102.44,24.330000000000002,1.0275380189066994,0,0,0,0,0,1,0,0,0,0,0,0,0,0,0,0,0,0,0,0,0,0,0,0,1,0,0,0,0,1,0,0,0,0,0,0,0,0,0,0,0,0,0,0
2023-11-03,PROD_014,Sveltus Kettlebell 12kg,Fitness,Pesa Rusa,40,False,3,40.37,121.11,38.38333333333333,1.0421189752496745,0,0,0,0,0,0,0,0,0,0,0,0,0,0,0,0,0,0,0,0,0,1,0,0,1,0,0,0,0,0,0,0,0,0,0,0,0,1,0,0,0,0,0,0
2023-11-03,PROD_015,Salomon Speedcross 5 GTX,Outdoor,Zapatillas Trail,150,True,5,150.98,754.9,146.39333333333332,1.0246368231704541,0,0,0,0,0,0,0,0,0,0,0,0,0,0,0,0,0,0,0,0,1,0,0,0,0,1,0,0,0,0,0,0,0,0,0,0,0,0,0,0,0,0,0,1
2023-11-03,PROD_016,Trek Marlin 7,Outdoor,Bicicleta Montaña,830,True,3,840.39,2521.17,801.3633333333333,1.0357349350481886,0,0,0,0,0,0,0,0,0,0,0,0,0,0,0,0,0,0,0,0,0,0,0,1,0,1,0,0,0,0,1,0,0,0,0,0,0,0,0,0,0,0,0,0
2023-11-03,PROD_017,The North Face Borealis,Outdoor,Mochila Trekking,95,False,2,95.48,190.96,92.99000000000001,1.021615227443811,0,0,0,0,0,0,0,0,0,0,0,0,0,0,0,0,0,0,0,0,0,0,1,0,0,1,0,0,0,0,0,0,0,0,0,0,1,0,0,0,0,0,0,0
2023-11-03,PROD_018,Columbia Silver Ridge,Outdoor,Ropa Montaña,70,False,3,71.4,214.2,67.86999999999999,1.0313835273316636,0,0,0,0,1,0,0,0,0,0,0,0,0,0,0,0,0,0,0,0,0,0,0,0,0,1,0,0,0,0,0,0,0,0,0,0,0,0,0,0,1,0,0,0
2023-11-03,PROD_019,Merrell Moab 2 GTX,Outdoor,Zapatillas Trail,110,False,2,109.67,219.34,105.55333333333334,1.0421272026779511,0,0,0,0,0,0,0,0,0,0,0,0,1,0,0,0,0,0,0,0,0,0,0,0,0,1,0,0,0,0,0,0,0,0,0,0,0,0,0,0,0,0,0,1
2023-11-03,PROD_020,Quechua MH500,Outdoor,Ropa Montaña,80,False,2,80.27,160.54,76.17999999999999,1.0501443948542926,0,0,0,0,0,0,0,0,0,0,0,0,0,0,0,0,0,1,0,0,0,0,0,0,0,1,0,0,0,0,0,0,0,0,0,0,0,0,0,0,1,0,0,0
2023-11-03,PROD_021,Manduka PRO Yoga Mat,Wellness,Esterilla Yoga,130,True,7,128.0,896.0,125.17666666666666,1.0385322078129577,0,0,0,0,0,0,0,0,0,0,0,1,0,0,0,0,0,0,0,0,0,0,0,0,0,0,0,1,0,0,0,0,0,0,1,0,0,0,0,0,0,0,0,0
2023-11-03,PROD_022,Gaiam Premium Yoga Block,Wellness,Bloque Yoga,20,False,2,19.65,39.3,19.14,1.044932079414838,0,0,0,0,0,0,0,0,1,0,0,0,0,0,0,0,0,0,0,0,0,0,0,0,0,0,0,1,0,0,0,1,0,0,0,0,0,0,0,0,0,0,0,0
2023-11-03,PROD_023,Liforme Yoga Pad,Wellness,Rodillera Yoga,35,False,2,34.29,68.58,34.16,1.0245901639344264,0,0,0,0,0,0,0,0,0,1,0,0,0,0,0,0,0,0,0,0,0,0,0,0,0,0,0,1,0,0,0,0,0,0,0,0,0,0,0,1,0,0,0,0
2023-11-03,PROD_024,Lotuscrafts Yoga Bolster,Wellness,Cojín Yoga,50,False,2,49.8,99.6,50.20666666666667,0.9958836807860841,0,0,0,0,0,0,0,0,0,0,1,0,0,0,0,0,0,0,0,0,0,0,0,0,0,0,0,1,0,0,0,0,1,0,0,0,0,0,0,0,0,0,0,0
2023-11-04,PROD_001,Nike Air Zoom Pegasus 40,Running,Zapatillas Running,115,True,15,113.07,1696.05,105.31,1.092014053746083,0,0,0,0,0,0,0,0,0,0,0,0,0,0,1,0,0,0,0,0,0,0,0,0,0,0,1,0,0,0,0,0,0,0,0,0,0,0,0,0,0,0,1,0
2023-11-04,PROD_002,Adidas Ultraboost 23,Running,Zapatillas Running,135,True,15,136.34,2045.1,124.37666666666667,1.0854125907860532,0,1,0,0,0,0,0,0,0,0,0,0,0,0,0,0,0,0,0,0,0,0,0,0,0,0,1,0,0,0,0,0,0,0,0,0,0,0,0,0,0,0,1,0
2023-11-04,PROD_003,Asics Gel Nimbus 25,Running,Zapatillas Running,85,False,3,84.99,254.97,82.18333333333334,1.0342729669438246,0,0,1,0,0,0,0,0,0,0,0,0,0,0,0,0,0,0,0,0,0,0,0,0,0,0,1,0,0,0,0,0,0,0,0,0,0,0,0,0,0,0,1,0
2023-11-04,PROD_004,New Balance Fresh Foam X 1080v12,Running,Zapatillas Running,75,False,4,75.03,300.12,71.14,1.0542592071970762,0,0,0,0,0,0,0,0,0,0,0,0,0,1,0,0,0,0,0,0,0,0,0,0,0,0,1,0,0,0,0,0,0,0,0,0,0,0,0,0,0,0,1,0
2023-11-04,PROD_005,Nike Dri-FIT Miler,Running,Ropa Running,35,False,3,34.49,103.47,34.083333333333336,1.0268948655256722,0,0,0,0,0,0,0,0,0,0,0,0,0,0,0,1,0,0,0,0,0,0,0,0,0,0,1,0,0,0,0,0,0,0,0,0,0,0,0,0,0,1,0,0
2023-11-04,PROD_006,Adidas Own The Run Jacket,Running,Ropa Running,65,False,3,63.73,191.19,63.093333333333334,1.0302197802197801,1,0,0,0,0,0,0,0,0,0,0,0,0,0,0,0,0,0,0,0,0,0,0,0,0,0,1,0,0,0,0,0,0,0,0,0,0,0,0,0,0,1,0,0
2023-11-04,PROD_007,Puma Velocity Nitro 2,Running,Zapatillas Running,70,False,2,69.05,138.1,67.63666666666667,1.0349415997240154,0,0,0,0,0,0,0,0,0,0,0,0,0,0,0,0,1,0,0,0,0,0,0,0,0,0,1,0,0,0,0,0,0,0,0,0,0,0,0,0,0,0,1,0
2023-11-04,PROD_008,Reebok Floatride Energy 5,Running,Zapatillas Running,65,False,3,66.81,200.43,65.55666666666667,0.9915086184979914,0,0,0,0,0,0,0,0,0,0,0,0,0,0,0,0,0,0,1,0,0,0,0,0,0,0,1,0,0,0,0,0,0,0,0,0,0,0,0,0,0,0,1,0
2023-11-04,PROD_009,Bowflex SelectTech 552,Fitness,Mancuernas Ajustables,400,True,3,392.11,1176.33,372.33666666666664,1.074296559565268,0,0,0,1,0,0,0,0,0,0,0,0,0,0,0,0,0,0,0,0,0,0,0,0,1,0,0,0,0,0,0,0,0,0,0,1,0,0,0,0,0,0,0,0
2023-11-04,PROD_010,Domyos BM900,Fitness,Banco Gimnasio,175,True,3,172.1,516.3,172.34666666666666,1.0153953272474083,0,0,0,0,0,0,1,0,0,0,0,0,0,0,0,0,0,0,0,0,0,0,0,0,1,0,0,0,1,0,0,0,0,0,0,0,0,0,0,0,0,0,0,0
2023-11-04,PROD_011,Reebok Professional Deck,Fitness,Esterilla Fitness,45,False,5,46.27,231.35,43.093333333333334,1.0442450495049505,0,0,0,0,0,0,0,0,0,0,0,0,0,0,0,0,0,0,0,1,0,0,0,0,1,0,0,0,0,0,0,0,0,1,0,0,0,0,0,0,0,0,0,0
2023-11-04,PROD_012,Domyos Kit Mancuernas 20kg,Fitness,Pesas Casa,55,False,5,55.65,278.25,52.36000000000001,1.0504201680672267,0,0,0,0,0,0,0,1,0,0,0,0,0,0,0,0,0,0,0,0,0,0,0,0,1,0,0,0,0,0,0,0,0,0,0,0,0,0,1,0,0,0,0,0
2023-11-04,PROD_013,Decathlon Bandas Elásticas Set,Fitness,Bandas Elásticas,25,False,4,25.74,102.96,23.546666666666663,1.0617214043035108,0,0,0,0,0,1,0,0,0,0,0,0,0,0,0,0,0,0,0,0,0,0,0,0,1,0,0,0,0,1,0,0,0,0,0,0,0,0,0,0,0,0,0,0
2023-11-04,PROD_014,Sveltus Kettlebell 12kg,Fitness,Pesa Rusa,40,False,4,38.96,155.84,39.75666666666667,1.0061205667812525,0,0,0,0,0,0,0,0,0,0,0,0,0,0,0,0,0,0,0,0,0,1,0,0,1,0,0,0,0,0,0,0,0,0,0,0,0,1,0,0,0,0,0,0
2023-11-04,PROD_015,Salomon Speedcross 5 GTX,Outdoor,Zapatillas Trail,150,True,6,151.5,909.0,145.02333333333334,1.0343163169145195,0,0,0,0,0,0,0,0,0,0,0,0,0,0,0,0,0,0,0,0,1,0,0,0,0,1,0,0,0,0,0,0,0,0,0,0,0,0,0,0,0,0,0,1
2023-11-04,PROD_016,Trek Marlin 7,Outdoor,Bicicleta Montaña,830,True,5,810.52,4052.6,792.6233333333333,1.0471556477015145,0,0,0,0,0,0,0,0,0,0,0,0,0,0,0,0,0,0,0,0,0,0,0,1,0,1,0,0,0,0,1,0,0,0,0,0,0,0,0,0,0,0,0,0
2023-11-04,PROD_017,The North Face Borealis,Outdoor,Mochila Trekking,95,False,4,97.54,390.16,93.38666666666666,1.0172758423757853,0,0,0,0,0,0,0,0,0,0,0,0,0,0,0,0,0,0,0,0,0,0,1,0,0,1,0,0,0,0,0,0,0,0,0,0,1,0,0,0,0,0,0,0
2023-11-04,PROD_018,Columbia Silver Ridge,Outdoor,Ropa Montaña,70,False,3,68.05,204.15,67.64999999999999,1.034737620103474,0,0,0,0,1,0,0,0,0,0,0,0,0,0,0,0,0,0,0,0,0,0,0,0,0,1,0,0,0,0,0,0,0,0,0,0,0,0,0,0,1,0,0,0
2023-11-04,PROD_019,Merrell Moab 2 GTX,Outdoor,Zapatillas Trail,110,False,3,113.04,339.12,103.25,1.0653753026634383,0,0,0,0,0,0,0,0,0,0,0,0,1,0,0,0,0,0,0,0,0,0,0,0,0,1,0,0,0,0,0,0,0,0,0,0,0,0,0,0,0,0,0,1
2023-11-04,PROD_020,Quechua MH500,Outdoor,Ropa Montaña,80,False,3,82.13,246.39,76.51333333333334,1.045569399668903,0,0,0,0,0,0,0,0,0,0,0,0,0,0,0,0,0,1,0,0,0,0,0,0,0,1,0,0,0,0,0,0,0,0,0,0,0,0,0,0,1,0,0,0
2023-11-04,PROD_021,Manduka PRO Yoga Mat,Wellness,Esterilla Yoga,130,True,7,133.35,933.45,125.64333333333333,1.0346748733186533,0,0,0,0,0,0,0,0,0,0,0,1,0,0,0,0,0,0,0,0,0,0,0,0,0,0,0,1,0,0,0,0,0,0,1,0,0,0,0,0,0,0,0,0
2023-11-04,PROD_022,Gaiam Premium Yoga Block,Wellness,Bloque Yoga,20,False,2,20.1,40.2,19.28,1.0373443983402488,0,0,0,0,0,0,0,0,1,0,0,0,0,0,0,0,0,0,0,0,0,0,0,0,0,0,0,1,0,0,0,1,0,0,0,0,0,0,0,0,0,0,0,0
2023-11-04,PROD_023,Liforme Yoga Pad,Wellness,Rodillera Yoga,35,False,2,35.42,70.84,34.52333333333333,1.0138070869943034,0,0,0,0,0,0,0,0,0,1,0,0,0,0,0,0,0,0,0,0,0,0,0,0,0,0,0,1,0,0,0,0,0,0,0,0,0,0,0,1,0,0,0,0
2023-11-04,PROD_024,Lotuscrafts Yoga Bolster,Wellness,Cojín Yoga,50,False,2,51.04,102.08,49.88,1.0024057738572574,0,0,0,0,0,0,0,0,0,0,1,0,0,0,0,0,0,0,0,0,0,0,0,0,0,0,0,1,0,0,0,0,1,0,0,0,0,0,0,0,0,0,0,0
2023-11-05,PROD_001,Nike Air Zoom Pegasus 40,Running,Zapatillas Running,115,True,17,115.93,1970.81,103.70333333333333,1.1089325319018997,0,0,0,0,0,0,0,0,0,0,0,0,0,0,1,0,0,0,0,0,0,0,0,0,0,0,1,0,0,0,0,0,0,0,0,0,0,0,0,0,0,0,1,0
2023-11-05,PROD_002,Adidas Ultraboost 23,Running,Zapatillas Running,135,True,12,138.67,1664.04,123.0,1.0975609756097562,0,1,0,0,0,0,0,0,0,0,0,0,0,0,0,0,0,0,0,0,0,0,0,0,0,0,1,0,0,0,0,0,0,0,0,0,0,0,0,0,0,0,1,0
2023-11-05,PROD_003,Asics Gel Nimbus 25,Running,Zapatillas Running,85,False,4,83.15,332.6,82.3,1.0328068043742407,0,0,1,0,0,0,0,0,0,0,0,0,0,0,0,0,0,0,0,0,0,0,0,0,0,0,1,0,0,0,0,0,0,0,0,0,0,0,0,0,0,0,1,0
2023-11-05,PROD_004,New Balance Fresh Foam X 1080v12,Running,Zapatillas Running,75,False,3,76.31,228.93,75.2,0.9973404255319148,0,0,0,0,0,0,0,0,0,0,0,0,0,1,0,0,0,0,0,0,0,0,0,0,0,0,1,0,0,0,0,0,0,0,0,0,0,0,0,0,0,0,1,0
2023-11-05,PROD_005,Nike Dri-FIT Miler,Running,Ropa Running,35,False,4,35.49,141.96,33.596666666666664,1.0417700168667527,0,0,0,0,0,0,0,0,0,0,0,0,0,0,0,1,0,0,0,0,0,0,0,0,0,0,1,0,0,0,0,0,0,0,0,0,0,0,0,0,0,1,0,0
2023-11-05,PROD_006,Adidas Own The Run Jacket,Running,Ropa Running,65,False,3,65.78,197.34,62.72,1.0363520408163265,1,0,0,0,0,0,0,0,0,0,0,0,0,0,0,0,0,0,0,0,0,0,0,0,0,0,1,0,0,0,0,0,0,0,0,0,0,0,0,0,0,1,0,0
2023-11-05,PROD_007,Puma Velocity Nitro 2,Running,Zapatillas Running,70,False,3,69.98,209.94,69.32333333333332,1.0097610232245038,0,0,0,0,0,0,0,0,0,0,0,0,0,0,0,0,1,0,0,0,0,0,0,0,0,0,1,0,0,0,0,0,0,0,0,0,0,0,0,0,0,0,1,0
2023-11-05,PROD_008,Reebok Floatride Energy 5,Running,Zapatillas Running,65,False,3,64.27,192.81,63.22,1.0281556469471687,0,0,0,0,0,0,0,0,0,0,0,0,0,0,0,0,0,0,1,0,0,0,0,0,0,0,1,0,0,0,0,0,0,0,0,0,0,0,0,0,0,0,1,0
2023-11-05,PROD_009,Bowflex SelectTech 552,Fitness,Mancuernas Ajustables,400,True,2,400.56,801.12,372.5533333333333,1.0736717785373013,0,0,0,1,0,0,0,0,0,0,0,0,0,0,0,0,0,0,0,0,0,0,0,0,1,0,0,0,0,0,0,0,0,0,0,1,0,0,0,0,0,0,0,0
2023-11-05,PROD_010,Domyos BM900,Fitness,Banco Gimnasio,175,True,2,171.96,343.92,171.17333333333332,1.0223555070883317,0,0,0,0,0,0,1,0,0,0,0,0,0,0,0,0,0,0,0,0,0,0,0,0,1,0,0,0,1,0,0,0,0,0,0,0,0,0,0,0,0,0,0,0
2023-11-05,PROD_011,Reebok Professional Deck,Fitness,Esterilla Fitness,45,False,3,43.71,131.13,43.24333333333333,1.0406228320357667,0,0,0,0,0,0,0,0,0,0,0,0,0,0,0,0,0,0,0,1,0,0,0,0,1,0,0,0,0,0,0,0,0,1,0,0,0,0,0,0,0,0,0,0
2023-11-05,PROD_012,Domyos Kit Mancuernas 20kg,Fitness,Pesas Casa,55,False,4,54.75,219.0,52.60333333333333,1.045561117799886,0,0,0,0,0,0,0,1,0,0,0,0,0,0,0,0,0,0,0,0,0,0,0,0,1,0,0,0,0,0,0,0,0,0,0,0,0,0,1,0,0,0,0,0
2023-11-05,PROD_013,Decathlon Bandas Elásticas Set,Fitness,Bandas Elásticas,25,False,4,24.56,98.24,23.85666666666667,1.0479251082855945,0,0,0,0,0,1,0,0,0,0,0,0,0,0,0,0,0,0,0,0,0,0,0,0,1,0,0,0,0,1,0,0,0,0,0,0,0,0,0,0,0,0,0,0
2023-11-05,PROD_014,Sveltus Kettlebell 12kg,Fitness,Pesa Rusa,40,False,4,39.21,156.84,38.6,1.0362694300518134,0,0,0,0,0,0,0,0,0,0,0,0,0,0,0,0,0,0,0,0,0,1,0,0,1,0,0,0,0,0,0,0,0,0,0,0,0,1,0,0,0,0,0,0
2023-11-05,PROD_015,Salomon Speedcross 5 GTX,Outdoor,Zapatillas Trail,150,True,4,149.75,599.0,147.29333333333332,1.018376029691319,0,0,0,0,0,0,0,0,0,0,0,0,0,0,0,0,0,0,0,0,1,0,0,0,0,1,0,0,0,0,0,0,0,0,0,0,0,0,0,0,0,0,0,1
2023-11-05,PROD_016,Trek Marlin 7,Outdoor,Bicicleta Montaña,830,True,3,828.42,2485.26,803.3833333333332,1.0331307180051035,0,0,0,0,0,0,0,0,0,0,0,0,0,0,0,0,0,0,0,0,0,0,0,1,0,1,0,0,0,0,1,0,0,0,0,0,0,0,0,0,0,0,0,0
2023-11-05,PROD_017,The North Face Borealis,Outdoor,Mochila Trekking,95,False,2,96.72,193.44,93.86,1.0121457489878543,0,0,0,0,0,0,0,0,0,0,0,0,0,0,0,0,0,0,0,0,0,0,1,0,0,1,0,0,0,0,0,0,0,0,0,0,1,0,0,0,0,0,0,0
2023-11-05,PROD_018,Columbia Silver Ridge,Outdoor,Ropa Montaña,70,False,2,72.08,144.16,69.74,1.0037281330656727,0,0,0,0,1,0,0,0,0,0,0,0,0,0,0,0,0,0,0,0,0,0,0,0,0,1,0,0,0,0,0,0,0,0,0,0,0,0,0,0,1,0,0,0
2023-11-05,PROD_019,Merrell Moab 2 GTX,Outdoor,Zapatillas Trail,110,False,2,110.39,220.78,104.94666666666667,1.0481514420022868,0,0,0,0,0,0,0,0,0,0,0,0,1,0,0,0,0,0,0,0,0,0,0,0,0,1,0,0,0,0,0,0,0,0,0,0,0,0,0,0,0,0,0,1
2023-11-05,PROD_020,Quechua MH500,Outdoor,Ropa Montaña,80,False,2,81.07,162.14,76.97333333333334,1.0393209769617182,0,0,0,0,0,0,0,0,0,0,0,0,0,0,0,0,0,1,0,0,0,0,0,0,0,1,0,0,0,0,0,0,0,0,0,0,0,0,0,0,1,0,0,0
2023-11-05,PROD_021,Manduka PRO Yoga Mat,Wellness,Esterilla Yoga,130,True,7,128.34,898.38,125.96666666666665,1.0320190526594337,0,0,0,0,0,0,0,0,0,0,0,1,0,0,0,0,0,0,0,0,0,0,0,0,0,0,0,1,0,0,0,0,0,0,1,0,0,0,0,0,0,0,0,0
2023-11-05,PROD_022,Gaiam Premium Yoga Block,Wellness,Bloque Yoga,20,False,2,20.36,40.72,19.169999999999998,1.0432968179447053,0,0,0,0,0,0,0,0,1,0,0,0,0,0,0,0,0,0,0,0,0,0,0,0,0,0,0,1,0,0,0,1,0,0,0,0,0,0,0,0,0,0,0,0
2023-11-05,PROD_023,Liforme Yoga Pad,Wellness,Rodillera Yoga,35,False,1,34.49,34.49,34.086666666666666,1.0267944455309994,0,0,0,0,0,0,0,0,0,1,0,0,0,0,0,0,0,0,0,0,0,0,0,0,0,0,0,1,0,0,0,0,0,0,0,0,0,0,0,1,0,0,0,0
2023-11-05,PROD_024,Lotuscrafts Yoga Bolster,Wellness,Cojín Yoga,50,False,2,48.59,97.18,48.24666666666667,1.036341025286721,0,0,0,0,0,0,0,0,0,0,1,0,0,0,0,0,0,0,0,0,0,0,0,0,0,0,0,1,0,0,0,0,1,0,0,0,0,0,0,0,0,0,0,0
2023-11-06,PROD_001,Nike Air Zoom Pegasus 40,Running,Zapatillas Running,115,True,13,114.4,1487.2,102.71666666666665,1.1195846178809024,0,0,0,0,0,0,0,0,0,0,0,0,0,0,1,0,0,0,0,0,0,0,0,0,0,0,1,0,0,0,0,0,0,0,0,0,0,0,0,0,0,0,1,0
2023-11-06,PROD_002,Adidas Ultraboost 23,Running,Zapatillas Running,135,True,14,132.44,1854.16,120.80333333333334,1.1175188322618028,0,1,0,0,0,0,0,0,0,0,0,0,0,0,0,0,0,0,0,0,0,0,0,0,0,0,1,0,0,0,0,0,0,0,0,0,0,0,0,0,0,0,1,0
2023-11-06,PROD_003,Asics Gel Nimbus 25,Running,Zapatillas Running,85,False,3,84.82,254.46,85.76333333333332,0.9910995374868826,0,0,1,0,0,0,0,0,0,0,0,0,0,0,0,0,0,0,0,0,0,0,0,0,0,0,1,0,0,0,0,0,0,0,0,0,0,0,0,0,0,0,1,0
2023-11-06,PROD_004,New Balance Fresh Foam X 1080v12,Running,Zapatillas Running,75,False,2,74.82,149.64,74.90666666666668,1.0012459950160197,0,0,0,0,0,0,0,0,0,0,0,0,0,1,0,0,0,0,0,0,0,0,0,0,0,0,1,0,0,0,0,0,0,0,0,0,0,0,0,0,0,0,1,0
2023-11-06,PROD_005,Nike Dri-FIT Miler,Running,Ropa Running,35,False,3,34.24,102.72,32.77333333333333,1.0679414157851912,0,0,0,0,0,0,0,0,0,0,0,0,0,0,0,1,0,0,0,0,0,0,0,0,0,0,1,0,0,0,0,0,0,0,0,0,0,0,0,0,0,1,0,0
2023-11-06,PROD_006,Adidas Own The Run Jacket,Running,Ropa Running,65,False,2,63.68,127.36,62.160000000000004,1.0456885456885456,1,0,0,0,0,0,0,0,0,0,0,0,0,0,0,0,0,0,0,0,0,0,0,0,0,0,1,0,0,0,0,0,0,0,0,0,0,0,0,0,0,1,0,0
2023-11-06,PROD_007,Puma Velocity Nitro 2,Running,Zapatillas Running,70,False,2,70.7,141.4,69.23666666666666,1.011024986760387,0,0,0,0,0,0,0,0,0,0,0,0,0,0,0,0,1,0,0,0,0,0,0,0,0,0,1,0,0,0,0,0,0,0,0,0,0,0,0,0,0,0,1,0
2023-11-06,PROD_008,Reebok Floatride Energy 5,Running,Zapatillas Running,65,False,2,63.31,126.62,63.76,1.019447929736512,0,0,0,0,0,0,0,0,0,0,0,0,0,0,0,0,0,0,1,0,0,0,0,0,0,0,1,0,0,0,0,0,0,0,0,0,0,0,0,0,0,0,1,0
2023-11-06,PROD_009,Bowflex SelectTech 552,Fitness,Mancuernas Ajustables,400,True,2,407.93,815.86,372.7666666666667,1.073057319145131,0,0,0,1,0,0,0,0,0,0,0,0,0,0,0,0,0,0,0,0,0,0,0,0,1,0,0,0,0,0,0,0,0,0,0,1,0,0,0,0,0,0,0,0
2023-11-06,PROD_010,Domyos BM900,Fitness,Banco Gimnasio,175,True,3,172.52,517.56,173.7433333333333,1.0072328914298871,0,0,0,0,0,0,1,0,0,0,0,0,0,0,0,0,0,0,0,0,0,0,0,0,1,0,0,0,1,0,0,0,0,0,0,0,0,0,0,0,0,0,0,0
2023-11-06,PROD_011,Reebok Professional Deck,Fitness,Esterilla Fitness,45,False,3,44.75,134.25,44.083333333333336,1.0207939508506616,0,0,0,0,0,0,0,0,0,0,0,0,0,0,0,0,0,0,0,1,0,0,0,0,1,0,0,0,0,0,0,0,0,1,0,0,0,0,0,0,0,0,0,0
2023-11-06,PROD_012,Domyos Kit Mancuernas 20kg,Fitness,Pesas Casa,55,False,3,56.38,169.14,55.56999999999999,0.9897426669066044,0,0,0,0,0,0,0,1,0,0,0,0,0,0,0,0,0,0,0,0,0,0,0,0,1,0,0,0,0,0,0,0,0,0,0,0,0,0,1,0,0,0,0,0
2023-11-06,PROD_013,Decathlon Bandas Elásticas Set,Fitness,Bandas Elásticas,25,False,4,24.79,99.16,24.64,1.0146103896103895,0,0,0,0,0,1,0,0,0,0,0,0,0,0,0,0,0,0,0,0,0,0,0,0,1,0,0,0,0,1,0,0,0,0,0,0,0,0,0,0,0,0,0,0
2023-11-06,PROD_014,Sveltus Kettlebell 12kg,Fitness,Pesa Rusa,40,False,3,40.71,122.13,39.04666666666667,1.0244152296397473,0,0,0,0,0,0,0,0,0,0,0,0,0,0,0,0,0,0,0,0,0,1,0,0,1,0,0,0,0,0,0,0,0,0,0,0,0,1,0,0,0,0,0,0
2023-11-06,PROD_015,Salomon Speedcross 5 GTX,Outdoor,Zapatillas Trail,150,True,4,146.26,585.04,145.13666666666666,1.033508647022347,0,0,0,0,0,0,0,0,0,0,0,0,0,0,0,0,0,0,0,0,1,0,0,0,0,1,0,0,0,0,0,0,0,0,0,0,0,0,0,0,0,0,0,1
2023-11-06,PROD_016,Trek Marlin 7,Outdoor,Bicicleta Montaña,830,True,5,811.77,4058.85,783.2633333333333,1.0596691619251082,0,0,0,0,0,0,0,0,0,0,0,0,0,0,0,0,0,0,0,0,0,0,0,1,0,1,0,0,0,0,1,0,0,0,0,0,0,0,0,0,0,0,0,0
2023-11-06,PROD_017,The North Face Borealis,Outdoor,Mochila Trekking,95,False,2,93.66,187.32,94.35666666666667,1.006818101529657,0,0,0,0,0,0,0,0,0,0,0,0,0,0,0,0,0,0,0,0,0,0,1,0,0,1,0,0,0,0,0,0,0,0,0,0,1,0,0,0,0,0,0,0
2023-11-06,PROD_018,Columbia Silver Ridge,Outdoor,Ropa Montaña,70,False,2,68.97,137.94,67.08333333333333,1.0434782608695652,0,0,0,0,1,0,0,0,0,0,0,0,0,0,0,0,0,0,0,0,0,0,0,0,0,1,0,0,0,0,0,0,0,0,0,0,0,0,0,0,1,0,0,0
2023-11-06,PROD_019,Merrell Moab 2 GTX,Outdoor,Zapatillas Trail,110,False,3,109.22,327.66,104.58,1.0518263530311722,0,0,0,0,0,0,0,0,0,0,0,0,1,0,0,0,0,0,0,0,0,0,0,0,0,1,0,0,0,0,0,0,0,0,0,0,0,0,0,0,0,0,0,1
2023-11-06,PROD_020,Quechua MH500,Outdoor,Ropa Montaña,80,False,2,80.51,161.02,78.93666666666667,1.0134707149191335,0,0,0,0,0,0,0,0,0,0,0,0,0,0,0,0,0,1,0,0,0,0,0,0,0,1,0,0,0,0,0,0,0,0,0,0,0,0,0,0,1,0,0,0
2023-11-06,PROD_021,Manduka PRO Yoga Mat,Wellness,Esterilla Yoga,130,True,5,131.39,656.95,125.86000000000001,1.0328936914031461,0,0,0,0,0,0,0,0,0,0,0,1,0,0,0,0,0,0,0,0,0,0,0,0,0,0,0,1,0,0,0,0,0,0,1,0,0,0,0,0,0,0,0,0
2023-11-06,PROD_022,Gaiam Premium Yoga Block,Wellness,Bloque Yoga,20,False,1,19.83,19.83,18.813333333333336,1.0630758327427354,0,0,0,0,0,0,0,0,1,0,0,0,0,0,0,0,0,0,0,0,0,0,0,0,0,0,0,1,0,0,0,1,0,0,0,0,0,0,0,0,0,0,0,0
2023-11-06,PROD_023,Liforme Yoga Pad,Wellness,Rodillera Yoga,35,False,1,34.23,34.23,34.54333333333333,1.0132201100067548,0,0,0,0,0,0,0,0,0,1,0,0,0,0,0,0,0,0,0,0,0,0,0,0,0,0,0,1,0,0,0,0,0,0,0,0,0,0,0,1,0,0,0,0
2023-11-06,PROD_024,Lotuscrafts Yoga Bolster,Wellness,Cojín Yoga,50,False,1,48.52,48.52,47.92333333333334,1.0433331014815328,0,0,0,0,0,0,0,0,0,0,1,0,0,0,0,0,0,0,0,0,0,0,0,0,0,0,0,1,0,0,0,0,1,0,0,0,0,0,0,0,0,0,0,0
2023-11-07,PROD_001,Nike Air Zoom Pegasus 40,Running,Zapatillas Running,115,True,12,116.51,1398.12,102.12333333333333,1.1260893690635505,0,0,0,0,0,0,0,0,0,0,0,0,0,0,1,0,0,0,0,0,0,0,0,0,0,0,1,0,0,0,0,0,0,0,0,0,0,0,0,0,0,0,1,0
2023-11-07,PROD_002,Adidas Ultraboost 23,Running,Zapatillas Running,135,True,10,138.8,1388.0,121.35333333333334,1.112453991100368,0,1,0,0,0,0,0,0,0,0,0,0,0,0,0,0,0,0,0,0,0,0,0,0,0,0,1,0,0,0,0,0,0,0,0,0,0,0,0,0,0,0,1,0
2023-11-07,PROD_003,Asics Gel Nimbus 25,Running,Zapatillas Running,85,False,3,86.41,259.23,82.74,1.0273144790911288,0,0,1,0,0,0,0,0,0,0,0,0,0,0,0,0,0,0,0,0,0,0,0,0,0,0,1,0,0,0,0,0,0,0,0,0,0,0,0,0,0,0,1,0
2023-11-07,PROD_004,New Balance Fresh Foam X 1080v12,Running,Zapatillas Running,75,False,3,73.68,221.04,74.25999999999999,1.0099649878804202,0,0,0,0,0,0,0,0,0,0,0,0,0,1,0,0,0,0,0,0,0,0,0,0,0,0,1,0,0,0,0,0,0,0,0,0,0,0,0,0,0,0,1,0
2023-11-07,PROD_005,Nike Dri-FIT Miler,Running,Ropa Running,35,False,2,35.41,70.82,34.946666666666665,1.0015261350629532,0,0,0,0,0,0,0,0,0,0,0,0,0,0,0,1,0,0,0,0,0,0,0,0,0,0,1,0,0,0,0,0,0,0,0,0,0,0,0,0,0,1,0,0
2023-11-07,PROD_006,Adidas Own The Run Jacket,Running,Ropa Running,65,False,2,64.85,129.7,62.620000000000005,1.0380070265091024,1,0,0,0,0,0,0,0,0,0,0,0,0,0,0,0,0,0,0,0,0,0,0,0,0,0,1,0,0,0,0,0,0,0,0,0,0,0,0,0,0,1,0,0
2023-11-07,PROD_007,Puma Velocity Nitro 2,Running,Zapatillas Running,70,False,2,70.1,140.2,67.41000000000001,1.0384215991692625,0,0,0,0,0,0,0,0,0,0,0,0,0,0,0,0,1,0,0,0,0,0,0,0,0,0,1,0,0,0,0,0,0,0,0,0,0,0,0,0,0,0,1,0
2023-11-07,PROD_008,Reebok Floatride Energy 5,Running,Zapatillas Running,65,False,2,63.76,127.52,64.20333333333333,1.0124084938476714,0,0,0,0,0,0,0,0,0,0,0,0,0,0,0,0,0,0,1,0,0,0,0,0,0,0,1,0,0,0,0,0,0,0,0,0,0,0,0,0,0,0,1,0
2023-11-07,PROD_009,Bowflex SelectTech 552,Fitness,Mancuernas Ajustables,400,True,2,402.72,805.44,372.67333333333335,1.0733260585678253,0,0,0,1,0,0,0,0,0,0,0,0,0,0,0,0,0,0,0,0,0,0,0,0,1,0,0,0,0,0,0,0,0,0,0,1,0,0,0,0,0,0,0,0
2023-11-07,PROD_010,Domyos BM900,Fitness,Banco Gimnasio,175,True,2,175.42,350.84,172.75333333333333,1.0130050553776098,0,0,0,0,0,0,1,0,0,0,0,0,0,0,0,0,0,0,0,0,0,0,0,0,1,0,0,0,1,0,0,0,0,0,0,0,0,0,0,0,0,0,0,0
2023-11-07,PROD_011,Reebok Professional Deck,Fitness,Esterilla Fitness,45,False,3,45.77,137.31,45.653333333333336,0.9856892523364486,0,0,0,0,0,0,0,0,0,0,0,0,0,0,0,0,0,0,0,1,0,0,0,0,1,0,0,0,0,0,0,0,0,1,0,0,0,0,0,0,0,0,0,0
2023-11-07,PROD_012,Domyos Kit Mancuernas 20kg,Fitness,Pesas Casa,55,False,3,54.43,163.29,54.47666666666667,1.0096065593832222,0,0,0,0,0,0,0,1,0,0,0,0,0,0,0,0,0,0,0,0,0,0,0,0,1,0,0,0,0,0,0,0,0,0,0,0,0,0,1,0,0,0,0,0
2023-11-07,PROD_013,Decathlon Bandas Elásticas Set,Fitness,Bandas Elásticas,25,False,3,25.62,76.86,24.066666666666666,1.0387811634349031,0,0,0,0,0,1,0,0,0,0,0,0,0,0,0,0,0,0,0,0,0,0,0,0,1,0,0,0,0,1,0,0,0,0,0,0,0,0,0,0,0,0,0,0
2023-11-07,PROD_014,Sveltus Kettlebell 12kg,Fitness,Pesa Rusa,40,False,3,40.96,122.88,38.21333333333333,1.0467550593161201,0,0,0,0,0,0,0,0,0,0,0,0,0,0,0,0,0,0,0,0,0,1,0,0,1,0,0,0,0,0,0,0,0,0,0,0,0,1,0,0,0,0,0,0
2023-11-07,PROD_015,Salomon Speedcross 5 GTX,Outdoor,Zapatillas Trail,150,True,3,148.48,445.44,146.47333333333333,1.0240771926630559,0,0,0,0,0,0,0,0,0,0,0,0,0,0,0,0,0,0,0,0,1,0,0,0,0,1,0,0,0,0,0,0,0,0,0,0,0,0,0,0,0,0,0,1
2023-11-07,PROD_016,Trek Marlin 7,Outdoor,Bicicleta Montaña,830,True,3,854.15,2562.45,806.4566666666666,1.0291935503870844,0,0,0,0,0,0,0,0,0,0,0,0,0,0,0,0,0,0,0,0,0,0,0,1,0,1,0,0,0,0,1,0,0,0,0,0,0,0,0,0,0,0,0,0
2023-11-07,PROD_017,The North Face Borealis,Outdoor,Mochila Trekking,95,False,2,96.85,193.7,91.81666666666666,1.0346705391178073,0,0,0,0,0,0,0,0,0,0,0,0,0,0,0,0,0,0,0,0,0,0,1,0,0,1,0,0,0,0,0,0,0,0,0,0,1,0,0,0,0,0,0,0
2023-11-07,PROD_018,Columbia Silver Ridge,Outdoor,Ropa Montaña,70,False,2,68.21,136.42,68.69,1.0190711894016597,0,0,0,0,1,0,0,0,0,0,0,0,0,0,0,0,0,0,0,0,0,0,0,0,0,1,0,0,0,0,0,0,0,0,0,0,0,0,0,0,1,0,0,0
2023-11-07,PROD_019,Merrell Moab 2 GTX,Outdoor,Zapatillas Trail,110,False,2,110.3,220.6,108.97333333333334,1.0094212651413188,0,0,0,0,0,0,0,0,0,0,0,0,1,0,0,0,0,0,0,0,0,0,0,0,0,1,0,0,0,0,0,0,0,0,0,0,0,0,0,0,0,0,0,1
2023-11-07,PROD_020,Quechua MH500,Outdoor,Ropa Montaña,80,False,2,80.47,160.94,78.69333333333334,1.0166045408336155,0,0,0,0,0,0,0,0,0,0,0,0,0,0,0,0,0,1,0,0,0,0,0,0,0,1,0,0,0,0,0,0,0,0,0,0,0,0,0,0,1,0,0,0
2023-11-07,PROD_021,Manduka PRO Yoga Mat,Wellness,Esterilla Yoga,130,True,6,132.64,795.84,127.84666666666665,1.0168430932888357,0,0,0,0,0,0,0,0,0,0,0,1,0,0,0,0,0,0,0,0,0,0,0,0,0,0,0,1,0,0,0,0,0,0,1,0,0,0,0,0,0,0,0,0
2023-11-07,PROD_022,Gaiam Premium Yoga Block,Wellness,Bloque Yoga,20,False,1,20.33,20.33,18.816666666666666,1.0628875110717448,0,0,0,0,0,0,0,0,1,0,0,0,0,0,0,0,0,0,0,0,0,0,0,0,0,0,0,1,0,0,0,1,0,0,0,0,0,0,0,0,0,0,0,0
2023-11-07,PROD_023,Liforme Yoga Pad,Wellness,Rodillera Yoga,35,False,1,34.98,34.98,32.53666666666667,1.0757094559983607,0,0,0,0,0,0,0,0,0,1,0,0,0,0,0,0,0,0,0,0,0,0,0,0,0,0,0,1,0,0,0,0,0,0,0,0,0,0,0,1,0,0,0,0
2023-11-07,PROD_024,Lotuscrafts Yoga Bolster,Wellness,Cojín Yoga,50,False,1,50.7,50.7,48.836666666666666,1.023820899597297,0,0,0,0,0,0,0,0,0,0,1,0,0,0,0,0,0,0,0,0,0,0,0,0,0,0,0,1,0,0,0,0,1,0,0,0,0,0,0,0,0,0,0,0
2023-11-08,PROD_001,Nike Air Zoom Pegasus 40,Running,Zapatillas Running,115,True,10,118.06,1180.6,104.01666666666667,1.1055920525556802,0,0,0,0,0,0,0,0,0,0,0,0,0,0,1,0,0,0,0,0,0,0,0,0,0,0,1,0,0,0,0,0,0,0,0,0,0,0,0,0,0,0,1,0
2023-11-08,PROD_002,Adidas Ultraboost 23,Running,Zapatillas Running,135,True,12,131.63,1579.56,120.55666666666667,1.119805347416153,0,1,0,0,0,0,0,0,0,0,0,0,0,0,0,0,0,0,0,0,0,0,0,0,0,0,1,0,0,0,0,0,0,0,0,0,0,0,0,0,0,0,1,0
2023-11-08,PROD_003,Asics Gel Nimbus 25,Running,Zapatillas Running,85,False,3,85.72,257.16,82.39999999999999,1.0315533980582525,0,0,1,0,0,0,0,0,0,0,0,0,0,0,0,0,0,0,0,0,0,0,0,0,0,0,1,0,0,0,0,0,0,0,0,0,0,0,0,0,0,0,1,0
2023-11-08,PROD_004,New Balance Fresh Foam X 1080v12,Running,Zapatillas Running,75,False,3,76.13,228.39,69.95333333333333,1.0721433336510053,0,0,0,0,0,0,0,0,0,0,0,0,0,1,0,0,0,0,0,0,0,0,0,0,0,0,1,0,0,0,0,0,0,0,0,0,0,0,0,0,0,0,1,0
2023-11-08,PROD_005,Nike Dri-FIT Miler,Running,Ropa Running,35,False,3,35.69,107.07,33.24333333333334,1.0528426752231022,0,0,0,0,0,0,0,0,0,0,0,0,0,0,0,1,0,0,0,0,0,0,0,0,0,0,1,0,0,0,0,0,0,0,0,0,0,0,0,0,0,1,0,0
2023-11-08,PROD_006,Adidas Own The Run Jacket,Running,Ropa Running,65,False,3,64.82,194.46,62.71000000000001,1.036517301865731,1,0,0,0,0,0,0,0,0,0,0,0,0,0,0,0,0,0,0,0,0,0,0,0,0,0,1,0,0,0,0,0,0,0,0,0,0,0,0,0,0,1,0,0
2023-11-08,PROD_007,Puma Velocity Nitro 2,Running,Zapatillas Running,70,False,3,71.58,214.74,65.83333333333333,1.0632911392405064,0,0,0,0,0,0,0,0,0,0,0,0,0,0,0,0,1,0,0,0,0,0,0,0,0,0,1,0,0,0,0,0,0,0,0,0,0,0,0,0,0,0,1,0
2023-11-08,PROD_008,Reebok Floatride Energy 5,Running,Zapatillas Running,65,False,2,65.45,130.9,62.52666666666667,1.0395564559121442,0,0,0,0,0,0,0,0,0,0,0,0,0,0,0,0,0,0,1,0,0,0,0,0,0,0,1,0,0,0,0,0,0,0,0,0,0,0,0,0,0,0,1,0
2023-11-08,PROD_009,Bowflex SelectTech 552,Fitness,Mancuernas Ajustables,400,True,2,396.93,793.86,369.26,1.0832475762335483,0,0,0,1,0,0,0,0,0,0,0,0,0,0,0,0,0,0,0,0,0,0,0,0,1,0,0,0,0,0,0,0,0,0,0,1,0,0,0,0,0,0,0,0
2023-11-08,PROD_010,Domyos BM900,Fitness,Banco Gimnasio,175,True,2,178.39,356.78,174.88666666666666,1.0006480387298442,0,0,0,0,0,0,1,0,0,0,0,0,0,0,0,0,0,0,0,0,0,0,0,0,1,0,0,0,1,0,0,0,0,0,0,0,0,0,0,0,0,0,0,0
2023-11-08,PROD_011,Reebok Professional Deck,Fitness,Esterilla Fitness,45,False,3,44.77,134.31,45.61333333333334,0.9865536392867582,0,0,0,0,0,0,0,0,0,0,0,0,0,0,0,0,0,0,0,1,0,0,0,0,1,0,0,0,0,0,0,0,0,1,0,0,0,0,0,0,0,0,0,0
2023-11-08,PROD_012,Domyos Kit Mancuernas 20kg,Fitness,Pesas Casa,55,False,3,54.14,162.42,53.90333333333333,1.0203450621482901,0,0,0,0,0,0,0,1,0,0,0,0,0,0,0,0,0,0,0,0,0,0,0,0,1,0,0,0,0,0,0,0,0,0,0,0,0,0,1,0,0,0,0,0
2023-11-08,PROD_013,Decathlon Bandas Elásticas Set,Fitness,Bandas Elásticas,25,False,3,24.39,73.17,24.646666666666665,1.0143359480659995,0,0,0,0,0,1,0,0,0,0,0,0,0,0,0,0,0,0,0,0,0,0,0,0,1,0,0,0,0,1,0,0,0,0,0,0,0,0,0,0,0,0,0,0
2023-11-08,PROD_014,Sveltus Kettlebell 12kg,Fitness,Pesa Rusa,40,False,3,38.83,116.49,38.27333333333333,1.0451140916216688,0,0,0,0,0,0,0,0,0,0,0,0,0,0,0,0,0,0,0,0,0,1,0,0,1,0,0,0,0,0,0,0,0,0,0,0,0,1,0,0,0,0,0,0
2023-11-08,PROD_015,Salomon Speedcross 5 GTX,Outdoor,Zapatillas Trail,150,True,3,147.48,442.44,146.42666666666665,1.0244035694773266,0,0,0,0,0,0,0,0,0,0,0,0,0,0,0,0,0,0,0,0,1,0,0,0,0,1,0,0,0,0,0,0,0,0,0,0,0,0,0,0,0,0,0,1
2023-11-08,PROD_016,Trek Marlin 7,Outdoor,Bicicleta Montaña,830,True,4,810.61,3242.44,794.5566666666667,1.0446076847885821,0,0,0,0,0,0,0,0,0,0,0,0,0,0,0,0,0,0,0,0,0,0,0,1,0,1,0,0,0,0,1,0,0,0,0,0,0,0,0,0,0,0,0,0
2023-11-08,PROD_017,The North Face Borealis,Outdoor,Mochila Trekking,95,False,2,97.56,195.12,90.66666666666667,1.0477941176470589,0,0,0,0,0,0,0,0,0,0,0,0,0,0,0,0,0,0,0,0,0,0,1,0,0,1,0,0,0,0,0,0,0,0,0,0,1,0,0,0,0,0,0,0
2023-11-08,PROD_018,Columbia Silver Ridge,Outdoor,Ropa Montaña,70,False,2,68.16,136.32,70.48666666666666,0.9930956209212144,0,0,0,0,1,0,0,0,0,0,0,0,0,0,0,0,0,0,0,0,0,0,0,0,0,1,0,0,0,0,0,0,0,0,0,0,0,0,0,0,1,0,0,0
2023-11-08,PROD_019,Merrell Moab 2 GTX,Outdoor,Zapatillas Trail,110,False,2,110.74,221.48,110.64,0.9942154736080984,0,0,0,0,0,0,0,0,0,0,0,0,1,0,0,0,0,0,0,0,0,0,0,0,0,1,0,0,0,0,0,0,0,0,0,0,0,0,0,0,0,0,0,1
2023-11-08,PROD_020,Quechua MH500,Outdoor,Ropa Montaña,80,False,2,78.68,157.36,78.14999999999999,1.0236724248240565,0,0,0,0,0,0,0,0,0,0,0,0,0,0,0,0,0,1,0,0,0,0,0,0,0,1,0,0,0,0,0,0,0,0,0,0,0,0,0,0,1,0,0,0
2023-11-08,PROD_021,Manduka PRO Yoga Mat,Wellness,Esterilla Yoga,130,True,4,133.35,533.4,126.96666666666665,1.0238907849829353,0,0,0,0,0,0,0,0,0,0,0,1,0,0,0,0,0,0,0,0,0,0,0,0,0,0,0,1,0,0,0,0,0,0,1,0,0,0,0,0,0,0,0,0
2023-11-08,PROD_022,Gaiam Premium Yoga Block,Wellness,Bloque Yoga,20,False,2,19.7,39.4,20.279999999999998,0.9861932938856017,0,0,0,0,0,0,0,0,1,0,0,0,0,0,0,0,0,0,0,0,0,0,0,0,0,0,0,1,0,0,0,1,0,0,0,0,0,0,0,0,0,0,0,0
2023-11-08,PROD_023,Liforme Yoga Pad,Wellness,Rodillera Yoga,35,False,2,34.23,68.46,33.56666666666667,1.0427010923535251,0,0,0,0,0,0,0,0,0,1,0,0,0,0,0,0,0,0,0,0,0,0,0,0,0,0,0,1,0,0,0,0,0,0,0,0,0,0,0,1,0,0,0,0
2023-11-08,PROD_024,Lotuscrafts Yoga Bolster,Wellness,Cojín Yoga,50,False,1,48.65,48.65,48.830000000000005,1.0239606799098913,0,0,0,0,0,0,0,0,0,0,1,0,0,0,0,0,0,0,0,0,0,0,0,0,0,0,0,1,0,0,0,0,1,0,0,0,0,0,0,0,0,0,0,0
2023-11-09,PROD_001,Nike Air Zoom Pegasus 40,Running,Zapatillas Running,115,True,12,118.39,1420.68,101.83666666666666,1.1292592713822789,0,0,0,0,0,0,0,0,0,0,0,0,0,0,1,0,0,0,0,0,0,0,0,0,0,0,1,0,0,0,0,0,0,0,0,0,0,0,0,0,0,0,1,0
2023-11-09,PROD_002,Adidas Ultraboost 23,Running,Zapatillas Running,135,True,13,131.31,1707.03,122.44333333333333,1.1025508398442818,0,1,0,0,0,0,0,0,0,0,0,0,0,0,0,0,0,0,0,0,0,0,0,0,0,0,1,0,0,0,0,0,0,0,0,0,0,0,0,0,0,0,1,0
2023-11-09,PROD_003,Asics Gel Nimbus 25,Running,Zapatillas Running,85,False,4,85.43,341.72,85.86333333333334,0.989945261850227,0,0,1,0,0,0,0,0,0,0,0,0,0,0,0,0,0,0,0,0,0,0,0,0,0,0,1,0,0,0,0,0,0,0,0,0,0,0,0,0,0,0,1,0
2023-11-09,PROD_004,New Balance Fresh Foam X 1080v12,Running,Zapatillas Running,75,False,3,75.19,225.57,73.29,1.023331968890708,0,0,0,0,0,0,0,0,0,0,0,0,0,1,0,0,0,0,0,0,0,0,0,0,0,0,1,0,0,0,0,0,0,0,0,0,0,0,0,0,0,0,1,0
2023-11-09,PROD_005,Nike Dri-FIT Miler,Running,Ropa Running,35,False,2,34.79,69.58,34.11333333333334,1.0259917920656634,0,0,0,0,0,0,0,0,0,0,0,0,0,0,0,1,0,0,0,0,0,0,0,0,0,0,1,0,0,0,0,0,0,0,0,0,0,0,0,0,0,1,0,0
2023-11-09,PROD_006,Adidas Own The Run Jacket,Running,Ropa Running,65,False,2,64.75,129.5,62.78333333333334,1.03530661003451,1,0,0,0,0,0,0,0,0,0,0,0,0,0,0,0,0,0,0,0,0,0,0,0,0,0,1,0,0,0,0,0,0,0,0,0,0,0,0,0,0,1,0,0
2023-11-09,PROD_007,Puma Velocity Nitro 2,Running,Zapatillas Running,70,False,2,71.22,142.44,67.24,1.0410469958358122,0,0,0,0,0,0,0,0,0,0,0,0,0,0,0,0,1,0,0,0,0,0,0,0,0,0,1,0,0,0,0,0,0,0,0,0,0,0,0,0,0,0,1,0
2023-11-09,PROD_008,Reebok Floatride Energy 5,Running,Zapatillas Running,65,False,3,63.07,189.21,61.48,1.0572543916720885,0,0,0,0,0,0,0,0,0,0,0,0,0,0,0,0,0,0,1,0,0,0,0,0,0,0,1,0,0,0,0,0,0,0,0,0,0,0,0,0,0,0,1,0
2023-11-09,PROD_009,Bowflex SelectTech 552,Fitness,Mancuernas Ajustables,400,True,3,406.95,1220.85,380.4533333333333,1.0513773042685919,0,0,0,1,0,0,0,0,0,0,0,0,0,0,0,0,0,0,0,0,0,0,0,0,1,0,0,0,0,0,0,0,0,0,0,1,0,0,0,0,0,0,0,0
2023-11-09,PROD_010,Domyos BM900,Fitness,Banco Gimnasio,175,True,2,174.42,348.84,170.25,1.0279001468428781,0,0,0,0,0,0,1,0,0,0,0,0,0,0,0,0,0,0,0,0,0,0,0,0,1,0,0,0,1,0,0,0,0,0,0,0,0,0,0,0,0,0,0,0
2023-11-09,PROD_011,Reebok Professional Deck,Fitness,Esterilla Fitness,45,False,3,45.17,135.51,43.48,1.0349586016559338,0,0,0,0,0,0,0,0,0,0,0,0,0,0,0,0,0,0,0,1,0,0,0,0,1,0,0,0,0,0,0,0,0,1,0,0,0,0,0,0,0,0,0,0
2023-11-09,PROD_012,Domyos Kit Mancuernas 20kg,Fitness,Pesas Casa,55,False,3,55.81,167.43,53.086666666666666,1.0360416928293357,0,0,0,0,0,0,0,1,0,0,0,0,0,0,0,0,0,0,0,0,0,0,0,0,1,0,0,0,0,0,0,0,0,0,0,0,0,0,1,0,0,0,0,0
2023-11-09,PROD_013,Decathlon Bandas Elásticas Set,Fitness,Bandas Elásticas,25,False,4,24.25,97.0,24.843333333333334,1.0063061854286863,0,0,0,0,0,1,0,0,0,0,0,0,0,0,0,0,0,0,0,0,0,0,0,0,1,0,0,0,0,1,0,0,0,0,0,0,0,0,0,0,0,0,0,0
2023-11-09,PROD_014,Sveltus Kettlebell 12kg,Fitness,Pesa Rusa,40,False,3,39.33,117.99,39.9,1.0025062656641603,0,0,0,0,0,0,0,0,0,0,0,0,0,0,0,0,0,0,0,0,0,1,0,0,1,0,0,0,0,0,0,0,0,0,0,0,0,1,0,0,0,0,0,0
2023-11-09,PROD_015,Salomon Speedcross 5 GTX,Outdoor,Zapatillas Trail,150,True,3,148.5,445.5,148.19333333333333,1.012191281659094,0,0,0,0,0,0,0,0,0,0,0,0,0,0,0,0,0,0,0,0,1,0,0,0,0,1,0,0,0,0,0,0,0,0,0,0,0,0,0,0,0,0,0,1
2023-11-09,PROD_016,Trek Marlin 7,Outdoor,Bicicleta Montaña,830,True,3,847.3,2541.9,781.87,1.0615575479299628,0,0,0,0,0,0,0,0,0,0,0,0,0,0,0,0,0,0,0,0,0,0,0,1,0,1,0,0,0,0,1,0,0,0,0,0,0,0,0,0,0,0,0,0
2023-11-09,PROD_017,The North Face Borealis,Outdoor,Mochila Trekking,95,False,2,94.24,188.48,92.11666666666667,1.0313008865569024,0,0,0,0,0,0,0,0,0,0,0,0,0,0,0,0,0,0,0,0,0,0,1,0,0,1,0,0,0,0,0,0,0,0,0,0,1,0,0,0,0,0,0,0
2023-11-09,PROD_018,Columbia Silver Ridge,Outdoor,Ropa Montaña,70,False,2,68.07,136.14,68.19333333333334,1.0264933033532113,0,0,0,0,1,0,0,0,0,0,0,0,0,0,0,0,0,0,0,0,0,0,0,0,0,1,0,0,0,0,0,0,0,0,0,0,0,0,0,0,1,0,0,0
2023-11-09,PROD_019,Merrell Moab 2 GTX,Outdoor,Zapatillas Trail,110,False,2,107.85,215.7,105.46666666666668,1.0429835651074588,0,0,0,0,0,0,0,0,0,0,0,0,1,0,0,0,0,0,0,0,0,0,0,0,0,1,0,0,0,0,0,0,0,0,0,0,0,0,0,0,0,0,0,1
2023-11-09,PROD_020,Quechua MH500,Outdoor,Ropa Montaña,80,False,2,80.42,160.84,78.28666666666668,1.0218853785233755,0,0,0,0,0,0,0,0,0,0,0,0,0,0,0,0,0,1,0,0,0,0,0,0,0,1,0,0,0,0,0,0,0,0,0,0,0,0,0,0,1,0,0,0
2023-11-09,PROD_021,Manduka PRO Yoga Mat,Wellness,Esterilla Yoga,130,True,6,126.45,758.7,126.42666666666666,1.0282640793081628,0,0,0,0,0,0,0,0,0,0,0,1,0,0,0,0,0,0,0,0,0,0,0,0,0,0,0,1,0,0,0,0,0,0,1,0,0,0,0,0,0,0,0,0
2023-11-09,PROD_022,Gaiam Premium Yoga Block,Wellness,Bloque Yoga,20,False,1,20.36,20.36,19.493333333333336,1.0259917920656634,0,0,0,0,0,0,0,0,1,0,0,0,0,0,0,0,0,0,0,0,0,0,0,0,0,0,0,1,0,0,0,1,0,0,0,0,0,0,0,0,0,0,0,0
2023-11-09,PROD_023,Liforme Yoga Pad,Wellness,Rodillera Yoga,35,False,1,35.27,35.27,34.699999999999996,1.0086455331412105,0,0,0,0,0,0,0,0,0,1,0,0,0,0,0,0,0,0,0,0,0,0,0,0,0,0,0,1,0,0,0,0,0,0,0,0,0,0,0,1,0,0,0,0
2023-11-09,PROD_024,Lotuscrafts Yoga Bolster,Wellness,Cojín Yoga,50,False,1,50.35,50.35,49.75333333333333,1.0049577917727457,0,0,0,0,0,0,0,0,0,0,1,0,0,0,0,0,0,0,0,0,0,0,0,0,0,0,0,1,0,0,0,0,1,0,0,0,0,0,0,0,0,0,0,0
2023-11-10,PROD_001,Nike Air Zoom Pegasus 40,Running,Zapatillas Running,115,True,14,114.95,1609.3,103.85666666666668,1.1072953108450747,0,0,0,0,0,0,0,0,0,0,0,0,0,0,1,0,0,0,0,0,0,0,0,0,0,0,1,0,0,0,0,0,0,0,0,0,0,0,0,0,0,0,1,0
2023-11-10,PROD_002,Adidas Ultraboost 23,Running,Zapatillas Running,135,True,15,138.73,2080.95,123.72666666666665,1.091114822996929,0,1,0,0,0,0,0,0,0,0,0,0,0,0,0,0,0,0,0,0,0,0,0,0,0,0,1,0,0,0,0,0,0,0,0,0,0,0,0,0,0,0,1,0
2023-11-10,PROD_003,Asics Gel Nimbus 25,Running,Zapatillas Running,85,False,4,83.47,333.88,80.74999999999999,1.0526315789473686,0,0,1,0,0,0,0,0,0,0,0,0,0,0,0,0,0,0,0,0,0,0,0,0,0,0,1,0,0,0,0,0,0,0,0,0,0,0,0,0,0,0,1,0
2023-11-10,PROD_004,New Balance Fresh Foam X 1080v12,Running,Zapatillas Running,75,False,3,76.28,228.84,70.63333333333334,1.0618216139688532,0,0,0,0,0,0,0,0,0,0,0,0,0,1,0,0,0,0,0,0,0,0,0,0,0,0,1,0,0,0,0,0,0,0,0,0,0,0,0,0,0,0,1,0
2023-11-10,PROD_005,Nike Dri-FIT Miler,Running,Ropa Running,35,False,3,35.49,106.47,33.900000000000006,1.0324483775811208,0,0,0,0,0,0,0,0,0,0,0,0,0,0,0,1,0,0,0,0,0,0,0,0,0,0,1,0,0,0,0,0,0,0,0,0,0,0,0,0,0,1,0,0
2023-11-10,PROD_006,Adidas Own The Run Jacket,Running,Ropa Running,65,False,3,65.53,196.59,62.556666666666665,1.039057920818458,1,0,0,0,0,0,0,0,0,0,0,0,0,0,0,0,0,0,0,0,0,0,0,0,0,0,1,0,0,0,0,0,0,0,0,0,0,0,0,0,0,1,0,0
2023-11-10,PROD_007,Puma Velocity Nitro 2,Running,Zapatillas Running,70,False,2,69.83,139.66,68.70333333333333,1.01887341710737,0,0,0,0,0,0,0,0,0,0,0,0,0,0,0,0,1,0,0,0,0,0,0,0,0,0,1,0,0,0,0,0,0,0,0,0,0,0,0,0,0,0,1,0
2023-11-10,PROD_008,Reebok Floatride Energy 5,Running,Zapatillas Running,65,False,2,65.47,130.94,60.330000000000005,1.0774075915796453,0,0,0,0,0,0,0,0,0,0,0,0,0,0,0,0,0,0,1,0,0,0,0,0,0,0,1,0,0,0,0,0,0,0,0,0,0,0,0,0,0,0,1,0
2023-11-10,PROD_009,Bowflex SelectTech 552,Fitness,Mancuernas Ajustables,400,True,3,397.76,1193.28,368.6966666666667,1.0849026751891797,0,0,0,1,0,0,0,0,0,0,0,0,0,0,0,0,0,0,0,0,0,0,0,0,1,0,0,0,0,0,0,0,0,0,0,1,0,0,0,0,0,0,0,0
2023-11-10,PROD_010,Domyos BM900,Fitness,Banco Gimnasio,175,True,3,172.51,517.53,171.45333333333335,1.0206859009254219,0,0,0,0,0,0,1,0,0,0,0,0,0,0,0,0,0,0,0,0,0,0,0,0,1,0,0,0,1,0,0,0,0,0,0,0,0,0,0,0,0,0,0,0
2023-11-10,PROD_011,Reebok Professional Deck,Fitness,Esterilla Fitness,45,False,4,44.75,179.0,45.14666666666667,0.996751329001772,0,0,0,0,0,0,0,0,0,0,0,0,0,0,0,0,0,0,0,1,0,0,0,0,1,0,0,0,0,0,0,0,0,1,0,0,0,0,0,0,0,0,0,0
2023-11-10,PROD_012,Domyos Kit Mancuernas 20kg,Fitness,Pesas Casa,55,False,5,53.69,268.45,53.589999999999996,1.0263108788953164,0,0,0,0,0,0,0,1,0,0,0,0,0,0,0,0,0,0,0,0,0,0,0,0,1,0,0,0,0,0,0,0,0,0,0,0,0,0,1,0,0,0,0,0
2023-11-10,PROD_013,Decathlon Bandas Elásticas Set,Fitness,Bandas Elásticas,25,False,5,25.25,126.25,23.040000000000003,1.0850694444444444,0,0,0,0,0,1,0,0,0,0,0,0,0,0,0,0,0,0,0,0,0,0,0,0,1,0,0,0,0,1,0,0,0,0,0,0,0,0,0,0,0,0,0,0
2023-11-10,PROD_014,Sveltus Kettlebell 12kg,Fitness,Pesa Rusa,40,False,4,39.94,159.76,39.413333333333334,1.0148849797023003,0,0,0,0,0,0,0,0,0,0,0,0,0,0,0,0,0,0,0,0,0,1,0,0,1,0,0,0,0,0,0,0,0,0,0,0,0,1,0,0,0,0,0,0
2023-11-10,PROD_015,Salomon Speedcross 5 GTX,Outdoor,Zapatillas Trail,150,True,4,147.93,591.72,145.70666666666668,1.0294655929721814,0,0,0,0,0,0,0,0,0,0,0,0,0,0,0,0,0,0,0,0,1,0,0,0,0,1,0,0,0,0,0,0,0,0,0,0,0,0,0,0,0,0,0,1
2023-11-10,PROD_016,Trek Marlin 7,Outdoor,Bicicleta Montaña,830,True,5,816.0,4080.0,791.0333333333334,1.049260461000379,0,0,0,0,0,0,0,0,0,0,0,0,0,0,0,0,0,0,0,0,0,0,0,1,0,1,0,0,0,0,1,0,0,0,0,0,0,0,0,0,0,0,0,0
2023-11-10,PROD_017,The North Face Borealis,Outdoor,Mochila Trekking,95,False,3,94.48,283.44,90.61333333333334,1.048410829899941,0,0,0,0,0,0,0,0,0,0,0,0,0,0,0,0,0,0,0,0,0,0,1,0,0,1,0,0,0,0,0,0,0,0,0,0,1,0,0,0,0,0,0,0
2023-11-10,PROD_018,Columbia Silver Ridge,Outdoor,Ropa Montaña,70,False,3,69.16,207.48,65.14333333333333,1.0745535485851712,0,0,0,0,1,0,0,0,0,0,0,0,0,0,0,0,0,0,0,0,0,0,0,0,0,1,0,0,0,0,0,0,0,0,0,0,0,0,0,0,1,0,0,0
2023-11-10,PROD_019,Merrell Moab 2 GTX,Outdoor,Zapatillas Trail,110,False,2,112.19,224.38,106.83999999999999,1.0295769374766006,0,0,0,0,0,0,0,0,0,0,0,0,1,0,0,0,0,0,0,0,0,0,0,0,0,1,0,0,0,0,0,0,0,0,0,0,0,0,0,0,0,0,0,1
2023-11-10,PROD_020,Quechua MH500,Outdoor,Ropa Montaña,80,False,2,79.4,158.8,75.22333333333334,1.0634998005937872,0,0,0,0,0,0,0,0,0,0,0,0,0,0,0,0,0,1,0,0,0,0,0,0,0,1,0,0,0,0,0,0,0,0,0,0,0,0,0,0,1,0,0,0
2023-11-10,PROD_021,Manduka PRO Yoga Mat,Wellness,Esterilla Yoga,130,True,7,130.88,916.16,126.84000000000002,1.0249132765689055,0,0,0,0,0,0,0,0,0,0,0,1,0,0,0,0,0,0,0,0,0,0,0,0,0,0,0,1,0,0,0,0,0,0,1,0,0,0,0,0,0,0,0,0
2023-11-10,PROD_022,Gaiam Premium Yoga Block,Wellness,Bloque Yoga,20,False,2,20.34,40.68,19.38,1.0319917440660475,0,0,0,0,0,0,0,0,1,0,0,0,0,0,0,0,0,0,0,0,0,0,0,0,0,0,0,1,0,0,0,1,0,0,0,0,0,0,0,0,0,0,0,0
2023-11-10,PROD_023,Liforme Yoga Pad,Wellness,Rodillera Yoga,35,False,1,34.78,34.78,35.11333333333334,0.9967723561799885,0,0,0,0,0,0,0,0,0,1,0,0,0,0,0,0,0,0,0,0,0,0,0,0,0,0,0,1,0,0,0,0,0,0,0,0,0,0,0,1,0,0,0,0
2023-11-10,PROD_024,Lotuscrafts Yoga Bolster,Wellness,Cojín Yoga,50,False,2,49.89,99.78,48.163333333333334,1.0381341269291993,0,0,0,0,0,0,0,0,0,0,1,0,0,0,0,0,0,0,0,0,0,0,0,0,0,0,0,1,0,0,0,0,1,0,0,0,0,0,0,0,0,0,0,0
2023-11-11,PROD_001,Nike Air Zoom Pegasus 40,Running,Zapatillas Running,115,True,17,114.22,1941.74,101.77666666666666,1.129924999181214,0,0,0,0,0,0,0,0,0,0,0,0,0,0,1,0,0,0,0,0,0,0,0,0,0,0,1,0,0,0,0,0,0,0,0,0,0,0,0,0,0,0,1,0
2023-11-11,PROD_002,Adidas Ultraboost 23,Running,Zapatillas Running,135,True,16,134.67,2154.72,122.93333333333334,1.0981561822125814,0,1,0,0,0,0,0,0,0,0,0,0,0,0,0,0,0,0,0,0,0,0,0,0,0,0,1,0,0,0,0,0,0,0,0,0,0,0,0,0,0,0,1,0
2023-11-11,PROD_003,Asics Gel Nimbus 25,Running,Zapatillas Running,85,False,3,85.63,256.89,84.35666666666667,1.0076263484411427,0,0,1,0,0,0,0,0,0,0,0,0,0,0,0,0,0,0,0,0,0,0,0,0,0,0,1,0,0,0,0,0,0,0,0,0,0,0,0,0,0,0,1,0
2023-11-11,PROD_004,New Balance Fresh Foam X 1080v12,Running,Zapatillas Running,75,False,3,76.41,229.23,71.94666666666667,1.0424388435878427,0,0,0,0,0,0,0,0,0,0,0,0,0,1,0,0,0,0,0,0,0,0,0,0,0,0,1,0,0,0,0,0,0,0,0,0,0,0,0,0,0,0,1,0
2023-11-11,PROD_005,Nike Dri-FIT Miler,Running,Ropa Running,35,False,3,35.42,106.26,33.1,1.0574018126888216,0,0,0,0,0,0,0,0,0,0,0,0,0,0,0,1,0,0,0,0,0,0,0,0,0,0,1,0,0,0,0,0,0,0,0,0,0,0,0,0,0,1,0,0
2023-11-11,PROD_006,Adidas Own The Run Jacket,Running,Ropa Running,65,False,3,63.92,191.76,63.946666666666665,1.0164720600500416,1,0,0,0,0,0,0,0,0,0,0,0,0,0,0,0,0,0,0,0,0,0,0,0,0,0,1,0,0,0,0,0,0,0,0,0,0,0,0,0,0,1,0,0
2023-11-11,PROD_007,Puma Velocity Nitro 2,Running,Zapatillas Running,70,False,3,70.32,210.96,68.44999999999999,1.0226442658875092,0,0,0,0,0,0,0,0,0,0,0,0,0,0,0,0,1,0,0,0,0,0,0,0,0,0,1,0,0,0,0,0,0,0,0,0,0,0,0,0,0,0,1,0
2023-11-11,PROD_008,Reebok Floatride Energy 5,Running,Zapatillas Running,65,False,3,65.14,195.42,62.65333333333333,1.037454777612258,0,0,0,0,0,0,0,0,0,0,0,0,0,0,0,0,0,0,1,0,0,0,0,0,0,0,1,0,0,0,0,0,0,0,0,0,0,0,0,0,0,0,1,0
2023-11-11,PROD_009,Bowflex SelectTech 552,Fitness,Mancuernas Ajustables,400,True,3,393.59,1180.77,370.9066666666667,1.0784384211661513,0,0,0,1,0,0,0,0,0,0,0,0,0,0,0,0,0,0,0,0,0,0,0,0,1,0,0,0,0,0,0,0,0,0,0,1,0,0,0,0,0,0,0,0
2023-11-11,PROD_010,Domyos BM900,Fitness,Banco Gimnasio,175,True,3,178.85,536.55,175.07666666666668,0.9995620966052966,0,0,0,0,0,0,1,0,0,0,0,0,0,0,0,0,0,0,0,0,0,0,0,0,1,0,0,0,1,0,0,0,0,0,0,0,0,0,0,0,0,0,0,0
2023-11-11,PROD_011,Reebok Professional Deck,Fitness,Esterilla Fitness,45,False,3,46.19,138.57,43.70666666666667,1.0295912141549723,0,0,0,0,0,0,0,0,0,0,0,0,0,0,0,0,0,0,0,1,0,0,0,0,1,0,0,0,0,0,0,0,0,1,0,0,0,0,0,0,0,0,0,0
2023-11-11,PROD_012,Domyos Kit Mancuernas 20kg,Fitness,Pesas Casa,55,False,5,55.55,277.75,51.93333333333334,1.0590500641848524,0,0,0,0,0,0,0,1,0,0,0,0,0,0,0,0,0,0,0,0,0,0,0,0,1,0,0,0,0,0,0,0,0,0,0,0,0,0,1,0,0,0,0,0
2023-11-11,PROD_013,Decathlon Bandas Elásticas Set,Fitness,Bandas Elásticas,25,False,4,24.88,99.52,24.37,1.0258514567090684,0,0,0,0,0,1,0,0,0,0,0,0,0,0,0,0,0,0,0,0,0,0,0,0,1,0,0,0,0,1,0,0,0,0,0,0,0,0,0,0,0,0,0,0
2023-11-11,PROD_014,Sveltus Kettlebell 12kg,Fitness,Pesa Rusa,40,False,3,41.08,123.24,38.48333333333333,1.039411000433088,0,0,0,0,0,0,0,0,0,0,0,0,0,0,0,0,0,0,0,0,0,1,0,0,1,0,0,0,0,0,0,0,0,0,0,0,0,1,0,0,0,0,0,0
2023-11-11,PROD_015,Salomon Speedcross 5 GTX,Outdoor,Zapatillas Trail,150,True,5,149.71,748.55,143.87,1.0426079099186765,0,0,0,0,0,0,0,0,0,0,0,0,0,0,0,0,0,0,0,0,1,0,0,0,0,1,0,0,0,0,0,0,0,0,0,0,0,0,0,0,0,0,0,1
2023-11-11,PROD_016,Trek Marlin 7,Outdoor,Bicicleta Montaña,830,True,4,809.49,3237.96,787.0300000000001,1.0545976646379425,0,0,0,0,0,0,0,0,0,0,0,0,0,0,0,0,0,0,0,0,0,0,0,1,0,1,0,0,0,0,1,0,0,0,0,0,0,0,0,0,0,0,0,0
2023-11-11,PROD_017,The North Face Borealis,Outdoor,Mochila Trekking,95,False,3,92.69,278.07,89.56666666666666,1.060662448827689,0,0,0,0,0,0,0,0,0,0,0,0,0,0,0,0,0,0,0,0,0,0,1,0,0,1,0,0,0,0,0,0,0,0,0,0,1,0,0,0,0,0,0,0
2023-11-11,PROD_018,Columbia Silver Ridge,Outdoor,Ropa Montaña,70,False,3,70.75,212.25,67.05,1.0439970171513797,0,0,0,0,1,0,0,0,0,0,0,0,0,0,0,0,0,0,0,0,0,0,0,0,0,1,0,0,0,0,0,0,0,0,0,0,0,0,0,0,1,0,0,0
2023-11-11,PROD_019,Merrell Moab 2 GTX,Outdoor,Zapatillas Trail,110,False,3,110.06,330.18,104.03666666666668,1.0573195347794047,0,0,0,0,0,0,0,0,0,0,0,0,1,0,0,0,0,0,0,0,0,0,0,0,0,1,0,0,0,0,0,0,0,0,0,0,0,0,0,0,0,0,0,1
2023-11-11,PROD_020,Quechua MH500,Outdoor,Ropa Montaña,80,False,2,77.93,155.86,76.61666666666667,1.044159234283228,0,0,0,0,0,0,0,0,0,0,0,0,0,0,0,0,0,1,0,0,0,0,0,0,0,1,0,0,0,0,0,0,0,0,0,0,0,0,0,0,1,0,0,0
2023-11-11,PROD_021,Manduka PRO Yoga Mat,Wellness,Esterilla Yoga,130,True,6,128.81,772.86,126.02,1.031582288525631,0,0,0,0,0,0,0,0,0,0,0,1,0,0,0,0,0,0,0,0,0,0,0,0,0,0,0,1,0,0,0,0,0,0,1,0,0,0,0,0,0,0,0,0
2023-11-11,PROD_022,Gaiam Premium Yoga Block,Wellness,Bloque Yoga,20,False,2,20.19,40.38,19.903333333333336,1.0048568079048734,0,0,0,0,0,0,0,0,1,0,0,0,0,0,0,0,0,0,0,0,0,0,0,0,0,0,0,1,0,0,0,1,0,0,0,0,0,0,0,0,0,0,0,0
2023-11-11,PROD_023,Liforme Yoga Pad,Wellness,Rodillera Yoga,35,False,2,34.06,68.12,34.583333333333336,1.0120481927710843,0,0,0,0,0,0,0,0,0,1,0,0,0,0,0,0,0,0,0,0,0,0,0,0,0,0,0,1,0,0,0,0,0,0,0,0,0,0,0,1,0,0,0,0
2023-11-11,PROD_024,Lotuscrafts Yoga Bolster,Wellness,Cojín Yoga,50,False,2,49.79,99.58,47.74,1.0473397570171763,0,0,0,0,0,0,0,0,0,0,1,0,0,0,0,0,0,0,0,0,0,0,0,0,0,0,0,1,0,0,0,0,1,0,0,0,0,0,0,0,0,0,0,0
2023-11-12,PROD_001,Nike Air Zoom Pegasus 40,Running,Zapatillas Running,115,True,15,117.58,1763.7,103.08666666666666,1.1155661902606222,0,0,0,0,0,0,0,0,0,0,0,0,0,0,1,0,0,0,0,0,0,0,0,0,0,0,1,0,0,0,0,0,0,0,0,0,0,0,0,0,0,0,1,0
2023-11-12,PROD_002,Adidas Ultraboost 23,Running,Zapatillas Running,135,True,15,133.25,1998.75,121.17999999999999,1.1140452219838257,0,1,0,0,0,0,0,0,0,0,0,0,0,0,0,0,0,0,0,0,0,0,0,0,0,0,1,0,0,0,0,0,0,0,0,0,0,0,0,0,0,0,1,0
2023-11-12,PROD_003,Asics Gel Nimbus 25,Running,Zapatillas Running,85,False,4,87.24,348.96,85.23333333333333,0.9972624168947986,0,0,1,0,0,0,0,0,0,0,0,0,0,0,0,0,0,0,0,0,0,0,0,0,0,0,1,0,0,0,0,0,0,0,0,0,0,0,0,0,0,0,1,0
2023-11-12,PROD_004,New Balance Fresh Foam X 1080v12,Running,Zapatillas Running,75,False,3,76.81,230.43,75.57000000000001,0.9924573243350535,0,0,0,0,0,0,0,0,0,0,0,0,0,1,0,0,0,0,0,0,0,0,0,0,0,0,1,0,0,0,0,0,0,0,0,0,0,0,0,0,0,0,1,0
2023-11-12,PROD_005,Nike Dri-FIT Miler,Running,Ropa Running,35,False,3,35.11,105.33,33.49,1.0450880859958196,0,0,0,0,0,0,0,0,0,0,0,0,0,0,0,1,0,0,0,0,0,0,0,0,0,0,1,0,0,0,0,0,0,0,0,0,0,0,0,0,0,1,0,0
2023-11-12,PROD_006,Adidas Own The Run Jacket,Running,Ropa Running,65,False,3,65.39,196.17,64.16333333333334,1.0130396384227751,1,0,0,0,0,0,0,0,0,0,0,0,0,0,0,0,0,0,0,0,0,0,0,0,0,0,1,0,0,0,0,0,0,0,0,0,0,0,0,0,0,1,0,0
2023-11-12,PROD_007,Puma Velocity Nitro 2,Running,Zapatillas Running,70,False,2,69.77,139.54,67.04666666666667,1.0440489211494481,0,0,0,0,0,0,0,0,0,0,0,0,0,0,0,0,1,0,0,0,0,0,0,0,0,0,1,0,0,0,0,0,0,0,0,0,0,0,0,0,0,0,1,0
2023-11-12,PROD_008,Reebok Floatride Energy 5,Running,Zapatillas Running,65,False,2,66.86,133.72,63.80333333333334,1.0187555509116555,0,0,0,0,0,0,0,0,0,0,0,0,0,0,0,0,0,0,1,0,0,0,0,0,0,0,1,0,0,0,0,0,0,0,0,0,0,0,0,0,0,0,1,0
2023-11-12,PROD_009,Bowflex SelectTech 552,Fitness,Mancuernas Ajustables,400,True,3,406.89,1220.67,372.25333333333333,1.074537053619399,0,0,0,1,0,0,0,0,0,0,0,0,0,0,0,0,0,0,0,0,0,0,0,0,1,0,0,0,0,0,0,0,0,0,0,1,0,0,0,0,0,0,0,0
2023-11-12,PROD_010,Domyos BM900,Fitness,Banco Gimnasio,175,True,3,173.4,520.2,174.95333333333335,1.0002667377967458,0,0,0,0,0,0,1,0,0,0,0,0,0,0,0,0,0,0,0,0,0,0,0,0,1,0,0,0,1,0,0,0,0,0,0,0,0,0,0,0,0,0,0,0
2023-11-12,PROD_011,Reebok Professional Deck,Fitness,Esterilla Fitness,45,False,4,44.11,176.44,43.42666666666667,1.0362296591955786,0,0,0,0,0,0,0,0,0,0,0,0,0,0,0,0,0,0,0,1,0,0,0,0,1,0,0,0,0,0,0,0,0,1,0,0,0,0,0,0,0,0,0,0
2023-11-12,PROD_012,Domyos Kit Mancuernas 20kg,Fitness,Pesas Casa,55,False,4,54.24,216.96,54.26333333333333,1.0135757724675964,0,0,0,0,0,0,0,1,0,0,0,0,0,0,0,0,0,0,0,0,0,0,0,0,1,0,0,0,0,0,0,0,0,0,0,0,0,0,1,0,0,0,0,0
2023-11-12,PROD_013,Decathlon Bandas Elásticas Set,Fitness,Bandas Elásticas,25,False,3,24.39,73.17,23.383333333333336,1.0691375623663577,0,0,0,0,0,1,0,0,0,0,0,0,0,0,0,0,0,0,0,0,0,0,0,0,1,0,0,0,0,1,0,0,0,0,0,0,0,0,0,0,0,0,0,0
2023-11-12,PROD_014,Sveltus Kettlebell 12kg,Fitness,Pesa Rusa,40,False,3,39.88,119.64,38.72666666666667,1.0328800137717336,0,0,0,0,0,0,0,0,0,0,0,0,0,0,0,0,0,0,0,0,0,1,0,0,1,0,0,0,0,0,0,0,0,0,0,0,0,1,0,0,0,0,0,0
2023-11-12,PROD_015,Salomon Speedcross 5 GTX,Outdoor,Zapatillas Trail,150,True,4,147.88,591.52,146.6,1.0231923601637107,0,0,0,0,0,0,0,0,0,0,0,0,0,0,0,0,0,0,0,0,1,0,0,0,0,1,0,0,0,0,0,0,0,0,0,0,0,0,0,0,0,0,0,1
2023-11-12,PROD_016,Trek Marlin 7,Outdoor,Bicicleta Montaña,830,True,4,821.77,3287.08,798.4866666666667,1.039466323795847,0,0,0,0,0,0,0,0,0,0,0,0,0,0,0,0,0,0,0,0,0,0,0,1,0,1,0,0,0,0,1,0,0,0,0,0,0,0,0,0,0,0,0,0
2023-11-12,PROD_017,The North Face Borealis,Outdoor,Mochila Trekking,95,False,2,96.63,193.26,87.43,1.0865835525563308,0,0,0,0,0,0,0,0,0,0,0,0,0,0,0,0,0,0,0,0,0,0,1,0,0,1,0,0,0,0,0,0,0,0,0,0,1,0,0,0,0,0,0,0
2023-11-12,PROD_018,Columbia Silver Ridge,Outdoor,Ropa Montaña,70,False,3,71.33,213.99,66.34,1.0551703346397348,0,0,0,0,1,0,0,0,0,0,0,0,0,0,0,0,0,0,0,0,0,0,0,0,0,1,0,0,0,0,0,0,0,0,0,0,0,0,0,0,1,0,0,0
2023-11-12,PROD_019,Merrell Moab 2 GTX,Outdoor,Zapatillas Trail,110,False,2,110.63,221.26,105.21,1.045527991635776,0,0,0,0,0,0,0,0,0,0,0,0,1,0,0,0,0,0,0,0,0,0,0,0,0,1,0,0,0,0,0,0,0,0,0,0,0,0,0,0,0,0,0,1
2023-11-12,PROD_020,Quechua MH500,Outdoor,Ropa Montaña,80,False,3,79.55,238.65,74.64333333333333,1.0717634975215469,0,0,0,0,0,0,0,0,0,0,0,0,0,0,0,0,0,1,0,0,0,0,0,0,0,1,0,0,0,0,0,0,0,0,0,0,0,0,0,0,1,0,0,0
2023-11-12,PROD_021,Manduka PRO Yoga Mat,Wellness,Esterilla Yoga,130,True,8,127.24,1017.92,124.31333333333333,1.0457446238000752,0,0,0,0,0,0,0,0,0,0,0,1,0,0,0,0,0,0,0,0,0,0,0,0,0,0,0,1,0,0,0,0,0,0,1,0,0,0,0,0,0,0,0,0
2023-11-12,PROD_022,Gaiam Premium Yoga Block,Wellness,Bloque Yoga,20,False,2,20.39,40.78,19.68,1.016260162601626,0,0,0,0,0,0,0,0,1,0,0,0,0,0,0,0,0,0,0,0,0,0,0,0,0,0,0,1,0,0,0,1,0,0,0,0,0,0,0,0,0,0,0,0
2023-11-12,PROD_023,Liforme Yoga Pad,Wellness,Rodillera Yoga,35,False,2,35.13,70.26,34.51666666666667,1.0140028971511346,0,0,0,0,0,0,0,0,0,1,0,0,0,0,0,0,0,0,0,0,0,0,0,0,0,0,0,1,0,0,0,0,0,0,0,0,0,0,0,1,0,0,0,0
2023-11-12,PROD_024,Lotuscrafts Yoga Bolster,Wellness,Cojín Yoga,50,False,1,50.37,50.37,49.88333333333333,1.002338790511193,0,0,0,0,0,0,0,0,0,0,1,0,0,0,0,0,0,0,0,0,0,0,0,0,0,0,0,1,0,0,0,0,1,0,0,0,0,0,0,0,0,0,0,0
2023-11-13,PROD_001,Nike Air Zoom Pegasus 40,Running,Zapatillas Running,115,True,12,117.05,1404.6,102.98333333333333,1.1166855478232725,0,0,0,0,0,0,0,0,0,0,0,0,0,0,1,0,0,0,0,0,0,0,0,0,0,0,1,0,0,0,0,0,0,0,0,0,0,0,0,0,0,0,1,0
2023-11-13,PROD_002,Adidas Ultraboost 23,Running,Zapatillas Running,135,True,11,138.0,1518.0,121.84333333333332,1.1079801931442017,0,1,0,0,0,0,0,0,0,0,0,0,0,0,0,0,0,0,0,0,0,0,0,0,0,0,1,0,0,0,0,0,0,0,0,0,0,0,0,0,0,0,1,0
2023-11-13,PROD_003,Asics Gel Nimbus 25,Running,Zapatillas Running,85,False,3,84.17,252.51,84.38,1.0073477127281347,0,0,1,0,0,0,0,0,0,0,0,0,0,0,0,0,0,0,0,0,0,0,0,0,0,0,1,0,0,0,0,0,0,0,0,0,0,0,0,0,0,0,1,0
2023-11-13,PROD_004,New Balance Fresh Foam X 1080v12,Running,Zapatillas Running,75,False,3,73.43,220.29,72.00666666666666,1.0415702249791687,0,0,0,0,0,0,0,0,0,0,0,0,0,1,0,0,0,0,0,0,0,0,0,0,0,0,1,0,0,0,0,0,0,0,0,0,0,0,0,0,0,0,1,0
2023-11-13,PROD_005,Nike Dri-FIT Miler,Running,Ropa Running,35,False,3,35.58,106.74,33.01,1.0602847621932747,0,0,0,0,0,0,0,0,0,0,0,0,0,0,0,1,0,0,0,0,0,0,0,0,0,0,1,0,0,0,0,0,0,0,0,0,0,0,0,0,0,1,0,0
2023-11-13,PROD_006,Adidas Own The Run Jacket,Running,Ropa Running,65,False,2,66.91,133.82,64.61333333333333,1.0059843169624434,1,0,0,0,0,0,0,0,0,0,0,0,0,0,0,0,0,0,0,0,0,0,0,0,0,0,1,0,0,0,0,0,0,0,0,0,0,0,0,0,0,1,0,0
2023-11-13,PROD_007,Puma Velocity Nitro 2,Running,Zapatillas Running,70,False,2,71.92,143.84,69.42333333333333,1.0083065251836558,0,0,0,0,0,0,0,0,0,0,0,0,0,0,0,0,1,0,0,0,0,0,0,0,0,0,1,0,0,0,0,0,0,0,0,0,0,0,0,0,0,0,1,0
2023-11-13,PROD_008,Reebok Floatride Energy 5,Running,Zapatillas Running,65,False,3,65.68,197.04,62.85666666666666,1.0340987431722968,0,0,0,0,0,0,0,0,0,0,0,0,0,0,0,0,0,0,1,0,0,0,0,0,0,0,1,0,0,0,0,0,0,0,0,0,0,0,0,0,0,0,1,0
2023-11-13,PROD_009,Bowflex SelectTech 552,Fitness,Mancuernas Ajustables,400,True,2,405.47,810.94,373.5,1.07095046854083,0,0,0,1,0,0,0,0,0,0,0,0,0,0,0,0,0,0,0,0,0,0,0,0,1,0,0,0,0,0,0,0,0,0,0,1,0,0,0,0,0,0,0,0
2023-11-13,PROD_010,Domyos BM900,Fitness,Banco Gimnasio,175,True,3,172.46,517.38,170.11,1.0287461054611722,0,0,0,0,0,0,1,0,0,0,0,0,0,0,0,0,0,0,0,0,0,0,0,0,1,0,0,0,1,0,0,0,0,0,0,0,0,0,0,0,0,0,0,0
2023-11-13,PROD_011,Reebok Professional Deck,Fitness,Esterilla Fitness,45,False,4,44.71,178.84,45.01666666666667,0.9996297667530543,0,0,0,0,0,0,0,0,0,0,0,0,0,0,0,0,0,0,0,1,0,0,0,0,1,0,0,0,0,0,0,0,0,1,0,0,0,0,0,0,0,0,0,0
2023-11-13,PROD_012,Domyos Kit Mancuernas 20kg,Fitness,Pesas Casa,55,False,4,55.26,221.04,52.75,1.042654028436019,0,0,0,0,0,0,0,1,0,0,0,0,0,0,0,0,0,0,0,0,0,0,0,0,1,0,0,0,0,0,0,0,0,0,0,0,0,0,1,0,0,0,0,0
2023-11-13,PROD_013,Decathlon Bandas Elásticas Set,Fitness,Bandas Elásticas,25,False,3,25.13,75.39,24.39,1.025010250102501,0,0,0,0,0,1,0,0,0,0,0,0,0,0,0,0,0,0,0,0,0,0,0,0,1,0,0,0,0,1,0,0,0,0,0,0,0,0,0,0,0,0,0,0
2023-11-13,PROD_014,Sveltus Kettlebell 12kg,Fitness,Pesa Rusa,40,False,3,40.07,120.21,40.01333333333333,0.9996667777407532,0,0,0,0,0,0,0,0,0,0,0,0,0,0,0,0,0,0,0,0,0,1,0,0,1,0,0,0,0,0,0,0,0,0,0,0,0,1,0,0,0,0,0,0
2023-11-13,PROD_015,Salomon Speedcross 5 GTX,Outdoor,Zapatillas Trail,150,True,4,148.37,593.48,148.26333333333335,1.011713392837069,0,0,0,0,0,0,0,0,0,0,0,0,0,0,0,0,0,0,0,0,1,0,0,0,0,1,0,0,0,0,0,0,0,0,0,0,0,0,0,0,0,0,0,1
2023-11-13,PROD_016,Trek Marlin 7,Outdoor,Bicicleta Montaña,830,True,3,810.37,2431.11,791.4633333333333,1.048690400481808,0,0,0,0,0,0,0,0,0,0,0,0,0,0,0,0,0,0,0,0,0,0,0,1,0,1,0,0,0,0,1,0,0,0,0,0,0,0,0,0,0,0,0,0
2023-11-13,PROD_017,The North Face Borealis,Outdoor,Mochila Trekking,95,False,3,95.4,286.2,94.28000000000002,1.0076368264743316,0,0,0,0,0,0,0,0,0,0,0,0,0,0,0,0,0,0,0,0,0,0,1,0,0,1,0,0,0,0,0,0,0,0,0,0,1,0,0,0,0,0,0,0
2023-11-13,PROD_018,Columbia Silver Ridge,Outdoor,Ropa Montaña,70,False,2,70.53,141.06,67.47333333333334,1.0374468925995453,0,0,0,0,1,0,0,0,0,0,0,0,0,0,0,0,0,0,0,0,0,0,0,0,0,1,0,0,0,0,0,0,0,0,0,0,0,0,0,0,1,0,0,0
2023-11-13,PROD_019,Merrell Moab 2 GTX,Outdoor,Zapatillas Trail,110,False,3,113.2,339.6,102.05333333333333,1.0778677815521296,0,0,0,0,0,0,0,0,0,0,0,0,1,0,0,0,0,0,0,0,0,0,0,0,0,1,0,0,0,0,0,0,0,0,0,0,0,0,0,0,0,0,0,1
2023-11-13,PROD_020,Quechua MH500,Outdoor,Ropa Montaña,80,False,2,79.09,158.18,76.44333333333333,1.0465268390528932,0,0,0,0,0,0,0,0,0,0,0,0,0,0,0,0,0,1,0,0,0,0,0,0,0,1,0,0,0,0,0,0,0,0,0,0,0,0,0,0,1,0,0,0
2023-11-13,PROD_021,Manduka PRO Yoga Mat,Wellness,Esterilla Yoga,130,True,7,127.34,891.38,128.73,1.0098656101918746,0,0,0,0,0,0,0,0,0,0,0,1,0,0,0,0,0,0,0,0,0,0,0,0,0,0,0,1,0,0,0,0,0,0,1,0,0,0,0,0,0,0,0,0
2023-11-13,PROD_022,Gaiam Premium Yoga Block,Wellness,Bloque Yoga,20,False,2,19.62,39.24,19.26666666666667,1.0380622837370241,0,0,0,0,0,0,0,0,1,0,0,0,0,0,0,0,0,0,0,0,0,0,0,0,0,0,0,1,0,0,0,1,0,0,0,0,0,0,0,0,0,0,0,0
2023-11-13,PROD_023,Liforme Yoga Pad,Wellness,Rodillera Yoga,35,False,1,35.88,35.88,33.39333333333334,1.0481133958874025,0,0,0,0,0,0,0,0,0,1,0,0,0,0,0,0,0,0,0,0,0,0,0,0,0,0,0,1,0,0,0,0,0,0,0,0,0,0,0,1,0,0,0,0
2023-11-13,PROD_024,Lotuscrafts Yoga Bolster,Wellness,Cojín Yoga,50,False,1,51.38,51.38,47.56666666666666,1.051156271899089,0,0,0,0,0,0,0,0,0,0,1,0,0,0,0,0,0,0,0,0,0,0,0,0,0,0,0,1,0,0,0,0,1,0,0,0,0,0,0,0,0,0,0,0
2023-11-14,PROD_001,Nike Air Zoom Pegasus 40,Running,Zapatillas Running,115,True,10,112.57,1125.7,102.91666666666667,1.117408906882591,0,0,0,0,0,0,0,0,0,0,0,0,0,0,1,0,0,0,0,0,0,0,0,0,0,0,1,0,0,0,0,0,0,0,0,0,0,0,0,0,0,0,1,0
2023-11-14,PROD_002,Adidas Ultraboost 23,Running,Zapatillas Running,135,True,11,134.1,1475.1,122.29333333333334,1.1039031836022677,0,1,0,0,0,0,0,0,0,0,0,0,0,0,0,0,0,0,0,0,0,0,0,0,0,0,1,0,0,0,0,0,0,0,0,0,0,0,0,0,0,0,1,0
2023-11-14,PROD_003,Asics Gel Nimbus 25,Running,Zapatillas Running,85,False,3,86.29,258.87,80.52,1.055638350720318,0,0,1,0,0,0,0,0,0,0,0,0,0,0,0,0,0,0,0,0,0,0,0,0,0,0,1,0,0,0,0,0,0,0,0,0,0,0,0,0,0,0,1,0
2023-11-14,PROD_004,New Balance Fresh Foam X 1080v12,Running,Zapatillas Running,75,False,3,73.58,220.74,74.77,1.0030761000401232,0,0,0,0,0,0,0,0,0,0,0,0,0,1,0,0,0,0,0,0,0,0,0,0,0,0,1,0,0,0,0,0,0,0,0,0,0,0,0,0,0,0,1,0
2023-11-14,PROD_005,Nike Dri-FIT Miler,Running,Ropa Running,35,False,3,35.09,105.27,32.03666666666667,1.0924981791697013,0,0,0,0,0,0,0,0,0,0,0,0,0,0,0,1,0,0,0,0,0,0,0,0,0,0,1,0,0,0,0,0,0,0,0,0,0,0,0,0,0,1,0,0
2023-11-14,PROD_006,Adidas Own The Run Jacket,Running,Ropa Running,65,False,2,63.09,126.18,63.5,1.0236220472440944,1,0,0,0,0,0,0,0,0,0,0,0,0,0,0,0,0,0,0,0,0,0,0,0,0,0,1,0,0,0,0,0,0,0,0,0,0,0,0,0,0,1,0,0
2023-11-14,PROD_007,Puma Velocity Nitro 2,Running,Zapatillas Running,70,False,3,72.05,216.15,67.35000000000001,1.0393466963622864,0,0,0,0,0,0,0,0,0,0,0,0,0,0,0,0,1,0,0,0,0,0,0,0,0,0,1,0,0,0,0,0,0,0,0,0,0,0,0,0,0,0,1,0
2023-11-14,PROD_008,Reebok Floatride Energy 5,Running,Zapatillas Running,65,False,2,64.45,128.9,63.9,1.0172143974960877,0,0,0,0,0,0,0,0,0,0,0,0,0,0,0,0,0,0,1,0,0,0,0,0,0,0,1,0,0,0,0,0,0,0,0,0,0,0,0,0,0,0,1,0
2023-11-14,PROD_009,Bowflex SelectTech 552,Fitness,Mancuernas Ajustables,400,True,3,408.46,1225.38,375.2233333333333,1.0660317855144048,0,0,0,1,0,0,0,0,0,0,0,0,0,0,0,0,0,0,0,0,0,0,0,0,1,0,0,0,0,0,0,0,0,0,0,1,0,0,0,0,0,0,0,0
2023-11-14,PROD_010,Domyos BM900,Fitness,Banco Gimnasio,175,True,3,176.56,529.68,172.01999999999998,1.01732356702709,0,0,0,0,0,0,1,0,0,0,0,0,0,0,0,0,0,0,0,0,0,0,0,0,1,0,0,0,1,0,0,0,0,0,0,0,0,0,0,0,0,0,0,0
2023-11-14,PROD_011,Reebok Professional Deck,Fitness,Esterilla Fitness,45,False,4,44.63,178.52,42.89666666666667,1.0490325588623823,0,0,0,0,0,0,0,0,0,0,0,0,0,0,0,0,0,0,0,1,0,0,0,0,1,0,0,0,0,0,0,0,0,1,0,0,0,0,0,0,0,0,0,0
2023-11-14,PROD_012,Domyos Kit Mancuernas 20kg,Fitness,Pesas Casa,55,False,3,55.36,166.08,54.52,1.0088041085840058,0,0,0,0,0,0,0,1,0,0,0,0,0,0,0,0,0,0,0,0,0,0,0,0,1,0,0,0,0,0,0,0,0,0,0,0,0,0,1,0,0,0,0,0
2023-11-14,PROD_013,Decathlon Bandas Elásticas Set,Fitness,Bandas Elásticas,25,False,4,24.78,99.12,24.736666666666665,1.0106454655706778,0,0,0,0,0,1,0,0,0,0,0,0,0,0,0,0,0,0,0,0,0,0,0,0,1,0,0,0,0,1,0,0,0,0,0,0,0,0,0,0,0,0,0,0
2023-11-14,PROD_014,Sveltus Kettlebell 12kg,Fitness,Pesa Rusa,40,False,4,40.5,162.0,38.02333333333333,1.0519856228631541,0,0,0,0,0,0,0,0,0,0,0,0,0,0,0,0,0,0,0,0,0,1,0,0,1,0,0,0,0,0,0,0,0,0,0,0,0,1,0,0,0,0,0,0
2023-11-14,PROD_015,Salomon Speedcross 5 GTX,Outdoor,Zapatillas Trail,150,True,4,152.9,611.6,144.81000000000003,1.0358400662937641,0,0,0,0,0,0,0,0,0,0,0,0,0,0,0,0,0,0,0,0,1,0,0,0,0,1,0,0,0,0,0,0,0,0,0,0,0,0,0,0,0,0,0,1
2023-11-14,PROD_016,Trek Marlin 7,Outdoor,Bicicleta Montaña,830,True,3,816.08,2448.24,786.1833333333334,1.055733395518433,0,0,0,0,0,0,0,0,0,0,0,0,0,0,0,0,0,0,0,0,0,0,0,1,0,1,0,0,0,0,1,0,0,0,0,0,0,0,0,0,0,0,0,0
2023-11-14,PROD_017,The North Face Borealis,Outdoor,Mochila Trekking,95,False,2,92.32,184.64,95.13999999999999,0.9985284843388692,0,0,0,0,0,0,0,0,0,0,0,0,0,0,0,0,0,0,0,0,0,0,1,0,0,1,0,0,0,0,0,0,0,0,0,0,1,0,0,0,0,0,0,0
2023-11-14,PROD_018,Columbia Silver Ridge,Outdoor,Ropa Montaña,70,False,2,72.03,144.06,68.05,1.0286554004408524,0,0,0,0,1,0,0,0,0,0,0,0,0,0,0,0,0,0,0,0,0,0,0,0,0,1,0,0,0,0,0,0,0,0,0,0,0,0,0,0,1,0,0,0
2023-11-14,PROD_019,Merrell Moab 2 GTX,Outdoor,Zapatillas Trail,110,False,2,107.39,214.78,106.70333333333333,1.0308956296273155,0,0,0,0,0,0,0,0,0,0,0,0,1,0,0,0,0,0,0,0,0,0,0,0,0,1,0,0,0,0,0,0,0,0,0,0,0,0,0,0,0,0,0,1
2023-11-14,PROD_020,Quechua MH500,Outdoor,Ropa Montaña,80,False,2,80.03,160.06,74.19000000000001,1.0783124410297882,0,0,0,0,0,0,0,0,0,0,0,0,0,0,0,0,0,1,0,0,0,0,0,0,0,1,0,0,0,0,0,0,0,0,0,0,0,0,0,0,1,0,0,0
2023-11-14,PROD_021,Manduka PRO Yoga Mat,Wellness,Esterilla Yoga,130,True,5,128.83,644.15,127.73333333333333,1.0177453027139876,0,0,0,0,0,0,0,0,0,0,0,1,0,0,0,0,0,0,0,0,0,0,0,0,0,0,0,1,0,0,0,0,0,0,1,0,0,0,0,0,0,0,0,0
2023-11-14,PROD_022,Gaiam Premium Yoga Block,Wellness,Bloque Yoga,20,False,1,19.62,19.62,19.036666666666665,1.0506040973559798,0,0,0,0,0,0,0,0,1,0,0,0,0,0,0,0,0,0,0,0,0,0,0,0,0,0,0,1,0,0,0,1,0,0,0,0,0,0,0,0,0,0,0,0
2023-11-14,PROD_023,Liforme Yoga Pad,Wellness,Rodillera Yoga,35,False,2,35.52,71.04,33.95666666666667,1.0307254343771473,0,0,0,0,0,0,0,0,0,1,0,0,0,0,0,0,0,0,0,0,0,0,0,0,0,0,0,1,0,0,0,0,0,0,0,0,0,0,0,1,0,0,0,0
2023-11-14,PROD_024,Lotuscrafts Yoga Bolster,Wellness,Cojín Yoga,50,False,1,51.41,51.41,48.18666666666667,1.0376314333148866,0,0,0,0,0,0,0,0,0,0,1,0,0,0,0,0,0,0,0,0,0,0,0,0,0,0,0,1,0,0,0,0,1,0,0,0,0,0,0,0,0,0,0,0
2023-11-15,PROD_001,Nike Air Zoom Pegasus 40,Running,Zapatillas Running,115,True,8,117.65,941.2,101.93666666666667,1.1281514665969066,0,0,0,0,0,0,0,0,0,0,0,0,0,0,1,0,0,0,0,0,0,0,0,0,0,0,1,0,0,0,0,0,0,0,0,0,0,0,0,0,0,0,1,0
2023-11-15,PROD_002,Adidas Ultraboost 23,Running,Zapatillas Running,135,True,11,138.37,1522.07,121.86333333333334,1.1077983533466451,0,1,0,0,0,0,0,0,0,0,0,0,0,0,0,0,0,0,0,0,0,0,0,0,0,0,1,0,0,0,0,0,0,0,0,0,0,0,0,0,0,0,1,0
2023-11-15,PROD_003,Asics Gel Nimbus 25,Running,Zapatillas Running,85,False,3,85.57,256.71,84.13333333333334,1.0103011093502376,0,0,1,0,0,0,0,0,0,0,0,0,0,0,0,0,0,0,0,0,0,0,0,0,0,0,1,0,0,0,0,0,0,0,0,0,0,0,0,0,0,0,1,0
2023-11-15,PROD_004,New Balance Fresh Foam X 1080v12,Running,Zapatillas Running,75,False,2,77.21,154.42,71.29333333333334,1.0519917710865905,0,0,0,0,0,0,0,0,0,0,0,0,0,1,0,0,0,0,0,0,0,0,0,0,0,0,1,0,0,0,0,0,0,0,0,0,0,0,0,0,0,0,1,0
2023-11-15,PROD_005,Nike Dri-FIT Miler,Running,Ropa Running,35,False,3,35.73,107.19,33.82,1.0348905972797162,0,0,0,0,0,0,0,0,0,0,0,0,0,0,0,1,0,0,0,0,0,0,0,0,0,0,1,0,0,0,0,0,0,0,0,0,0,0,0,0,0,1,0,0
2023-11-15,PROD_006,Adidas Own The Run Jacket,Running,Ropa Running,65,False,2,64.24,128.48,64.76333333333334,1.00365433115446,1,0,0,0,0,0,0,0,0,0,0,0,0,0,0,0,0,0,0,0,0,0,0,0,0,0,1,0,0,0,0,0,0,0,0,0,0,0,0,0,0,1,0,0
2023-11-15,PROD_007,Puma Velocity Nitro 2,Running,Zapatillas Running,70,False,2,70.73,141.46,68.2,1.0263929618768328,0,0,0,0,0,0,0,0,0,0,0,0,0,0,0,0,1,0,0,0,0,0,0,0,0,0,1,0,0,0,0,0,0,0,0,0,0,0,0,0,0,0,1,0
2023-11-15,PROD_008,Reebok Floatride Energy 5,Running,Zapatillas Running,65,False,2,64.67,129.34,61.69333333333333,1.0535984439161445,0,0,0,0,0,0,0,0,0,0,0,0,0,0,0,0,0,0,1,0,0,0,0,0,0,0,1,0,0,0,0,0,0,0,0,0,0,0,0,0,0,0,1,0
2023-11-15,PROD_009,Bowflex SelectTech 552,Fitness,Mancuernas Ajustables,400,True,2,410.12,820.24,372.16333333333336,1.0747969081675608,0,0,0,1,0,0,0,0,0,0,0,0,0,0,0,0,0,0,0,0,0,0,0,0,1,0,0,0,0,0,0,0,0,0,0,1,0,0,0,0,0,0,0,0
2023-11-15,PROD_010,Domyos BM900,Fitness,Banco Gimnasio,175,True,2,177.91,355.82,173.25,1.0101010101010102,0,0,0,0,0,0,1,0,0,0,0,0,0,0,0,0,0,0,0,0,0,0,0,0,1,0,0,0,1,0,0,0,0,0,0,0,0,0,0,0,0,0,0,0
2023-11-15,PROD_011,Reebok Professional Deck,Fitness,Esterilla Fitness,45,False,3,45.61,136.83,45.586666666666666,0.987130739982451,0,0,0,0,0,0,0,0,0,0,0,0,0,0,0,0,0,0,0,1,0,0,0,0,1,0,0,0,0,0,0,0,0,1,0,0,0,0,0,0,0,0,0,0
2023-11-15,PROD_012,Domyos Kit Mancuernas 20kg,Fitness,Pesas Casa,55,False,4,53.9,215.6,54.193333333333335,1.0148849797023003,0,0,0,0,0,0,0,1,0,0,0,0,0,0,0,0,0,0,0,0,0,0,0,0,1,0,0,0,0,0,0,0,0,0,0,0,0,0,1,0,0,0,0,0
2023-11-15,PROD_013,Decathlon Bandas Elásticas Set,Fitness,Bandas Elásticas,25,False,3,25.58,76.74,24.340000000000003,1.0271158586688578,0,0,0,0,0,1,0,0,0,0,0,0,0,0,0,0,0,0,0,0,0,0,0,0,1,0,0,0,0,1,0,0,0,0,0,0,0,0,0,0,0,0,0,0
2023-11-15,PROD_014,Sveltus Kettlebell 12kg,Fitness,Pesa Rusa,40,False,3,40.8,122.4,40.10333333333333,0.9974233230820381,0,0,0,0,0,0,0,0,0,0,0,0,0,0,0,0,0,0,0,0,0,1,0,0,1,0,0,0,0,0,0,0,0,0,0,0,0,1,0,0,0,0,0,0
2023-11-15,PROD_015,Salomon Speedcross 5 GTX,Outdoor,Zapatillas Trail,150,True,4,148.61,594.44,146.36666666666667,1.0248235026189934,0,0,0,0,0,0,0,0,0,0,0,0,0,0,0,0,0,0,0,0,1,0,0,0,0,1,0,0,0,0,0,0,0,0,0,0,0,0,0,0,0,0,0,1
2023-11-15,PROD_016,Trek Marlin 7,Outdoor,Bicicleta Montaña,830,True,4,832.07,3328.28,788.0033333333332,1.0532950368230254,0,0,0,0,0,0,0,0,0,0,0,0,0,0,0,0,0,0,0,0,0,0,0,1,0,1,0,0,0,0,1,0,0,0,0,0,0,0,0,0,0,0,0,0
2023-11-15,PROD_017,The North Face Borealis,Outdoor,Mochila Trekking,95,False,3,97.04,291.12,91.97666666666667,1.032870655601058,0,0,0,0,0,0,0,0,0,0,0,0,0,0,0,0,0,0,0,0,0,0,1,0,0,1,0,0,0,0,0,0,0,0,0,0,1,0,0,0,0,0,0,0
2023-11-15,PROD_018,Columbia Silver Ridge,Outdoor,Ropa Montaña,70,False,2,69.43,138.86,69.66333333333334,1.004832767118044,0,0,0,0,1,0,0,0,0,0,0,0,0,0,0,0,0,0,0,0,0,0,0,0,0,1,0,0,0,0,0,0,0,0,0,0,0,0,0,0,1,0,0,0
2023-11-15,PROD_019,Merrell Moab 2 GTX,Outdoor,Zapatillas Trail,110,False,2,107.85,215.7,108.96333333333332,1.0095139037596745,0,0,0,0,0,0,0,0,0,0,0,0,1,0,0,0,0,0,0,0,0,0,0,0,0,1,0,0,0,0,0,0,0,0,0,0,0,0,0,0,0,0,0,1
2023-11-15,PROD_020,Quechua MH500,Outdoor,Ropa Montaña,80,False,1,79.9,79.9,79.89666666666666,1.001293337227252,0,0,0,0,0,0,0,0,0,0,0,0,0,0,0,0,0,1,0,0,0,0,0,0,0,1,0,0,0,0,0,0,0,0,0,0,0,0,0,0,1,0,0,0
2023-11-15,PROD_021,Manduka PRO Yoga Mat,Wellness,Esterilla Yoga,130,True,6,132.4,794.4,127.64999999999999,1.018409714061888,0,0,0,0,0,0,0,0,0,0,0,1,0,0,0,0,0,0,0,0,0,0,0,0,0,0,0,1,0,0,0,0,0,0,1,0,0,0,0,0,0,0,0,0
2023-11-15,PROD_022,Gaiam Premium Yoga Block,Wellness,Bloque Yoga,20,False,2,20.02,40.04,19.19666666666667,1.041847542976211,0,0,0,0,0,0,0,0,1,0,0,0,0,0,0,0,0,0,0,0,0,0,0,0,0,0,0,1,0,0,0,1,0,0,0,0,0,0,0,0,0,0,0,0
2023-11-15,PROD_023,Liforme Yoga Pad,Wellness,Rodillera Yoga,35,False,1,34.42,34.42,33.379999999999995,1.048532055122828,0,0,0,0,0,0,0,0,0,1,0,0,0,0,0,0,0,0,0,0,0,0,0,0,0,0,0,1,0,0,0,0,0,0,0,0,0,0,0,1,0,0,0,0
2023-11-15,PROD_024,Lotuscrafts Yoga Bolster,Wellness,Cojín Yoga,50,False,1,50.1,50.1,50.14666666666667,0.9970752459452273,0,0,0,0,0,0,0,0,0,0,1,0,0,0,0,0,0,0,0,0,0,0,0,0,0,0,0,1,0,0,0,0,1,0,0,0,0,0,0,0,0,0,0,0
2023-11-16,PROD_001,Nike Air Zoom Pegasus 40,Running,Zapatillas Running,115,True,11,111.69,1228.59,104.04666666666667,1.1052732748125842,0,0,0,0,0,0,0,0,0,0,0,0,0,0,1,0,0,0,0,0,0,0,0,0,0,0,1,0,0,0,0,0,0,0,0,0,0,0,0,0,0,0,1,0
2023-11-16,PROD_002,Adidas Ultraboost 23,Running,Zapatillas Running,135,True,13,137.22,1783.86,122.78000000000002,1.0995276103599934,0,1,0,0,0,0,0,0,0,0,0,0,0,0,0,0,0,0,0,0,0,0,0,0,0,0,1,0,0,0,0,0,0,0,0,0,0,0,0,0,0,0,1,0
2023-11-16,PROD_003,Asics Gel Nimbus 25,Running,Zapatillas Running,85,False,3,86.68,260.04,83.39333333333333,1.019266128387561,0,0,1,0,0,0,0,0,0,0,0,0,0,0,0,0,0,0,0,0,0,0,0,0,0,0,1,0,0,0,0,0,0,0,0,0,0,0,0,0,0,0,1,0
2023-11-16,PROD_004,New Balance Fresh Foam X 1080v12,Running,Zapatillas Running,75,False,3,73.72,221.16,75.48,0.9936406995230525,0,0,0,0,0,0,0,0,0,0,0,0,0,1,0,0,0,0,0,0,0,0,0,0,0,0,1,0,0,0,0,0,0,0,0,0,0,0,0,0,0,0,1,0
2023-11-16,PROD_005,Nike Dri-FIT Miler,Running,Ropa Running,35,False,2,35.73,71.46,33.46666666666667,1.045816733067729,0,0,0,0,0,0,0,0,0,0,0,0,0,0,0,1,0,0,0,0,0,0,0,0,0,0,1,0,0,0,0,0,0,0,0,0,0,0,0,0,0,1,0,0
2023-11-16,PROD_006,Adidas Own The Run Jacket,Running,Ropa Running,65,False,2,66.62,133.24,61.660000000000004,1.0541680181641258,1,0,0,0,0,0,0,0,0,0,0,0,0,0,0,0,0,0,0,0,0,0,0,0,0,0,1,0,0,0,0,0,0,0,0,0,0,0,0,0,0,1,0,0
2023-11-16,PROD_007,Puma Velocity Nitro 2,Running,Zapatillas Running,70,False,2,72.0,144.0,69.13000000000001,1.0125849848112252,0,0,0,0,0,0,0,0,0,0,0,0,0,0,0,0,1,0,0,0,0,0,0,0,0,0,1,0,0,0,0,0,0,0,0,0,0,0,0,0,0,0,1,0
2023-11-16,PROD_008,Reebok Floatride Energy 5,Running,Zapatillas Running,65,False,2,64.2,128.4,61.88666666666668,1.0503070128191316,0,0,0,0,0,0,0,0,0,0,0,0,0,0,0,0,0,0,1,0,0,0,0,0,0,0,1,0,0,0,0,0,0,0,0,0,0,0,0,0,0,0,1,0
2023-11-16,PROD_009,Bowflex SelectTech 552,Fitness,Mancuernas Ajustables,400,True,2,410.87,821.74,376.5566666666667,1.0622571193357353,0,0,0,1,0,0,0,0,0,0,0,0,0,0,0,0,0,0,0,0,0,0,0,0,1,0,0,0,0,0,0,0,0,0,0,1,0,0,0,0,0,0,0,0
2023-11-16,PROD_010,Domyos BM900,Fitness,Banco Gimnasio,175,True,2,174.89,349.78,173.11333333333334,1.0108984480301921,0,0,0,0,0,0,1,0,0,0,0,0,0,0,0,0,0,0,0,0,0,0,0,0,1,0,0,0,1,0,0,0,0,0,0,0,0,0,0,0,0,0,0,0
2023-11-16,PROD_011,Reebok Professional Deck,Fitness,Esterilla Fitness,45,False,4,43.84,175.36,43.24333333333333,1.0406228320357667,0,0,0,0,0,0,0,0,0,0,0,0,0,0,0,0,0,0,0,1,0,0,0,0,1,0,0,0,0,0,0,0,0,1,0,0,0,0,0,0,0,0,0,0
2023-11-16,PROD_012,Domyos Kit Mancuernas 20kg,Fitness,Pesas Casa,55,False,4,54.16,216.64,54.25,1.0138248847926268,0,0,0,0,0,0,0,1,0,0,0,0,0,0,0,0,0,0,0,0,0,0,0,0,1,0,0,0,0,0,0,0,0,0,0,0,0,0,1,0,0,0,0,0
2023-11-16,PROD_013,Decathlon Bandas Elásticas Set,Fitness,Bandas Elásticas,25,False,3,24.69,74.07,24.253333333333334,1.0307861462341945,0,0,0,0,0,1,0,0,0,0,0,0,0,0,0,0,0,0,0,0,0,0,0,0,1,0,0,0,0,1,0,0,0,0,0,0,0,0,0,0,0,0,0,0
2023-11-16,PROD_014,Sveltus Kettlebell 12kg,Fitness,Pesa Rusa,40,False,3,39.81,119.43,39.99333333333333,1.0001666944490748,0,0,0,0,0,0,0,0,0,0,0,0,0,0,0,0,0,0,0,0,0,1,0,0,1,0,0,0,0,0,0,0,0,0,0,0,0,1,0,0,0,0,0,0
2023-11-16,PROD_015,Salomon Speedcross 5 GTX,Outdoor,Zapatillas Trail,150,True,4,150.0,600.0,146.26333333333335,1.0255475284304563,0,0,0,0,0,0,0,0,0,0,0,0,0,0,0,0,0,0,0,0,1,0,0,0,0,1,0,0,0,0,0,0,0,0,0,0,0,0,0,0,0,0,0,1
2023-11-16,PROD_016,Trek Marlin 7,Outdoor,Bicicleta Montaña,830,True,5,822.99,4114.95,796.5166666666668,1.0420372036575922,0,0,0,0,0,0,0,0,0,0,0,0,0,0,0,0,0,0,0,0,0,0,0,1,0,1,0,0,0,0,1,0,0,0,0,0,0,0,0,0,0,0,0,0
2023-11-16,PROD_017,The North Face Borealis,Outdoor,Mochila Trekking,95,False,2,95.38,190.76,93.55666666666667,1.0154273702212562,0,0,0,0,0,0,0,0,0,0,0,0,0,0,0,0,0,0,0,0,0,0,1,0,0,1,0,0,0,0,0,0,0,0,0,0,1,0,0,0,0,0,0,0
2023-11-16,PROD_018,Columbia Silver Ridge,Outdoor,Ropa Montaña,70,False,2,68.61,137.22,66.21666666666665,1.0571356657437707,0,0,0,0,1,0,0,0,0,0,0,0,0,0,0,0,0,0,0,0,0,0,0,0,0,1,0,0,0,0,0,0,0,0,0,0,0,0,0,0,1,0,0,0
2023-11-16,PROD_019,Merrell Moab 2 GTX,Outdoor,Zapatillas Trail,110,False,2,107.33,214.66,111.99,0.9822305562996697,0,0,0,0,0,0,0,0,0,0,0,0,1,0,0,0,0,0,0,0,0,0,0,0,0,1,0,0,0,0,0,0,0,0,0,0,0,0,0,0,0,0,0,1
2023-11-16,PROD_020,Quechua MH500,Outdoor,Ropa Montaña,80,False,2,81.14,162.28,78.73666666666666,1.0160450446636469,0,0,0,0,0,0,0,0,0,0,0,0,0,0,0,0,0,1,0,0,0,0,0,0,0,1,0,0,0,0,0,0,0,0,0,0,0,0,0,0,1,0,0,0
2023-11-16,PROD_021,Manduka PRO Yoga Mat,Wellness,Esterilla Yoga,130,True,7,128.22,897.54,126.58,1.027018486332754,0,0,0,0,0,0,0,0,0,0,0,1,0,0,0,0,0,0,0,0,0,0,0,0,0,0,0,1,0,0,0,0,0,0,1,0,0,0,0,0,0,0,0,0
2023-11-16,PROD_022,Gaiam Premium Yoga Block,Wellness,Bloque Yoga,20,False,2,19.75,39.5,18.813333333333333,1.0630758327427356,0,0,0,0,0,0,0,0,1,0,0,0,0,0,0,0,0,0,0,0,0,0,0,0,0,0,0,1,0,0,0,1,0,0,0,0,0,0,0,0,0,0,0,0
2023-11-16,PROD_023,Liforme Yoga Pad,Wellness,Rodillera Yoga,35,False,1,35.62,35.62,33.56666666666667,1.0427010923535251,0,0,0,0,0,0,0,0,0,1,0,0,0,0,0,0,0,0,0,0,0,0,0,0,0,0,0,1,0,0,0,0,0,0,0,0,0,0,0,1,0,0,0,0
2023-11-16,PROD_024,Lotuscrafts Yoga Bolster,Wellness,Cojín Yoga,50,False,1,49.87,49.87,48.13666666666666,1.0387092306626966,0,0,0,0,0,0,0,0,0,0,1,0,0,0,0,0,0,0,0,0,0,0,0,0,0,0,0,1,0,0,0,0,1,0,0,0,0,0,0,0,0,0,0,0
2023-11-17,PROD_001,Nike Air Zoom Pegasus 40,Running,Zapatillas Running,115,True,19,113.17,2150.23,104.23333333333335,1.103293891909178,0,0,0,0,0,0,0,0,0,0,0,0,0,0,1,0,0,0,0,0,0,0,0,0,0,0,1,0,0,0,0,0,0,0,0,0,0,0,0,0,0,0,1,0
2023-11-17,PROD_002,Adidas Ultraboost 23,Running,Zapatillas Running,135,True,19,131.48,2498.12,121.99,1.1066480859086811,0,1,0,0,0,0,0,0,0,0,0,0,0,0,0,0,0,0,0,0,0,0,0,0,0,0,1,0,0,0,0,0,0,0,0,0,0,0,0,0,0,0,1,0
2023-11-17,PROD_003,Asics Gel Nimbus 25,Running,Zapatillas Running,85,False,4,86.19,344.76,83.99,1.012025241100131,0,0,1,0,0,0,0,0,0,0,0,0,0,0,0,0,0,0,0,0,0,0,0,0,0,0,1,0,0,0,0,0,0,0,0,0,0,0,0,0,0,0,1,0
2023-11-17,PROD_004,New Balance Fresh Foam X 1080v12,Running,Zapatillas Running,75,False,3,76.47,229.41,73.21,1.0244502117197105,0,0,0,0,0,0,0,0,0,0,0,0,0,1,0,0,0,0,0,0,0,0,0,0,0,0,1,0,0,0,0,0,0,0,0,0,0,0,0,0,0,0,1,0
2023-11-17,PROD_005,Nike Dri-FIT Miler,Running,Ropa Running,35,False,2,34.63,69.26,34.763333333333335,1.0068079393997507,0,0,0,0,0,0,0,0,0,0,0,0,0,0,0,1,0,0,0,0,0,0,0,0,0,0,1,0,0,0,0,0,0,0,0,0,0,0,0,0,0,1,0,0
2023-11-17,PROD_006,Adidas Own The Run Jacket,Running,Ropa Running,65,False,3,63.84,191.52,63.80666666666667,1.0187023299550726,1,0,0,0,0,0,0,0,0,0,0,0,0,0,0,0,0,0,0,0,0,0,0,0,0,0,1,0,0,0,0,0,0,0,0,0,0,0,0,0,0,1,0,0
2023-11-17,PROD_007,Puma Velocity Nitro 2,Running,Zapatillas Running,70,False,3,67.9,203.7,68.31666666666668,1.0246401561356426,0,0,0,0,0,0,0,0,0,0,0,0,0,0,0,0,1,0,0,0,0,0,0,0,0,0,1,0,0,0,0,0,0,0,0,0,0,0,0,0,0,0,1,0
2023-11-17,PROD_008,Reebok Floatride Energy 5,Running,Zapatillas Running,65,False,3,63.1,189.3,62.10333333333333,1.0466426922870484,0,0,0,0,0,0,0,0,0,0,0,0,0,0,0,0,0,0,1,0,0,0,0,0,0,0,1,0,0,0,0,0,0,0,0,0,0,0,0,0,0,0,1,0
2023-11-17,PROD_009,Bowflex SelectTech 552,Fitness,Mancuernas Ajustables,400,True,3,388.21,1164.63,370.9166666666667,1.0784093462143338,0,0,0,1,0,0,0,0,0,0,0,0,0,0,0,0,0,0,0,0,0,0,0,0,1,0,0,0,0,0,0,0,0,0,0,1,0,0,0,0,0,0,0,0
2023-11-17,PROD_010,Domyos BM900,Fitness,Banco Gimnasio,175,True,3,170.16,510.48,173.07666666666668,1.011112609055717,0,0,0,0,0,0,1,0,0,0,0,0,0,0,0,0,0,0,0,0,0,0,0,0,1,0,0,0,1,0,0,0,0,0,0,0,0,0,0,0,0,0,0,0
2023-11-17,PROD_011,Reebok Professional Deck,Fitness,Esterilla Fitness,45,False,4,45.46,181.84,44.43000000000001,1.0128291694800808,0,0,0,0,0,0,0,0,0,0,0,0,0,0,0,0,0,0,0,1,0,0,0,0,1,0,0,0,0,0,0,0,0,1,0,0,0,0,0,0,0,0,0,0
2023-11-17,PROD_012,Domyos Kit Mancuernas 20kg,Fitness,Pesas Casa,55,False,5,56.11,280.55,53.166666666666664,1.0344827586206897,0,0,0,0,0,0,0,1,0,0,0,0,0,0,0,0,0,0,0,0,0,0,0,0,1,0,0,0,0,0,0,0,0,0,0,0,0,0,1,0,0,0,0,0
2023-11-17,PROD_013,Decathlon Bandas Elásticas Set,Fitness,Bandas Elásticas,25,False,4,24.29,97.16,24.063333333333333,1.03892505887242,0,0,0,0,0,1,0,0,0,0,0,0,0,0,0,0,0,0,0,0,0,0,0,0,1,0,0,0,0,1,0,0,0,0,0,0,0,0,0,0,0,0,0,0
2023-11-17,PROD_014,Sveltus Kettlebell 12kg,Fitness,Pesa Rusa,40,False,4,40.15,160.6,36.946666666666665,1.0826416456153014,0,0,0,0,0,0,0,0,0,0,0,0,0,0,0,0,0,0,0,0,0,1,0,0,1,0,0,0,0,0,0,0,0,0,0,0,0,1,0,0,0,0,0,0
2023-11-17,PROD_015,Salomon Speedcross 5 GTX,Outdoor,Zapatillas Trail,150,True,4,147.88,591.52,146.83333333333334,1.021566401816118,0,0,0,0,0,0,0,0,0,0,0,0,0,0,0,0,0,0,0,0,1,0,0,0,0,1,0,0,0,0,0,0,0,0,0,0,0,0,0,0,0,0,0,1
2023-11-17,PROD_016,Trek Marlin 7,Outdoor,Bicicleta Montaña,830,True,5,805.37,4026.85,790.6133333333333,1.0498178629249866,0,0,0,0,0,0,0,0,0,0,0,0,0,0,0,0,0,0,0,0,0,0,0,1,0,1,0,0,0,0,1,0,0,0,0,0,0,0,0,0,0,0,0,0
2023-11-17,PROD_017,The North Face Borealis,Outdoor,Mochila Trekking,95,False,3,94.87,284.61,92.52,1.0268050151318635,0,0,0,0,0,0,0,0,0,0,0,0,0,0,0,0,0,0,0,0,0,0,1,0,0,1,0,0,0,0,0,0,0,0,0,0,1,0,0,0,0,0,0,0
2023-11-17,PROD_018,Columbia Silver Ridge,Outdoor,Ropa Montaña,70,False,3,68.56,205.68,66.44,1.053582179409994,0,0,0,0,1,0,0,0,0,0,0,0,0,0,0,0,0,0,0,0,0,0,0,0,0,1,0,0,0,0,0,0,0,0,0,0,0,0,0,0,1,0,0,0
2023-11-17,PROD_019,Merrell Moab 2 GTX,Outdoor,Zapatillas Trail,110,False,2,109.55,219.1,112.05000000000001,0.9817045961624273,0,0,0,0,0,0,0,0,0,0,0,0,1,0,0,0,0,0,0,0,0,0,0,0,0,1,0,0,0,0,0,0,0,0,0,0,0,0,0,0,0,0,0,1
2023-11-17,PROD_020,Quechua MH500,Outdoor,Ropa Montaña,80,False,2,78.2,156.4,78.77666666666667,1.0155291329920026,0,0,0,0,0,0,0,0,0,0,0,0,0,0,0,0,0,1,0,0,0,0,0,0,0,1,0,0,0,0,0,0,0,0,0,0,0,0,0,0,1,0,0,0
2023-11-17,PROD_021,Manduka PRO Yoga Mat,Wellness,Esterilla Yoga,130,True,7,126.37,884.59,127.52666666666669,1.0193946364159128,0,0,0,0,0,0,0,0,0,0,0,1,0,0,0,0,0,0,0,0,0,0,0,0,0,0,0,1,0,0,0,0,0,0,1,0,0,0,0,0,0,0,0,0
2023-11-17,PROD_022,Gaiam Premium Yoga Block,Wellness,Bloque Yoga,20,False,2,20.55,41.1,19.573333333333334,1.0217983651226157,0,0,0,0,0,0,0,0,1,0,0,0,0,0,0,0,0,0,0,0,0,0,0,0,0,0,0,1,0,0,0,1,0,0,0,0,0,0,0,0,0,0,0,0
2023-11-17,PROD_023,Liforme Yoga Pad,Wellness,Rodillera Yoga,35,False,1,35.66,35.66,34.00666666666667,1.0292099588316017,0,0,0,0,0,0,0,0,0,1,0,0,0,0,0,0,0,0,0,0,0,0,0,0,0,0,0,1,0,0,0,0,0,0,0,0,0,0,0,1,0,0,0,0
2023-11-17,PROD_024,Lotuscrafts Yoga Bolster,Wellness,Cojín Yoga,50,False,1,50.29,50.29,50.223333333333336,0.9955531957257582,0,0,0,0,0,0,0,0,0,0,1,0,0,0,0,0,0,0,0,0,0,0,0,0,0,0,0,1,0,0,0,0,1,0,0,0,0,0,0,0,0,0,0,0
2023-11-18,PROD_001,Nike Air Zoom Pegasus 40,Running,Zapatillas Running,115,True,22,116.01,2552.22,103.12666666666667,1.1151334927920358,0,0,0,0,0,0,0,0,0,0,0,0,0,0,1,0,0,0,0,0,0,0,0,0,0,0,1,0,0,0,0,0,0,0,0,0,0,0,0,0,0,0,1,0
2023-11-18,PROD_002,Adidas Ultraboost 23,Running,Zapatillas Running,135,True,13,137.0,1781.0,122.55,1.1015911872705018,0,1,0,0,0,0,0,0,0,0,0,0,0,0,0,0,0,0,0,0,0,0,0,0,0,0,1,0,0,0,0,0,0,0,0,0,0,0,0,0,0,0,1,0
2023-11-18,PROD_003,Asics Gel Nimbus 25,Running,Zapatillas Running,85,False,4,86.44,345.76,83.35000000000001,1.0197960407918416,0,0,1,0,0,0,0,0,0,0,0,0,0,0,0,0,0,0,0,0,0,0,0,0,0,0,1,0,0,0,0,0,0,0,0,0,0,0,0,0,0,0,1,0
2023-11-18,PROD_004,New Balance Fresh Foam X 1080v12,Running,Zapatillas Running,75,False,4,72.86,291.44,73.93333333333334,1.0144274120829575,0,0,0,0,0,0,0,0,0,0,0,0,0,1,0,0,0,0,0,0,0,0,0,0,0,0,1,0,0,0,0,0,0,0,0,0,0,0,0,0,0,0,1,0
2023-11-18,PROD_005,Nike Dri-FIT Miler,Running,Ropa Running,35,False,3,35.38,106.14,34.14000000000001,1.0251903925014643,0,0,0,0,0,0,0,0,0,0,0,0,0,0,0,1,0,0,0,0,0,0,0,0,0,0,1,0,0,0,0,0,0,0,0,0,0,0,0,0,0,1,0,0
2023-11-18,PROD_006,Adidas Own The Run Jacket,Running,Ropa Running,65,False,3,63.41,190.23,63.51333333333334,1.0234071586018683,1,0,0,0,0,0,0,0,0,0,0,0,0,0,0,0,0,0,0,0,0,0,0,0,0,0,1,0,0,0,0,0,0,0,0,0,0,0,0,0,0,1,0,0
2023-11-18,PROD_007,Puma Velocity Nitro 2,Running,Zapatillas Running,70,False,3,68.71,206.13,66.86666666666667,1.0468594217347955,0,0,0,0,0,0,0,0,0,0,0,0,0,0,0,0,1,0,0,0,0,0,0,0,0,0,1,0,0,0,0,0,0,0,0,0,0,0,0,0,0,0,1,0
2023-11-18,PROD_008,Reebok Floatride Energy 5,Running,Zapatillas Running,65,False,3,66.67,200.01,62.56999999999999,1.0388365031165097,0,0,0,0,0,0,0,0,0,0,0,0,0,0,0,0,0,0,1,0,0,0,0,0,0,0,1,0,0,0,0,0,0,0,0,0,0,0,0,0,0,0,1,0
2023-11-18,PROD_009,Bowflex SelectTech 552,Fitness,Mancuernas Ajustables,400,True,3,391.91,1175.73,373.00333333333333,1.072376475634713,0,0,0,1,0,0,0,0,0,0,0,0,0,0,0,0,0,0,0,0,0,0,0,0,1,0,0,0,0,0,0,0,0,0,0,1,0,0,0,0,0,0,0,0
2023-11-18,PROD_010,Domyos BM900,Fitness,Banco Gimnasio,175,True,3,173.42,520.26,171.90333333333334,1.0180140001163445,0,0,0,0,0,0,1,0,0,0,0,0,0,0,0,0,0,0,0,0,0,0,0,0,1,0,0,0,1,0,0,0,0,0,0,0,0,0,0,0,0,0,0,0
2023-11-18,PROD_011,Reebok Professional Deck,Fitness,Esterilla Fitness,45,False,5,45.39,226.95,45.14666666666667,0.996751329001772,0,0,0,0,0,0,0,0,0,0,0,0,0,0,0,0,0,0,0,1,0,0,0,0,1,0,0,0,0,0,0,0,0,1,0,0,0,0,0,0,0,0,0,0
2023-11-18,PROD_012,Domyos Kit Mancuernas 20kg,Fitness,Pesas Casa,55,False,5,54.77,273.85,54.88666666666666,1.0020648609255436,0,0,0,0,0,0,0,1,0,0,0,0,0,0,0,0,0,0,0,0,0,0,0,0,1,0,0,0,0,0,0,0,0,0,0,0,0,0,1,0,0,0,0,0
2023-11-18,PROD_013,Decathlon Bandas Elásticas Set,Fitness,Bandas Elásticas,25,False,5,25.11,125.55,24.376666666666665,1.0255709011349652,0,0,0,0,0,1,0,0,0,0,0,0,0,0,0,0,0,0,0,0,0,0,0,0,1,0,0,0,0,1,0,0,0,0,0,0,0,0,0,0,0,0,0,0
2023-11-18,PROD_014,Sveltus Kettlebell 12kg,Fitness,Pesa Rusa,40,False,4,40.37,161.48,39.68333333333334,1.0079798404031919,0,0,0,0,0,0,0,0,0,0,0,0,0,0,0,0,0,0,0,0,0,1,0,0,1,0,0,0,0,0,0,0,0,0,0,0,0,1,0,0,0,0,0,0
2023-11-18,PROD_015,Salomon Speedcross 5 GTX,Outdoor,Zapatillas Trail,150,True,6,149.07,894.42,146.88666666666666,1.0211954795080107,0,0,0,0,0,0,0,0,0,0,0,0,0,0,0,0,0,0,0,0,1,0,0,0,0,1,0,0,0,0,0,0,0,0,0,0,0,0,0,0,0,0,0,1
2023-11-18,PROD_016,Trek Marlin 7,Outdoor,Bicicleta Montaña,830,True,3,852.07,2556.21,781.4333333333334,1.0621507486243227,0,0,0,0,0,0,0,0,0,0,0,0,0,0,0,0,0,0,0,0,0,0,0,1,0,1,0,0,0,0,1,0,0,0,0,0,0,0,0,0,0,0,0,0
2023-11-18,PROD_017,The North Face Borealis,Outdoor,Mochila Trekking,95,False,3,92.91,278.73,91.13,1.0424668056622408,0,0,0,0,0,0,0,0,0,0,0,0,0,0,0,0,0,0,0,0,0,0,1,0,0,1,0,0,0,0,0,0,0,0,0,0,1,0,0,0,0,0,0,0
2023-11-18,PROD_018,Columbia Silver Ridge,Outdoor,Ropa Montaña,70,False,3,70.11,210.33,66.86666666666666,1.0468594217347957,0,0,0,0,1,0,0,0,0,0,0,0,0,0,0,0,0,0,0,0,0,0,0,0,0,1,0,0,0,0,0,0,0,0,0,0,0,0,0,0,1,0,0,0
2023-11-18,PROD_019,Merrell Moab 2 GTX,Outdoor,Zapatillas Trail,110,False,3,113.05,339.15,102.19666666666667,1.0763560455331223,0,0,0,0,0,0,0,0,0,0,0,0,1,0,0,0,0,0,0,0,0,0,0,0,0,1,0,0,0,0,0,0,0,0,0,0,0,0,0,0,0,0,0,1
2023-11-18,PROD_020,Quechua MH500,Outdoor,Ropa Montaña,80,False,3,80.07,240.21,79.65,1.0043942247332076,0,0,0,0,0,0,0,0,0,0,0,0,0,0,0,0,0,1,0,0,0,0,0,0,0,1,0,0,0,0,0,0,0,0,0,0,0,0,0,0,1,0,0,0
2023-11-18,PROD_021,Manduka PRO Yoga Mat,Wellness,Esterilla Yoga,130,True,8,128.05,1024.4,126.48666666666668,1.0277763137089548,0,0,0,0,0,0,0,0,0,0,0,1,0,0,0,0,0,0,0,0,0,0,0,0,0,0,0,1,0,0,0,0,0,0,1,0,0,0,0,0,0,0,0,0
2023-11-18,PROD_022,Gaiam Premium Yoga Block,Wellness,Bloque Yoga,20,False,2,20.41,40.82,19.586666666666666,1.0211027910142956,0,0,0,0,0,0,0,0,1,0,0,0,0,0,0,0,0,0,0,0,0,0,0,0,0,0,0,1,0,0,0,1,0,0,0,0,0,0,0,0,0,0,0,0
2023-11-18,PROD_023,Liforme Yoga Pad,Wellness,Rodillera Yoga,35,False,2,34.37,68.74,34.85333333333333,1.0042081101759757,0,0,0,0,0,0,0,0,0,1,0,0,0,0,0,0,0,0,0,0,0,0,0,0,0,0,0,1,0,0,0,0,0,0,0,0,0,0,0,1,0,0,0,0
2023-11-18,PROD_024,Lotuscrafts Yoga Bolster,Wellness,Cojín Yoga,50,False,1,50.21,50.21,48.473333333333336,1.0314949800577637,0,0,0,0,0,0,0,0,0,0,1,0,0,0,0,0,0,0,0,0,0,0,0,0,0,0,0,1,0,0,0,0,1,0,0,0,0,0,0,0,0,0,0,0
2023-11-19,PROD_001,Nike Air Zoom Pegasus 40,Running,Zapatillas Running,115,True,17,112.89,1919.13,104.55333333333333,1.0999171076962317,0,0,0,0,0,0,0,0,0,0,0,0,0,0,1,0,0,0,0,0,0,0,0,0,0,0,1,0,0,0,0,0,0,0,0,0,0,0,0,0,0,0,1,0
2023-11-19,PROD_002,Adidas Ultraboost 23,Running,Zapatillas Running,135,True,13,136.87,1779.31,122.50666666666666,1.1019808445798869,0,1,0,0,0,0,0,0,0,0,0,0,0,0,0,0,0,0,0,0,0,0,0,0,0,0,1,0,0,0,0,0,0,0,0,0,0,0,0,0,0,0,1,0
2023-11-19,PROD_003,Asics Gel Nimbus 25,Running,Zapatillas Running,85,False,3,86.73,260.19,82.28666666666668,1.03297415539172,0,0,1,0,0,0,0,0,0,0,0,0,0,0,0,0,0,0,0,0,0,0,0,0,0,0,1,0,0,0,0,0,0,0,0,0,0,0,0,0,0,0,1,0
2023-11-19,PROD_004,New Balance Fresh Foam X 1080v12,Running,Zapatillas Running,75,False,3,76.62,229.86,73.05333333333334,1.0266471983938674,0,0,0,0,0,0,0,0,0,0,0,0,0,1,0,0,0,0,0,0,0,0,0,0,0,0,1,0,0,0,0,0,0,0,0,0,0,0,0,0,0,0,1,0
2023-11-19,PROD_005,Nike Dri-FIT Miler,Running,Ropa Running,35,False,3,35.35,106.05,33.23,1.0532651218778213,0,0,0,0,0,0,0,0,0,0,0,0,0,0,0,1,0,0,0,0,0,0,0,0,0,0,1,0,0,0,0,0,0,0,0,0,0,0,0,0,0,1,0,0
2023-11-19,PROD_006,Adidas Own The Run Jacket,Running,Ropa Running,65,False,2,66.67,133.34,65.24333333333334,0.9962703724518468,1,0,0,0,0,0,0,0,0,0,0,0,0,0,0,0,0,0,0,0,0,0,0,0,0,0,1,0,0,0,0,0,0,0,0,0,0,0,0,0,0,1,0,0
2023-11-19,PROD_007,Puma Velocity Nitro 2,Running,Zapatillas Running,70,False,2,71.36,142.72,69.86333333333333,1.0019562002003912,0,0,0,0,0,0,0,0,0,0,0,0,0,0,0,0,1,0,0,0,0,0,0,0,0,0,1,0,0,0,0,0,0,0,0,0,0,0,0,0,0,0,1,0
2023-11-19,PROD_008,Reebok Floatride Energy 5,Running,Zapatillas Running,65,False,3,65.85,197.55,61.11333333333334,1.0635976873568234,0,0,0,0,0,0,0,0,0,0,0,0,0,0,0,0,0,0,1,0,0,0,0,0,0,0,1,0,0,0,0,0,0,0,0,0,0,0,0,0,0,0,1,0
2023-11-19,PROD_009,Bowflex SelectTech 552,Fitness,Mancuernas Ajustables,400,True,2,407.23,814.46,373.53,1.0708644553315665,0,0,0,1,0,0,0,0,0,0,0,0,0,0,0,0,0,0,0,0,0,0,0,0,1,0,0,0,0,0,0,0,0,0,0,1,0,0,0,0,0,0,0,0
2023-11-19,PROD_010,Domyos BM900,Fitness,Banco Gimnasio,175,True,3,170.24,510.72,174.29666666666665,1.0040352655434222,0,0,0,0,0,0,1,0,0,0,0,0,0,0,0,0,0,0,0,0,0,0,0,0,1,0,0,0,1,0,0,0,0,0,0,0,0,0,0,0,0,0,0,0
2023-11-19,PROD_011,Reebok Professional Deck,Fitness,Esterilla Fitness,45,False,4,45.43,181.72,44.663333333333334,1.0075378759608926,0,0,0,0,0,0,0,0,0,0,0,0,0,0,0,0,0,0,0,1,0,0,0,0,1,0,0,0,0,0,0,0,0,1,0,0,0,0,0,0,0,0,0,0
2023-11-19,PROD_012,Domyos Kit Mancuernas 20kg,Fitness,Pesas Casa,55,False,4,55.35,221.4,54.64333333333334,1.0065271762337582,0,0,0,0,0,0,0,1,0,0,0,0,0,0,0,0,0,0,0,0,0,0,0,0,1,0,0,0,0,0,0,0,0,0,0,0,0,0,1,0,0,0,0,0
2023-11-19,PROD_013,Decathlon Bandas Elásticas Set,Fitness,Bandas Elásticas,25,False,4,25.16,100.64,24.686666666666667,1.0126924115581961,0,0,0,0,0,1,0,0,0,0,0,0,0,0,0,0,0,0,0,0,0,0,0,0,1,0,0,0,0,1,0,0,0,0,0,0,0,0,0,0,0,0,0,0
2023-11-19,PROD_014,Sveltus Kettlebell 12kg,Fitness,Pesa Rusa,40,False,3,39.56,118.68,39.71666666666666,1.0071338648762065,0,0,0,0,0,0,0,0,0,0,0,0,0,0,0,0,0,0,0,0,0,1,0,0,1,0,0,0,0,0,0,0,0,0,0,0,0,1,0,0,0,0,0,0
2023-11-19,PROD_015,Salomon Speedcross 5 GTX,Outdoor,Zapatillas Trail,150,True,5,148.62,743.1,148.11333333333334,1.0127379934284557,0,0,0,0,0,0,0,0,0,0,0,0,0,0,0,0,0,0,0,0,1,0,0,0,0,1,0,0,0,0,0,0,0,0,0,0,0,0,0,0,0,0,0,1
2023-11-19,PROD_016,Trek Marlin 7,Outdoor,Bicicleta Montaña,830,True,4,810.22,3240.88,797.4633333333333,1.0408002039801203,0,0,0,0,0,0,0,0,0,0,0,0,0,0,0,0,0,0,0,0,0,0,0,1,0,1,0,0,0,0,1,0,0,0,0,0,0,0,0,0,0,0,0,0
2023-11-19,PROD_017,The North Face Borealis,Outdoor,Mochila Trekking,95,False,3,93.92,281.76,92.44,1.0276936391172653,0,0,0,0,0,0,0,0,0,0,0,0,0,0,0,0,0,0,0,0,0,0,1,0,0,1,0,0,0,0,0,0,0,0,0,0,1,0,0,0,0,0,0,0
2023-11-19,PROD_018,Columbia Silver Ridge,Outdoor,Ropa Montaña,70,False,2,68.63,137.26,67.06333333333333,1.0437894527561011,0,0,0,0,1,0,0,0,0,0,0,0,0,0,0,0,0,0,0,0,0,0,0,0,0,1,0,0,0,0,0,0,0,0,0,0,0,0,0,0,1,0,0,0
2023-11-19,PROD_019,Merrell Moab 2 GTX,Outdoor,Zapatillas Trail,110,False,2,112.36,224.72,104.83333333333333,1.0492845786963434,0,0,0,0,0,0,0,0,0,0,0,0,1,0,0,0,0,0,0,0,0,0,0,0,0,1,0,0,0,0,0,0,0,0,0,0,0,0,0,0,0,0,0,1
2023-11-19,PROD_020,Quechua MH500,Outdoor,Ropa Montaña,80,False,2,79.04,158.08,80.79666666666667,0.9901398572548372,0,0,0,0,0,0,0,0,0,0,0,0,0,0,0,0,0,1,0,0,0,0,0,0,0,1,0,0,0,0,0,0,0,0,0,0,0,0,0,0,1,0,0,0
2023-11-19,PROD_021,Manduka PRO Yoga Mat,Wellness,Esterilla Yoga,130,True,6,130.91,785.46,127.57,1.0190483656031983,0,0,0,0,0,0,0,0,0,0,0,1,0,0,0,0,0,0,0,0,0,0,0,0,0,0,0,1,0,0,0,0,0,0,1,0,0,0,0,0,0,0,0,0
2023-11-19,PROD_022,Gaiam Premium Yoga Block,Wellness,Bloque Yoga,20,False,1,20.49,20.49,19.336666666666662,1.0343044302706432,0,0,0,0,0,0,0,0,1,0,0,0,0,0,0,0,0,0,0,0,0,0,0,0,0,0,0,1,0,0,0,1,0,0,0,0,0,0,0,0,0,0,0,0
2023-11-19,PROD_023,Liforme Yoga Pad,Wellness,Rodillera Yoga,35,False,2,34.69,69.38,33.97,1.0303208713570797,0,0,0,0,0,0,0,0,0,1,0,0,0,0,0,0,0,0,0,0,0,0,0,0,0,0,0,1,0,0,0,0,0,0,0,0,0,0,0,1,0,0,0,0
2023-11-19,PROD_024,Lotuscrafts Yoga Bolster,Wellness,Cojín Yoga,50,False,1,49.46,49.46,48.556666666666665,1.0297247202581177,0,0,0,0,0,0,0,0,0,0,1,0,0,0,0,0,0,0,0,0,0,0,0,0,0,0,0,1,0,0,0,0,1,0,0,0,0,0,0,0,0,0,0,0
2023-11-20,PROD_001,Nike Air Zoom Pegasus 40,Running,Zapatillas Running,115,True,12,112.09,1345.08,102.27,1.124474430429256,0,0,0,0,0,0,0,0,0,0,0,0,0,0,1,0,0,0,0,0,0,0,0,0,0,0,1,0,0,0,0,0,0,0,0,0,0,0,0,0,0,0,1,0
2023-11-20,PROD_002,Adidas Ultraboost 23,Running,Zapatillas Running,135,True,12,136.41,1636.92,120.31,1.1221012384672928,0,1,0,0,0,0,0,0,0,0,0,0,0,0,0,0,0,0,0,0,0,0,0,0,0,0,1,0,0,0,0,0,0,0,0,0,0,0,0,0,0,0,1,0
2023-11-20,PROD_003,Asics Gel Nimbus 25,Running,Zapatillas Running,85,False,3,83.4,250.2,80.39333333333333,1.0573016004643834,0,0,1,0,0,0,0,0,0,0,0,0,0,0,0,0,0,0,0,0,0,0,0,0,0,0,1,0,0,0,0,0,0,0,0,0,0,0,0,0,0,0,1,0
2023-11-20,PROD_004,New Balance Fresh Foam X 1080v12,Running,Zapatillas Running,75,False,3,76.5,229.5,74.06,1.0126924115581961,0,0,0,0,0,0,0,0,0,0,0,0,0,1,0,0,0,0,0,0,0,0,0,0,0,0,1,0,0,0,0,0,0,0,0,0,0,0,0,0,0,0,1,0
2023-11-20,PROD_005,Nike Dri-FIT Miler,Running,Ropa Running,35,False,3,35.55,106.65,34.03,1.0285042609462238,0,0,0,0,0,0,0,0,0,0,0,0,0,0,0,1,0,0,0,0,0,0,0,0,0,0,1,0,0,0,0,0,0,0,0,0,0,0,0,0,0,1,0,0
2023-11-20,PROD_006,Adidas Own The Run Jacket,Running,Ropa Running,65,False,2,64.96,129.92,65.56333333333333,0.991407799074686,1,0,0,0,0,0,0,0,0,0,0,0,0,0,0,0,0,0,0,0,0,0,0,0,0,0,1,0,0,0,0,0,0,0,0,0,0,0,0,0,0,1,0,0
2023-11-20,PROD_007,Puma Velocity Nitro 2,Running,Zapatillas Running,70,False,2,68.44,136.88,66.81333333333333,1.0476950708441428,0,0,0,0,0,0,0,0,0,0,0,0,0,0,0,0,1,0,0,0,0,0,0,0,0,0,1,0,0,0,0,0,0,0,0,0,0,0,0,0,0,0,1,0
2023-11-20,PROD_008,Reebok Floatride Energy 5,Running,Zapatillas Running,65,False,2,63.39,126.78,61.419999999999995,1.0582872028655161,0,0,0,0,0,0,0,0,0,0,0,0,0,0,0,0,0,0,1,0,0,0,0,0,0,0,1,0,0,0,0,0,0,0,0,0,0,0,0,0,0,0,1,0
2023-11-20,PROD_009,Bowflex SelectTech 552,Fitness,Mancuernas Ajustables,400,True,2,400.85,801.7,375.32,1.0657572205051689,0,0,0,1,0,0,0,0,0,0,0,0,0,0,0,0,0,0,0,0,0,0,0,0,1,0,0,0,0,0,0,0,0,0,0,1,0,0,0,0,0,0,0,0
2023-11-20,PROD_010,Domyos BM900,Fitness,Banco Gimnasio,175,True,2,171.62,343.24,174.71333333333334,1.0016407829969092,0,0,0,0,0,0,1,0,0,0,0,0,0,0,0,0,0,0,0,0,0,0,0,0,1,0,0,0,1,0,0,0,0,0,0,0,0,0,0,0,0,0,0,0
2023-11-20,PROD_011,Reebok Professional Deck,Fitness,Esterilla Fitness,45,False,3,44.64,133.92,45.29,0.9935968204901745,0,0,0,0,0,0,0,0,0,0,0,0,0,0,0,0,0,0,0,1,0,0,0,0,1,0,0,0,0,0,0,0,0,1,0,0,0,0,0,0,0,0,0,0
2023-11-20,PROD_012,Domyos Kit Mancuernas 20kg,Fitness,Pesas Casa,55,False,4,54.48,217.92,53.199999999999996,1.0338345864661656,0,0,0,0,0,0,0,1,0,0,0,0,0,0,0,0,0,0,0,0,0,0,0,0,1,0,0,0,0,0,0,0,0,0,0,0,0,0,1,0,0,0,0,0
2023-11-20,PROD_013,Decathlon Bandas Elásticas Set,Fitness,Bandas Elásticas,25,False,3,25.74,77.22,24.113333333333333,1.0367708045341444,0,0,0,0,0,1,0,0,0,0,0,0,0,0,0,0,0,0,0,0,0,0,0,0,1,0,0,0,0,1,0,0,0,0,0,0,0,0,0,0,0,0,0,0
2023-11-20,PROD_014,Sveltus Kettlebell 12kg,Fitness,Pesa Rusa,40,False,4,40.19,160.76,38.29666666666667,1.0444773261380451,0,0,0,0,0,0,0,0,0,0,0,0,0,0,0,0,0,0,0,0,0,1,0,0,1,0,0,0,0,0,0,0,0,0,0,0,0,1,0,0,0,0,0,0
2023-11-20,PROD_015,Salomon Speedcross 5 GTX,Outdoor,Zapatillas Trail,150,True,3,151.08,453.24,145.84333333333333,1.028500902795237,0,0,0,0,0,0,0,0,0,0,0,0,0,0,0,0,0,0,0,0,1,0,0,0,0,1,0,0,0,0,0,0,0,0,0,0,0,0,0,0,0,0,0,1
2023-11-20,PROD_016,Trek Marlin 7,Outdoor,Bicicleta Montaña,830,True,4,807.86,3231.44,802.64,1.034087511212997,0,0,0,0,0,0,0,0,0,0,0,0,0,0,0,0,0,0,0,0,0,0,0,1,0,1,0,0,0,0,1,0,0,0,0,0,0,0,0,0,0,0,0,0
2023-11-20,PROD_017,The North Face Borealis,Outdoor,Mochila Trekking,95,False,2,93.85,187.7,93.00666666666666,1.0214321554010466,0,0,0,0,0,0,0,0,0,0,0,0,0,0,0,0,0,0,0,0,0,0,1,0,0,1,0,0,0,0,0,0,0,0,0,0,1,0,0,0,0,0,0,0
2023-11-20,PROD_018,Columbia Silver Ridge,Outdoor,Ropa Montaña,70,False,2,70.53,141.06,68.05666666666667,1.02855463584268,0,0,0,0,1,0,0,0,0,0,0,0,0,0,0,0,0,0,0,0,0,0,0,0,0,1,0,0,0,0,0,0,0,0,0,0,0,0,0,0,1,0,0,0
2023-11-20,PROD_019,Merrell Moab 2 GTX,Outdoor,Zapatillas Trail,110,False,2,110.14,220.28,106.02333333333333,1.0375074669098,0,0,0,0,0,0,0,0,0,0,0,0,1,0,0,0,0,0,0,0,0,0,0,0,0,1,0,0,0,0,0,0,0,0,0,0,0,0,0,0,0,0,0,1
2023-11-20,PROD_020,Quechua MH500,Outdoor,Ropa Montaña,80,False,2,79.84,159.68,77.38333333333334,1.0338143441740253,0,0,0,0,0,0,0,0,0,0,0,0,0,0,0,0,0,1,0,0,0,0,0,0,0,1,0,0,0,0,0,0,0,0,0,0,0,0,0,0,1,0,0,0
2023-11-20,PROD_021,Manduka PRO Yoga Mat,Wellness,Esterilla Yoga,130,True,5,132.17,660.85,126.03666666666668,1.0314458755388642,0,0,0,0,0,0,0,0,0,0,0,1,0,0,0,0,0,0,0,0,0,0,0,0,0,0,0,1,0,0,0,0,0,0,1,0,0,0,0,0,0,0,0,0
2023-11-20,PROD_022,Gaiam Premium Yoga Block,Wellness,Bloque Yoga,20,False,1,20.55,20.55,19.063333333333333,1.0491344640671447,0,0,0,0,0,0,0,0,1,0,0,0,0,0,0,0,0,0,0,0,0,0,0,0,0,0,0,1,0,0,0,1,0,0,0,0,0,0,0,0,0,0,0,0
2023-11-20,PROD_023,Liforme Yoga Pad,Wellness,Rodillera Yoga,35,False,1,34.35,34.35,33.88333333333333,1.0329562223315298,0,0,0,0,0,0,0,0,0,1,0,0,0,0,0,0,0,0,0,0,0,0,0,0,0,0,0,1,0,0,0,0,0,0,0,0,0,0,0,1,0,0,0,0
2023-11-20,PROD_024,Lotuscrafts Yoga Bolster,Wellness,Cojín Yoga,50,False,1,48.56,48.56,48.843333333333334,1.023681157442162,0,0,0,0,0,0,0,0,0,0,1,0,0,0,0,0,0,0,0,0,0,0,0,0,0,0,0,1,0,0,0,0,1,0,0,0,0,0,0,0,0,0,0,0
2023-11-21,PROD_001,Nike Air Zoom Pegasus 40,Running,Zapatillas Running,115,True,14,113.41,1587.74,94.49333333333334,1.2170170735148864,0,0,0,0,0,0,0,0,0,0,0,0,0,0,1,0,0,0,0,0,0,0,0,0,0,0,1,0,0,0,0,0,0,0,0,0,0,0,0,0,0,0,1,0
2023-11-21,PROD_002,Adidas Ultraboost 23,Running,Zapatillas Running,135,True,15,137.05,2055.75,112.97000000000001,1.195007524121448,0,1,0,0,0,0,0,0,0,0,0,0,0,0,0,0,0,0,0,0,0,0,0,0,0,0,1,0,0,0,0,0,0,0,0,0,0,0,0,0,0,0,1,0
2023-11-21,PROD_003,Asics Gel Nimbus 25,Running,Zapatillas Running,85,False,4,86.51,346.04,82.42,1.0313030817762678,0,0,1,0,0,0,0,0,0,0,0,0,0,0,0,0,0,0,0,0,0,0,0,0,0,0,1,0,0,0,0,0,0,0,0,0,0,0,0,0,0,0,1,0
2023-11-21,PROD_004,New Balance Fresh Foam X 1080v12,Running,Zapatillas Running,75,False,3,75.81,227.43,76.17666666666666,0.9845534503128692,0,0,0,0,0,0,0,0,0,0,0,0,0,1,0,0,0,0,0,0,0,0,0,0,0,0,1,0,0,0,0,0,0,0,0,0,0,0,0,0,0,0,1,0
2023-11-21,PROD_005,Nike Dri-FIT Miler,Running,Ropa Running,35,False,3,35.51,106.53,34.36333333333334,1.0185275002425065,0,0,0,0,0,0,0,0,0,0,0,0,0,0,0,1,0,0,0,0,0,0,0,0,0,0,1,0,0,0,0,0,0,0,0,0,0,0,0,0,0,1,0,0
2023-11-21,PROD_006,Adidas Own The Run Jacket,Running,Ropa Running,65,False,3,66.74,200.22,61.24333333333333,1.0613400097969847,1,0,0,0,0,0,0,0,0,0,0,0,0,0,0,0,0,0,0,0,0,0,0,0,0,0,1,0,0,0,0,0,0,0,0,0,0,0,0,0,0,1,0,0
2023-11-21,PROD_007,Puma Velocity Nitro 2,Running,Zapatillas Running,70,False,3,68.89,206.67,69.10333333333334,1.012975736819256,0,0,0,0,0,0,0,0,0,0,0,0,0,0,0,0,1,0,0,0,0,0,0,0,0,0,1,0,0,0,0,0,0,0,0,0,0,0,0,0,0,0,1,0
2023-11-21,PROD_008,Reebok Floatride Energy 5,Running,Zapatillas Running,65,False,3,64.24,192.72,62.526666666666664,1.0395564559121442,0,0,0,0,0,0,0,0,0,0,0,0,0,0,0,0,0,0,1,0,0,0,0,0,0,0,1,0,0,0,0,0,0,0,0,0,0,0,0,0,0,0,1,0
2023-11-21,PROD_009,Bowflex SelectTech 552,Fitness,Mancuernas Ajustables,400,True,3,399.4,1198.2,348.50666666666666,1.1477542275614048,0,0,0,1,0,0,0,0,0,0,0,0,0,0,0,0,0,0,0,0,0,0,0,0,1,0,0,0,0,0,0,0,0,0,0,1,0,0,0,0,0,0,0,0
2023-11-21,PROD_010,Domyos BM900,Fitness,Banco Gimnasio,175,True,2,176.32,352.64,161.29666666666665,1.084957325011883,0,0,0,0,0,0,1,0,0,0,0,0,0,0,0,0,0,0,0,0,0,0,0,0,1,0,0,0,1,0,0,0,0,0,0,0,0,0,0,0,0,0,0,0
2023-11-21,PROD_011,Reebok Professional Deck,Fitness,Esterilla Fitness,45,False,4,46.12,184.48,42.97,1.047242262043286,0,0,0,0,0,0,0,0,0,0,0,0,0,0,0,0,0,0,0,1,0,0,0,0,1,0,0,0,0,0,0,0,0,1,0,0,0,0,0,0,0,0,0,0
2023-11-21,PROD_012,Domyos Kit Mancuernas 20kg,Fitness,Pesas Casa,55,False,5,53.55,267.75,54.6,1.0073260073260073,0,0,0,0,0,0,0,1,0,0,0,0,0,0,0,0,0,0,0,0,0,0,0,0,1,0,0,0,0,0,0,0,0,0,0,0,0,0,1,0,0,0,0,0
2023-11-21,PROD_013,Decathlon Bandas Elásticas Set,Fitness,Bandas Elásticas,25,False,5,25.58,127.9,24.833333333333332,1.0067114093959733,0,0,0,0,0,1,0,0,0,0,0,0,0,0,0,0,0,0,0,0,0,0,0,0,1,0,0,0,0,1,0,0,0,0,0,0,0,0,0,0,0,0,0,0
2023-11-21,PROD_014,Sveltus Kettlebell 12kg,Fitness,Pesa Rusa,40,False,4,38.84,155.36,39.336666666666666,1.016862977713753,0,0,0,0,0,0,0,0,0,0,0,0,0,0,0,0,0,0,0,0,0,1,0,0,1,0,0,0,0,0,0,0,0,0,0,0,0,1,0,0,0,0,0,0
2023-11-21,PROD_015,Salomon Speedcross 5 GTX,Outdoor,Zapatillas Trail,150,True,4,149.89,599.56,134.88333333333333,1.1120721611268998,0,0,0,0,0,0,0,0,0,0,0,0,0,0,0,0,0,0,0,0,1,0,0,0,0,1,0,0,0,0,0,0,0,0,0,0,0,0,0,0,0,0,0,1
2023-11-21,PROD_016,Trek Marlin 7,Outdoor,Bicicleta Montaña,830,True,4,821.69,3286.76,725.8333333333334,1.1435132032146957,0,0,0,0,0,0,0,0,0,0,0,0,0,0,0,0,0,0,0,0,0,0,0,1,0,1,0,0,0,0,1,0,0,0,0,0,0,0,0,0,0,0,0,0
2023-11-21,PROD_017,The North Face Borealis,Outdoor,Mochila Trekking,95,False,3,96.74,290.22,94.35333333333334,1.0068536705998727,0,0,0,0,0,0,0,0,0,0,0,0,0,0,0,0,0,0,0,0,0,0,1,0,0,1,0,0,0,0,0,0,0,0,0,0,1,0,0,0,0,0,0,0
2023-11-21,PROD_018,Columbia Silver Ridge,Outdoor,Ropa Montaña,70,False,3,71.87,215.61,68.62,1.0201107548819586,0,0,0,0,1,0,0,0,0,0,0,0,0,0,0,0,0,0,0,0,0,0,0,0,0,1,0,0,0,0,0,0,0,0,0,0,0,0,0,0,1,0,0,0
2023-11-21,PROD_019,Merrell Moab 2 GTX,Outdoor,Zapatillas Trail,110,False,3,108.39,325.17,103.78666666666668,1.0598663926002054,0,0,0,0,0,0,0,0,0,0,0,0,1,0,0,0,0,0,0,0,0,0,0,0,0,1,0,0,0,0,0,0,0,0,0,0,0,0,0,0,0,0,0,1
2023-11-21,PROD_020,Quechua MH500,Outdoor,Ropa Montaña,80,False,3,78.38,235.14,77.40333333333332,1.0335472201886224,0,0,0,0,0,0,0,0,0,0,0,0,0,0,0,0,0,1,0,0,0,0,0,0,0,1,0,0,0,0,0,0,0,0,0,0,0,0,0,0,1,0,0,0
2023-11-21,PROD_021,Manduka PRO Yoga Mat,Wellness,Esterilla Yoga,130,True,5,129.8,649.0,116.73333333333333,1.1136493432324386,0,0,0,0,0,0,0,0,0,0,0,1,0,0,0,0,0,0,0,0,0,0,0,0,0,0,0,1,0,0,0,0,0,0,1,0,0,0,0,0,0,0,0,0
2023-11-21,PROD_022,Gaiam Premium Yoga Block,Wellness,Bloque Yoga,20,False,2,20.28,40.56,20.343333333333334,0.9831230542356219,0,0,0,0,0,0,0,0,1,0,0,0,0,0,0,0,0,0,0,0,0,0,0,0,0,0,0,1,0,0,0,1,0,0,0,0,0,0,0,0,0,0,0,0
2023-11-21,PROD_023,Liforme Yoga Pad,Wellness,Rodillera Yoga,35,False,2,34.45,68.9,34.653333333333336,1.0100038476337052,0,0,0,0,0,0,0,0,0,1,0,0,0,0,0,0,0,0,0,0,0,0,0,0,0,0,0,1,0,0,0,0,0,0,0,0,0,0,0,1,0,0,0,0
2023-11-21,PROD_024,Lotuscrafts Yoga Bolster,Wellness,Cojín Yoga,50,False,2,50.11,100.22,46.846666666666664,1.0673117973530668,0,0,0,0,0,0,0,0,0,0,1,0,0,0,0,0,0,0,0,0,0,0,0,0,0,0,0,1,0,0,0,0,1,0,0,0,0,0,0,0,0,0,0,0
2023-11-22,PROD_001,Nike Air Zoom Pegasus 40,Running,Zapatillas Running,115,True,14,116.21,1626.94,94.87,1.2121850953936966,0,0,0,0,0,0,0,0,0,0,0,0,0,0,1,0,0,0,0,0,0,0,0,0,0,0,1,0,0,0,0,0,0,0,0,0,0,0,0,0,0,0,1,0
2023-11-22,PROD_002,Adidas Ultraboost 23,Running,Zapatillas Running,135,True,14,137.8,1929.2,111.09666666666668,1.2151579705361695,0,1,0,0,0,0,0,0,0,0,0,0,0,0,0,0,0,0,0,0,0,0,0,0,0,0,1,0,0,0,0,0,0,0,0,0,0,0,0,0,0,0,1,0
2023-11-22,PROD_003,Asics Gel Nimbus 25,Running,Zapatillas Running,85,False,3,83.59,250.77,81.20333333333333,1.0467550593161201,0,0,1,0,0,0,0,0,0,0,0,0,0,0,0,0,0,0,0,0,0,0,0,0,0,0,1,0,0,0,0,0,0,0,0,0,0,0,0,0,0,0,1,0
2023-11-22,PROD_004,New Balance Fresh Foam X 1080v12,Running,Zapatillas Running,75,False,4,77.08,308.32,71.11333333333333,1.054654542045561,0,0,0,0,0,0,0,0,0,0,0,0,0,1,0,0,0,0,0,0,0,0,0,0,0,0,1,0,0,0,0,0,0,0,0,0,0,0,0,0,0,0,1,0
2023-11-22,PROD_005,Nike Dri-FIT Miler,Running,Ropa Running,35,False,3,34.87,104.61,33.43666666666667,1.04675505931612,0,0,0,0,0,0,0,0,0,0,0,0,0,0,0,1,0,0,0,0,0,0,0,0,0,0,1,0,0,0,0,0,0,0,0,0,0,0,0,0,0,1,0,0
2023-11-22,PROD_006,Adidas Own The Run Jacket,Running,Ropa Running,65,False,4,64.78,259.12,61.23333333333334,1.0615133369624385,1,0,0,0,0,0,0,0,0,0,0,0,0,0,0,0,0,0,0,0,0,0,0,0,0,0,1,0,0,0,0,0,0,0,0,0,0,0,0,0,0,1,0,0
2023-11-22,PROD_007,Puma Velocity Nitro 2,Running,Zapatillas Running,70,False,3,70.11,210.33,68.60000000000001,1.020408163265306,0,0,0,0,0,0,0,0,0,0,0,0,0,0,0,0,1,0,0,0,0,0,0,0,0,0,1,0,0,0,0,0,0,0,0,0,0,0,0,0,0,0,1,0
2023-11-22,PROD_008,Reebok Floatride Energy 5,Running,Zapatillas Running,65,False,3,66.15,198.45,59.94,1.0844177510844177,0,0,0,0,0,0,0,0,0,0,0,0,0,0,0,0,0,0,1,0,0,0,0,0,0,0,1,0,0,0,0,0,0,0,0,0,0,0,0,0,0,0,1,0
2023-11-22,PROD_009,Bowflex SelectTech 552,Fitness,Mancuernas Ajustables,400,True,2,407.23,814.46,343.8533333333333,1.1632866726123543,0,0,0,1,0,0,0,0,0,0,0,0,0,0,0,0,0,0,0,0,0,0,0,0,1,0,0,0,0,0,0,0,0,0,0,1,0,0,0,0,0,0,0,0
2023-11-22,PROD_010,Domyos BM900,Fitness,Banco Gimnasio,175,True,3,176.92,530.76,159.72666666666666,1.0956216870487083,0,0,0,0,0,0,1,0,0,0,0,0,0,0,0,0,0,0,0,0,0,0,0,0,1,0,0,0,1,0,0,0,0,0,0,0,0,0,0,0,0,0,0,0
2023-11-22,PROD_011,Reebok Professional Deck,Fitness,Esterilla Fitness,45,False,5,44.66,223.3,43.330000000000005,1.0385414262635586,0,0,0,0,0,0,0,0,0,0,0,0,0,0,0,0,0,0,0,1,0,0,0,0,1,0,0,0,0,0,0,0,0,1,0,0,0,0,0,0,0,0,0,0
2023-11-22,PROD_012,Domyos Kit Mancuernas 20kg,Fitness,Pesas Casa,55,False,5,53.83,269.15,52.18666666666667,1.0539090444557997,0,0,0,0,0,0,0,1,0,0,0,0,0,0,0,0,0,0,0,0,0,0,0,0,1,0,0,0,0,0,0,0,0,0,0,0,0,0,1,0,0,0,0,0
2023-11-22,PROD_013,Decathlon Bandas Elásticas Set,Fitness,Bandas Elásticas,25,False,5,25.15,125.75,23.96666666666667,1.043115438108484,0,0,0,0,0,1,0,0,0,0,0,0,0,0,0,0,0,0,0,0,0,0,0,0,1,0,0,0,0,1,0,0,0,0,0,0,0,0,0,0,0,0,0,0
2023-11-22,PROD_014,Sveltus Kettlebell 12kg,Fitness,Pesa Rusa,40,False,5,40.03,200.15,39.126666666666665,1.0223206679161698,0,0,0,0,0,0,0,0,0,0,0,0,0,0,0,0,0,0,0,0,0,1,0,0,1,0,0,0,0,0,0,0,0,0,0,0,0,1,0,0,0,0,0,0
2023-11-22,PROD_015,Salomon Speedcross 5 GTX,Outdoor,Zapatillas Trail,150,True,5,147.55,737.75,137.24333333333334,1.0929492628664415,0,0,0,0,0,0,0,0,0,0,0,0,0,0,0,0,0,0,0,0,1,0,0,0,0,1,0,0,0,0,0,0,0,0,0,0,0,0,0,0,0,0,0,1
2023-11-22,PROD_016,Trek Marlin 7,Outdoor,Bicicleta Montaña,830,True,4,806.03,3224.12,731.2766666666666,1.135001344680308,0,0,0,0,0,0,0,0,0,0,0,0,0,0,0,0,0,0,0,0,0,0,0,1,0,1,0,0,0,0,1,0,0,0,0,0,0,0,0,0,0,0,0,0
2023-11-22,PROD_017,The North Face Borealis,Outdoor,Mochila Trekking,95,False,3,96.59,289.77,92.81,1.0235965951944834,0,0,0,0,0,0,0,0,0,0,0,0,0,0,0,0,0,0,0,0,0,0,1,0,0,1,0,0,0,0,0,0,0,0,0,0,1,0,0,0,0,0,0,0
2023-11-22,PROD_018,Columbia Silver Ridge,Outdoor,Ropa Montaña,70,False,3,72.09,216.27,68.28333333333333,1.0251403465950697,0,0,0,0,1,0,0,0,0,0,0,0,0,0,0,0,0,0,0,0,0,0,0,0,0,1,0,0,0,0,0,0,0,0,0,0,0,0,0,0,1,0,0,0
2023-11-22,PROD_019,Merrell Moab 2 GTX,Outdoor,Zapatillas Trail,110,False,3,111.08,333.24,104.25999999999999,1.0550546710147708,0,0,0,0,0,0,0,0,0,0,0,0,1,0,0,0,0,0,0,0,0,0,0,0,0,1,0,0,0,0,0,0,0,0,0,0,0,0,0,0,0,0,0,1
2023-11-22,PROD_020,Quechua MH500,Outdoor,Ropa Montaña,80,False,2,78.58,157.16,77.79333333333334,1.0283657554203445,0,0,0,0,0,0,0,0,0,0,0,0,0,0,0,0,0,1,0,0,0,0,0,0,0,1,0,0,0,0,0,0,0,0,0,0,0,0,0,0,1,0,0,0
2023-11-22,PROD_021,Manduka PRO Yoga Mat,Wellness,Esterilla Yoga,130,True,8,126.87,1014.96,117.93666666666667,1.102286537972358,0,0,0,0,0,0,0,0,0,0,0,1,0,0,0,0,0,0,0,0,0,0,0,0,0,0,0,1,0,0,0,0,0,0,1,0,0,0,0,0,0,0,0,0
2023-11-22,PROD_022,Gaiam Premium Yoga Block,Wellness,Bloque Yoga,20,False,2,19.71,39.42,19.356666666666666,1.0332357499569487,0,0,0,0,0,0,0,0,1,0,0,0,0,0,0,0,0,0,0,0,0,0,0,0,0,0,0,1,0,0,0,1,0,0,0,0,0,0,0,0,0,0,0,0
2023-11-22,PROD_023,Liforme Yoga Pad,Wellness,Rodillera Yoga,35,False,2,34.83,69.66,33.77,1.0364228605270949,0,0,0,0,0,0,0,0,0,1,0,0,0,0,0,0,0,0,0,0,0,0,0,0,0,0,0,1,0,0,0,0,0,0,0,0,0,0,0,1,0,0,0,0
2023-11-22,PROD_024,Lotuscrafts Yoga Bolster,Wellness,Cojín Yoga,50,False,2,48.92,97.84,50.18666666666667,0.9962805526036131,0,0,0,0,0,0,0,0,0,0,1,0,0,0,0,0,0,0,0,0,0,0,0,0,0,0,0,1,0,0,0,0,1,0,0,0,0,0,0,0,0,0,0,0
2023-11-23,PROD_001,Nike Air Zoom Pegasus 40,Running,Zapatillas Running,115,True,18,113.18,2037.24,95.98333333333335,1.1981246744226426,0,0,0,0,0,0,0,0,0,0,0,0,0,0,1,0,0,0,0,0,0,0,0,0,0,0,1,0,0,0,0,0,0,0,0,0,0,0,0,0,0,0,1,0
2023-11-23,PROD_002,Adidas Ultraboost 23,Running,Zapatillas Running,135,True,16,134.05,2144.8,111.95333333333333,1.2058595843506223,0,1,0,0,0,0,0,0,0,0,0,0,0,0,0,0,0,0,0,0,0,0,0,0,0,0,1,0,0,0,0,0,0,0,0,0,0,0,0,0,0,0,1,0
2023-11-23,PROD_003,Asics Gel Nimbus 25,Running,Zapatillas Running,85,False,4,84.84,339.36,83.32666666666667,1.0200816065285223,0,0,1,0,0,0,0,0,0,0,0,0,0,0,0,0,0,0,0,0,0,0,0,0,0,0,1,0,0,0,0,0,0,0,0,0,0,0,0,0,0,0,1,0
2023-11-23,PROD_004,New Balance Fresh Foam X 1080v12,Running,Zapatillas Running,75,False,4,73.79,295.16,71.28333333333333,1.0521393500116905,0,0,0,0,0,0,0,0,0,0,0,0,0,1,0,0,0,0,0,0,0,0,0,0,0,0,1,0,0,0,0,0,0,0,0,0,0,0,0,0,0,0,1,0
2023-11-23,PROD_005,Nike Dri-FIT Miler,Running,Ropa Running,35,False,4,35.03,140.12,33.06333333333333,1.058574453069866,0,0,0,0,0,0,0,0,0,0,0,0,0,0,0,1,0,0,0,0,0,0,0,0,0,0,1,0,0,0,0,0,0,0,0,0,0,0,0,0,0,1,0,0
2023-11-23,PROD_006,Adidas Own The Run Jacket,Running,Ropa Running,65,False,2,66.64,133.28,61.9,1.050080775444265,1,0,0,0,0,0,0,0,0,0,0,0,0,0,0,0,0,0,0,0,0,0,0,0,0,0,1,0,0,0,0,0,0,0,0,0,0,0,0,0,0,1,0,0
2023-11-23,PROD_007,Puma Velocity Nitro 2,Running,Zapatillas Running,70,False,3,71.75,215.25,70.99000000000001,0.9860543738554725,0,0,0,0,0,0,0,0,0,0,0,0,0,0,0,0,1,0,0,0,0,0,0,0,0,0,1,0,0,0,0,0,0,0,0,0,0,0,0,0,0,0,1,0
2023-11-23,PROD_008,Reebok Floatride Energy 5,Running,Zapatillas Running,65,False,3,63.68,191.04,62.376666666666665,1.0420563244803078,0,0,0,0,0,0,0,0,0,0,0,0,0,0,0,0,0,0,1,0,0,0,0,0,0,0,1,0,0,0,0,0,0,0,0,0,0,0,0,0,0,0,1,0
2023-11-23,PROD_009,Bowflex SelectTech 552,Fitness,Mancuernas Ajustables,400,True,3,410.27,1230.81,352.25,1.1355571327182399,0,0,0,1,0,0,0,0,0,0,0,0,0,0,0,0,0,0,0,0,0,0,0,0,1,0,0,0,0,0,0,0,0,0,0,1,0,0,0,0,0,0,0,0
2023-11-23,PROD_010,Domyos BM900,Fitness,Banco Gimnasio,175,True,2,178.18,356.36,161.20666666666668,1.0855630453661966,0,0,0,0,0,0,1,0,0,0,0,0,0,0,0,0,0,0,0,0,0,0,0,0,1,0,0,0,1,0,0,0,0,0,0,0,0,0,0,0,0,0,0,0
2023-11-23,PROD_011,Reebok Professional Deck,Fitness,Esterilla Fitness,45,False,4,45.04,180.16,43.13999999999999,1.0431154381084842,0,0,0,0,0,0,0,0,0,0,0,0,0,0,0,0,0,0,0,1,0,0,0,0,1,0,0,0,0,0,0,0,0,1,0,0,0,0,0,0,0,0,0,0
2023-11-23,PROD_012,Domyos Kit Mancuernas 20kg,Fitness,Pesas Casa,55,False,4,55.43,221.72,52.946666666666665,1.0387811634349031,0,0,0,0,0,0,0,1,0,0,0,0,0,0,0,0,0,0,0,0,0,0,0,0,1,0,0,0,0,0,0,0,0,0,0,0,0,0,1,0,0,0,0,0
2023-11-23,PROD_013,Decathlon Bandas Elásticas Set,Fitness,Bandas Elásticas,25,False,4,25.33,101.32,25.02333333333333,0.999067536965499,0,0,0,0,0,1,0,0,0,0,0,0,0,0,0,0,0,0,0,0,0,0,0,0,1,0,0,0,0,1,0,0,0,0,0,0,0,0,0,0,0,0,0,0
2023-11-23,PROD_014,Sveltus Kettlebell 12kg,Fitness,Pesa Rusa,40,False,4,39.53,158.12,39.52,1.0121457489878543,0,0,0,0,0,0,0,0,0,0,0,0,0,0,0,0,0,0,0,0,0,1,0,0,1,0,0,0,0,0,0,0,0,0,0,0,0,1,0,0,0,0,0,0
2023-11-23,PROD_015,Salomon Speedcross 5 GTX,Outdoor,Zapatillas Trail,150,True,4,152.1,608.4,134.38333333333333,1.116209847451321,0,0,0,0,0,0,0,0,0,0,0,0,0,0,0,0,0,0,0,0,1,0,0,0,0,1,0,0,0,0,0,0,0,0,0,0,0,0,0,0,0,0,0,1
2023-11-23,PROD_016,Trek Marlin 7,Outdoor,Bicicleta Montaña,830,True,4,832.39,3329.56,737.0166666666668,1.1261617783406073,0,0,0,0,0,0,0,0,0,0,0,0,0,0,0,0,0,0,0,0,0,0,0,1,0,1,0,0,0,0,1,0,0,0,0,0,0,0,0,0,0,0,0,0
2023-11-23,PROD_017,The North Face Borealis,Outdoor,Mochila Trekking,95,False,3,93.04,279.12,93.97000000000001,1.010960944982441,0,0,0,0,0,0,0,0,0,0,0,0,0,0,0,0,0,0,0,0,0,0,1,0,0,1,0,0,0,0,0,0,0,0,0,0,1,0,0,0,0,0,0,0
2023-11-23,PROD_018,Columbia Silver Ridge,Outdoor,Ropa Montaña,70,False,3,70.55,211.65,67.86666666666667,1.0314341846758348,0,0,0,0,1,0,0,0,0,0,0,0,0,0,0,0,0,0,0,0,0,0,0,0,0,1,0,0,0,0,0,0,0,0,0,0,0,0,0,0,1,0,0,0
2023-11-23,PROD_019,Merrell Moab 2 GTX,Outdoor,Zapatillas Trail,110,False,3,109.66,328.98,105.00999999999999,1.047519283877726,0,0,0,0,0,0,0,0,0,0,0,0,1,0,0,0,0,0,0,0,0,0,0,0,0,1,0,0,0,0,0,0,0,0,0,0,0,0,0,0,0,0,0,1
2023-11-23,PROD_020,Quechua MH500,Outdoor,Ropa Montaña,80,False,3,79.59,238.77,77.04666666666667,1.0383317469931643,0,0,0,0,0,0,0,0,0,0,0,0,0,0,0,0,0,1,0,0,0,0,0,0,0,1,0,0,0,0,0,0,0,0,0,0,0,0,0,0,1,0,0,0
2023-11-23,PROD_021,Manduka PRO Yoga Mat,Wellness,Esterilla Yoga,130,True,7,130.22,911.54,116.89333333333332,1.1121250142580132,0,0,0,0,0,0,0,0,0,0,0,1,0,0,0,0,0,0,0,0,0,0,0,0,0,0,0,1,0,0,0,0,0,0,1,0,0,0,0,0,0,0,0,0
2023-11-23,PROD_022,Gaiam Premium Yoga Block,Wellness,Bloque Yoga,20,False,2,19.75,39.5,19.970000000000002,1.00150225338007,0,0,0,0,0,0,0,0,1,0,0,0,0,0,0,0,0,0,0,0,0,0,0,0,0,0,0,1,0,0,0,1,0,0,0,0,0,0,0,0,0,0,0,0
2023-11-23,PROD_023,Liforme Yoga Pad,Wellness,Rodillera Yoga,35,False,2,34.07,68.14,34.32333333333333,1.0197144799456153,0,0,0,0,0,0,0,0,0,1,0,0,0,0,0,0,0,0,0,0,0,0,0,0,0,0,0,1,0,0,0,0,0,0,0,0,0,0,0,1,0,0,0,0
2023-11-23,PROD_024,Lotuscrafts Yoga Bolster,Wellness,Cojín Yoga,50,False,1,51.43,51.43,50.56333333333333,0.9888588568791614,0,0,0,0,0,0,0,0,0,0,1,0,0,0,0,0,0,0,0,0,0,0,0,0,0,0,0,1,0,0,0,0,1,0,0,0,0,0,0,0,0,0,0,0
2023-11-24,PROD_001,Nike Air Zoom Pegasus 40,Running,Zapatillas Running,115,True,44,97.75,4301.0,100.41666666666667,1.1452282157676348,0,0,0,0,0,0,0,0,0,0,0,0,0,0,1,0,0,0,0,0,0,0,0,0,0,0,1,0,0,0,0,0,0,0,0,0,0,0,0,0,0,0,1,0
2023-11-24,PROD_002,Adidas Ultraboost 23,Running,Zapatillas Running,135,True,85,114.75,9753.75,119.02083333333333,1.1342552074216699,0,1,0,0,0,0,0,0,0,0,0,0,0,0,0,0,0,0,0,0,0,0,0,0,0,0,1,0,0,0,0,0,0,0,0,0,0,0,0,0,0,0,1,0
2023-11-24,PROD_003,Asics Gel Nimbus 25,Running,Zapatillas Running,85,False,16,72.25,1156.0,74.84666666666668,1.135655117128351,0,0,1,0,0,0,0,0,0,0,0,0,0,0,0,0,0,0,0,0,0,0,0,0,0,0,1,0,0,0,0,0,0,0,0,0,0,0,0,0,0,0,1,0
2023-11-24,PROD_004,New Balance Fresh Foam X 1080v12,Running,Zapatillas Running,75,False,14,63.75,892.5,62.71333333333333,1.195917933453811,0,0,0,0,0,0,0,0,0,0,0,0,0,1,0,0,0,0,0,0,0,0,0,0,0,0,1,0,0,0,0,0,0,0,0,0,0,0,0,0,0,0,1,0
2023-11-24,PROD_005,Nike Dri-FIT Miler,Running,Ropa Running,35,False,13,29.75,386.75,29.8,1.174496644295302,0,0,0,0,0,0,0,0,0,0,0,0,0,0,0,1,0,0,0,0,0,0,0,0,0,0,1,0,0,0,0,0,0,0,0,0,0,0,0,0,0,1,0,0
2023-11-24,PROD_006,Adidas Own The Run Jacket,Running,Ropa Running,65,False,13,55.25,718.25,57.163333333333334,1.1370925418391742,1,0,0,0,0,0,0,0,0,0,0,0,0,0,0,0,0,0,0,0,0,0,0,0,0,0,1,0,0,0,0,0,0,0,0,0,0,0,0,0,0,1,0,0
2023-11-24,PROD_007,Puma Velocity Nitro 2,Running,Zapatillas Running,70,False,12,59.5,714.0,61.086666666666666,1.145912910618793,0,0,0,0,0,0,0,0,0,0,0,0,0,0,0,0,1,0,0,0,0,0,0,0,0,0,1,0,0,0,0,0,0,0,0,0,0,0,0,0,0,0,1,0
2023-11-24,PROD_008,Reebok Floatride Energy 5,Running,Zapatillas Running,65,False,12,55.25,663.0,53.059999999999995,1.2250282698831512,0,0,0,0,0,0,0,0,0,0,0,0,0,0,0,0,0,0,1,0,0,0,0,0,0,0,1,0,0,0,0,0,0,0,0,0,0,0,0,0,0,0,1,0
2023-11-24,PROD_009,Bowflex SelectTech 552,Fitness,Mancuernas Ajustables,400,True,11,360.0,3960.0,362.80416666666673,1.1025231702134988,0,0,0,1,0,0,0,0,0,0,0,0,0,0,0,0,0,0,0,0,0,0,0,0,1,0,0,0,0,0,0,0,0,0,0,1,0,0,0,0,0,0,0,0
2023-11-24,PROD_010,Domyos BM900,Fitness,Banco Gimnasio,175,True,13,157.5,2047.5,168.25,1.0401188707280833,0,0,0,0,0,0,1,0,0,0,0,0,0,0,0,0,0,0,0,0,0,0,0,0,1,0,0,0,1,0,0,0,0,0,0,0,0,0,0,0,0,0,0,0
2023-11-24,PROD_011,Reebok Professional Deck,Fitness,Esterilla Fitness,45,False,23,40.5,931.5,39.19,1.1482521051288594,0,0,0,0,0,0,0,0,0,0,0,0,0,0,0,0,0,0,0,1,0,0,0,0,1,0,0,0,0,0,0,0,0,1,0,0,0,0,0,0,0,0,0,0
2023-11-24,PROD_012,Domyos Kit Mancuernas 20kg,Fitness,Pesas Casa,55,False,17,49.5,841.5,47.696666666666665,1.1531204137256272,0,0,0,0,0,0,0,1,0,0,0,0,0,0,0,0,0,0,0,0,0,0,0,0,1,0,0,0,0,0,0,0,0,0,0,0,0,0,1,0,0,0,0,0
2023-11-24,PROD_013,Decathlon Bandas Elásticas Set,Fitness,Bandas Elásticas,25,False,16,22.5,360.0,21.316666666666666,1.1727912431587177,0,0,0,0,0,1,0,0,0,0,0,0,0,0,0,0,0,0,0,0,0,0,0,0,1,0,0,0,0,1,0,0,0,0,0,0,0,0,0,0,0,0,0,0
2023-11-24,PROD_014,Sveltus Kettlebell 12kg,Fitness,Pesa Rusa,40,False,17,36.0,612.0,34.63,1.1550678602367888,0,0,0,0,0,0,0,0,0,0,0,0,0,0,0,0,0,0,0,0,0,1,0,0,1,0,0,0,0,0,0,0,0,0,0,0,0,1,0,0,0,0,0,0
2023-11-24,PROD_015,Salomon Speedcross 5 GTX,Outdoor,Zapatillas Trail,150,True,14,135.0,1890.0,141.18333333333337,1.0624483532050524,0,0,0,0,0,0,0,0,0,0,0,0,0,0,0,0,0,0,0,0,1,0,0,0,0,1,0,0,0,0,0,0,0,0,0,0,0,0,0,0,0,0,0,1
2023-11-24,PROD_016,Trek Marlin 7,Outdoor,Bicicleta Montaña,830,True,13,747.0,9711.0,770.725,1.076908106004087,0,0,0,0,0,0,0,0,0,0,0,0,0,0,0,0,0,0,0,0,0,0,0,1,0,1,0,0,0,0,1,0,0,0,0,0,0,0,0,0,0,0,0,0
2023-11-24,PROD_017,The North Face Borealis,Outdoor,Mochila Trekking,95,False,13,85.5,1111.5,84.14999999999999,1.1289364230540702,0,0,0,0,0,0,0,0,0,0,0,0,0,0,0,0,0,0,0,0,0,0,1,0,0,1,0,0,0,0,0,0,0,0,0,0,1,0,0,0,0,0,0,0
2023-11-24,PROD_018,Columbia Silver Ridge,Outdoor,Ropa Montaña,70,False,12,63.0,756.0,62.67666666666667,1.1168430569589958,0,0,0,0,1,0,0,0,0,0,0,0,0,0,0,0,0,0,0,0,0,0,0,0,0,1,0,0,0,0,0,0,0,0,0,0,0,0,0,0,1,0,0,0
2023-11-24,PROD_019,Merrell Moab 2 GTX,Outdoor,Zapatillas Trail,110,False,13,99.0,1287.0,96.73333333333333,1.1371467953135768,0,0,0,0,0,0,0,0,0,0,0,0,1,0,0,0,0,0,0,0,0,0,0,0,0,1,0,0,0,0,0,0,0,0,0,0,0,0,0,0,0,0,0,1
2023-11-24,PROD_020,Quechua MH500,Outdoor,Ropa Montaña,80,False,10,72.0,720.0,67.79,1.1801150612184688,0,0,0,0,0,0,0,0,0,0,0,0,0,0,0,0,0,1,0,0,0,0,0,0,0,1,0,0,0,0,0,0,0,0,0,0,0,0,0,0,1,0,0,0
2023-11-24,PROD_021,Manduka PRO Yoga Mat,Wellness,Esterilla Yoga,130,True,25,123.5,3087.5,121.375,1.071060762100927,0,0,0,0,0,0,0,0,0,0,0,1,0,0,0,0,0,0,0,0,0,0,0,0,0,0,0,1,0,0,0,0,0,0,1,0,0,0,0,0,0,0,0,0
2023-11-24,PROD_022,Gaiam Premium Yoga Block,Wellness,Bloque Yoga,20,False,8,19.0,152.0,17.516666666666666,1.141769743101808,0,0,0,0,0,0,0,0,1,0,0,0,0,0,0,0,0,0,0,0,0,0,0,0,0,0,0,1,0,0,0,1,0,0,0,0,0,0,0,0,0,0,0,0
2023-11-24,PROD_023,Liforme Yoga Pad,Wellness,Rodillera Yoga,35,False,7,33.25,232.75,30.99333333333333,1.1292751129275114,0,0,0,0,0,0,0,0,0,1,0,0,0,0,0,0,0,0,0,0,0,0,0,0,0,0,0,1,0,0,0,0,0,0,0,0,0,0,0,1,0,0,0,0
2023-11-24,PROD_024,Lotuscrafts Yoga Bolster,Wellness,Cojín Yoga,50,False,6,47.5,285.0,41.54333333333333,1.2035625451335956,0,0,0,0,0,0,0,0,0,0,1,0,0,0,0,0,0,0,0,0,0,0,0,0,0,0,0,1,0,0,0,0,1,0,0,0,0,0,0,0,0,0,0,0
2023-11-25,PROD_001,Nike Air Zoom Pegasus 40,Running,Zapatillas Running,115,True,58,101.2,5869.6,106.6125,1.0786727635127213,0,0,0,0,0,0,0,0,0,0,0,0,0,0,1,0,0,0,0,0,0,0,0,0,0,0,1,0,0,0,0,0,0,0,0,0,0,0,0,0,0,0,1,0
2023-11-25,PROD_002,Adidas Ultraboost 23,Running,Zapatillas Running,135,True,76,118.8,9028.8,122.7,1.1002444987775062,0,1,0,0,0,0,0,0,0,0,0,0,0,0,0,0,0,0,0,0,0,0,0,0,0,0,1,0,0,0,0,0,0,0,0,0,0,0,0,0,0,0,1,0
2023-11-25,PROD_003,Asics Gel Nimbus 25,Running,Zapatillas Running,85,False,13,74.8,972.4,82.18666666666667,1.0342310188189487,0,0,1,0,0,0,0,0,0,0,0,0,0,0,0,0,0,0,0,0,0,0,0,0,0,0,1,0,0,0,0,0,0,0,0,0,0,0,0,0,0,0,1,0
2023-11-25,PROD_004,New Balance Fresh Foam X 1080v12,Running,Zapatillas Running,75,False,11,66.0,726.0,76.27,0.9833486298675758,0,0,0,0,0,0,0,0,0,0,0,0,0,1,0,0,0,0,0,0,0,0,0,0,0,0,1,0,0,0,0,0,0,0,0,0,0,0,0,0,0,0,1,0
2023-11-25,PROD_005,Nike Dri-FIT Miler,Running,Ropa Running,35,False,13,30.8,400.4,35.46333333333334,0.9869348622990881,0,0,0,0,0,0,0,0,0,0,0,0,0,0,0,1,0,0,0,0,0,0,0,0,0,0,1,0,0,0,0,0,0,0,0,0,0,0,0,0,0,1,0,0
2023-11-25,PROD_006,Adidas Own The Run Jacket,Running,Ropa Running,65,False,15,57.2,858.0,61.84666666666667,1.0509863102296,1,0,0,0,0,0,0,0,0,0,0,0,0,0,0,0,0,0,0,0,0,0,0,0,0,0,1,0,0,0,0,0,0,0,0,0,0,0,0,0,0,1,0,0
2023-11-25,PROD_007,Puma Velocity Nitro 2,Running,Zapatillas Running,70,False,8,61.6,492.8,70.33,0.9953078344945259,0,0,0,0,0,0,0,0,0,0,0,0,0,0,0,0,1,0,0,0,0,0,0,0,0,0,1,0,0,0,0,0,0,0,0,0,0,0,0,0,0,0,1,0
2023-11-25,PROD_008,Reebok Floatride Energy 5,Running,Zapatillas Running,65,False,11,57.2,629.2,62.48666666666666,1.040221914008322,0,0,0,0,0,0,0,0,0,0,0,0,0,0,0,0,0,0,1,0,0,0,0,0,0,0,1,0,0,0,0,0,0,0,0,0,0,0,0,0,0,0,1,0
2023-11-25,PROD_009,Bowflex SelectTech 552,Fitness,Mancuernas Ajustables,400,True,12,368.0,4416.0,389.2583333333334,1.0275952131189654,0,0,0,1,0,0,0,0,0,0,0,0,0,0,0,0,0,0,0,0,0,0,0,0,1,0,0,0,0,0,0,0,0,0,0,1,0,0,0,0,0,0,0,0
2023-11-25,PROD_010,Domyos BM900,Fitness,Banco Gimnasio,175,True,10,161.0,1610.0,180.2875,0.9706718435831658,0,0,0,0,0,0,1,0,0,0,0,0,0,0,0,0,0,0,0,0,0,0,0,0,1,0,0,0,1,0,0,0,0,0,0,0,0,0,0,0,0,0,0,0
2023-11-25,PROD_011,Reebok Professional Deck,Fitness,Esterilla Fitness,45,False,18,41.4,745.2,43.18,1.0421491431218157,0,0,0,0,0,0,0,0,0,0,0,0,0,0,0,0,0,0,0,1,0,0,0,0,1,0,0,0,0,0,0,0,0,1,0,0,0,0,0,0,0,0,0,0
2023-11-25,PROD_012,Domyos Kit Mancuernas 20kg,Fitness,Pesas Casa,55,False,17,50.6,860.2,54.303333333333335,1.012829169480081,0,0,0,0,0,0,0,1,0,0,0,0,0,0,0,0,0,0,0,0,0,0,0,0,1,0,0,0,0,0,0,0,0,0,0,0,0,0,1,0,0,0,0,0
2023-11-25,PROD_013,Decathlon Bandas Elásticas Set,Fitness,Bandas Elásticas,25,False,15,23.0,345.0,24.42,1.0237510237510237,0,0,0,0,0,1,0,0,0,0,0,0,0,0,0,0,0,0,0,0,0,0,0,0,1,0,0,0,0,1,0,0,0,0,0,0,0,0,0,0,0,0,0,0
2023-11-25,PROD_014,Sveltus Kettlebell 12kg,Fitness,Pesa Rusa,40,False,15,36.8,552.0,40.49,0.9878982464806124,0,0,0,0,0,0,0,0,0,0,0,0,0,0,0,0,0,0,0,0,0,1,0,0,1,0,0,0,0,0,0,0,0,0,0,0,0,1,0,0,0,0,0,0
2023-11-25,PROD_015,Salomon Speedcross 5 GTX,Outdoor,Zapatillas Trail,150,True,17,138.0,2346.0,155.42916666666667,0.9650698335254537,0,0,0,0,0,0,0,0,0,0,0,0,0,0,0,0,0,0,0,0,1,0,0,0,0,1,0,0,0,0,0,0,0,0,0,0,0,0,0,0,0,0,0,1
2023-11-25,PROD_016,Trek Marlin 7,Outdoor,Bicicleta Montaña,830,True,14,763.6,10690.4,813.3416666666667,1.020481347527177,0,0,0,0,0,0,0,0,0,0,0,0,0,0,0,0,0,0,0,0,0,0,0,1,0,1,0,0,0,0,1,0,0,0,0,0,0,0,0,0,0,0,0,0
2023-11-25,PROD_017,The North Face Borealis,Outdoor,Mochila Trekking,95,False,12,87.4,1048.8,91.42333333333333,1.0391220330331425,0,0,0,0,0,0,0,0,0,0,0,0,0,0,0,0,0,0,0,0,0,0,1,0,0,1,0,0,0,0,0,0,0,0,0,0,1,0,0,0,0,0,0,0
2023-11-25,PROD_018,Columbia Silver Ridge,Outdoor,Ropa Montaña,70,False,14,64.4,901.6,66.57000000000001,1.0515247108307044,0,0,0,0,1,0,0,0,0,0,0,0,0,0,0,0,0,0,0,0,0,0,0,0,0,1,0,0,0,0,0,0,0,0,0,0,0,0,0,0,1,0,0,0
2023-11-25,PROD_019,Merrell Moab 2 GTX,Outdoor,Zapatillas Trail,110,False,12,101.2,1214.4,105.66000000000001,1.0410751466969523,0,0,0,0,0,0,0,0,0,0,0,0,1,0,0,0,0,0,0,0,0,0,0,0,0,1,0,0,0,0,0,0,0,0,0,0,0,0,0,0,0,0,0,1
2023-11-25,PROD_020,Quechua MH500,Outdoor,Ropa Montaña,80,False,11,73.6,809.6,78.50999999999999,1.0189784740797352,0,0,0,0,0,0,0,0,0,0,0,0,0,0,0,0,0,1,0,0,0,0,0,0,0,1,0,0,0,0,0,0,0,0,0,0,0,0,0,0,1,0,0,0
2023-11-25,PROD_021,Manduka PRO Yoga Mat,Wellness,Esterilla Yoga,130,True,25,124.8,3120.0,129.98333333333335,1.0001282215668674,0,0,0,0,0,0,0,0,0,0,0,1,0,0,0,0,0,0,0,0,0,0,0,0,0,0,0,1,0,0,0,0,0,0,1,0,0,0,0,0,0,0,0,0
2023-11-25,PROD_022,Gaiam Premium Yoga Block,Wellness,Bloque Yoga,20,False,7,19.2,134.4,19.069999999999997,1.0487676979549032,0,0,0,0,0,0,0,0,1,0,0,0,0,0,0,0,0,0,0,0,0,0,0,0,0,0,0,1,0,0,0,1,0,0,0,0,0,0,0,0,0,0,0,0
2023-11-25,PROD_023,Liforme Yoga Pad,Wellness,Rodillera Yoga,35,False,8,33.6,268.8,33.309999999999995,1.0507355148604025,0,0,0,0,0,0,0,0,0,1,0,0,0,0,0,0,0,0,0,0,0,0,0,0,0,0,0,1,0,0,0,0,0,0,0,0,0,0,0,1,0,0,0,0
2023-11-25,PROD_024,Lotuscrafts Yoga Bolster,Wellness,Cojín Yoga,50,False,8,48.0,384.0,49.693333333333335,1.0061711832573115,0,0,0,0,0,0,0,0,0,0,1,0,0,0,0,0,0,0,0,0,0,0,0,0,0,0,0,1,0,0,0,0,1,0,0,0,0,0,0,0,0,0,0,0
2023-11-26,PROD_001,Nike Air Zoom Pegasus 40,Running,Zapatillas Running,115,True,65,101.2,6578.0,106.59583333333335,1.0788414181292263,0,0,0,0,0,0,0,0,0,0,0,0,0,0,1,0,0,0,0,0,0,0,0,0,0,0,1,0,0,0,0,0,0,0,0,0,0,0,0,0,0,0,1,0
2023-11-26,PROD_002,Adidas Ultraboost 23,Running,Zapatillas Running,135,True,63,118.8,7484.4,125.00833333333333,1.07992800479968,0,1,0,0,0,0,0,0,0,0,0,0,0,0,0,0,0,0,0,0,0,0,0,0,0,0,1,0,0,0,0,0,0,0,0,0,0,0,0,0,0,0,1,0
2023-11-26,PROD_003,Asics Gel Nimbus 25,Running,Zapatillas Running,85,False,13,74.8,972.4,80.47666666666667,1.0562067680072897,0,0,1,0,0,0,0,0,0,0,0,0,0,0,0,0,0,0,0,0,0,0,0,0,0,0,1,0,0,0,0,0,0,0,0,0,0,0,0,0,0,0,1,0
2023-11-26,PROD_004,New Balance Fresh Foam X 1080v12,Running,Zapatillas Running,75,False,16,66.0,1056.0,72.2,1.038781163434903,0,0,0,0,0,0,0,0,0,0,0,0,0,1,0,0,0,0,0,0,0,0,0,0,0,0,1,0,0,0,0,0,0,0,0,0,0,0,0,0,0,0,1,0
2023-11-26,PROD_005,Nike Dri-FIT Miler,Running,Ropa Running,35,False,12,30.8,369.6,33.876666666666665,1.0331595001475942,0,0,0,0,0,0,0,0,0,0,0,0,0,0,0,1,0,0,0,0,0,0,0,0,0,0,1,0,0,0,0,0,0,0,0,0,0,0,0,0,0,1,0,0
2023-11-26,PROD_006,Adidas Own The Run Jacket,Running,Ropa Running,65,False,10,57.2,572.0,61.02,1.06522451655195,1,0,0,0,0,0,0,0,0,0,0,0,0,0,0,0,0,0,0,0,0,0,0,0,0,0,1,0,0,0,0,0,0,0,0,0,0,0,0,0,0,1,0,0
2023-11-26,PROD_007,Puma Velocity Nitro 2,Running,Zapatillas Running,70,False,10,61.6,616.0,68.07666666666667,1.0282524604612446,0,0,0,0,0,0,0,0,0,0,0,0,0,0,0,0,1,0,0,0,0,0,0,0,0,0,1,0,0,0,0,0,0,0,0,0,0,0,0,0,0,0,1,0
2023-11-26,PROD_008,Reebok Floatride Energy 5,Running,Zapatillas Running,65,False,9,57.2,514.8,62.15,1.0458567980691875,0,0,0,0,0,0,0,0,0,0,0,0,0,0,0,0,0,0,1,0,0,0,0,0,0,0,1,0,0,0,0,0,0,0,0,0,0,0,0,0,0,0,1,0
2023-11-26,PROD_009,Bowflex SelectTech 552,Fitness,Mancuernas Ajustables,400,True,10,368.0,3680.0,387.075,1.0333914616030486,0,0,0,1,0,0,0,0,0,0,0,0,0,0,0,0,0,0,0,0,0,0,0,0,1,0,0,0,0,0,0,0,0,0,0,1,0,0,0,0,0,0,0,0
2023-11-26,PROD_010,Domyos BM900,Fitness,Banco Gimnasio,175,True,12,161.0,1932.0,178.77916666666667,0.9788612580697789,0,0,0,0,0,0,1,0,0,0,0,0,0,0,0,0,0,0,0,0,0,0,0,0,1,0,0,0,1,0,0,0,0,0,0,0,0,0,0,0,0,0,0,0
2023-11-26,PROD_011,Reebok Professional Deck,Fitness,Esterilla Fitness,45,False,16,41.4,662.4,44.96333333333333,1.0008154792794128,0,0,0,0,0,0,0,0,0,0,0,0,0,0,0,0,0,0,0,1,0,0,0,0,1,0,0,0,0,0,0,0,0,1,0,0,0,0,0,0,0,0,0,0
2023-11-26,PROD_012,Domyos Kit Mancuernas 20kg,Fitness,Pesas Casa,55,False,21,50.6,1062.6,53.39333333333334,1.0300911474591083,0,0,0,0,0,0,0,1,0,0,0,0,0,0,0,0,0,0,0,0,0,0,0,0,1,0,0,0,0,0,0,0,0,0,0,0,0,0,1,0,0,0,0,0
2023-11-26,PROD_013,Decathlon Bandas Elásticas Set,Fitness,Bandas Elásticas,25,False,16,23.0,368.0,24.286666666666665,1.02937139720011,0,0,0,0,0,1,0,0,0,0,0,0,0,0,0,0,0,0,0,0,0,0,0,0,1,0,0,0,0,1,0,0,0,0,0,0,0,0,0,0,0,0,0,0
2023-11-26,PROD_014,Sveltus Kettlebell 12kg,Fitness,Pesa Rusa,40,False,13,36.8,478.4,38.18333333333334,1.0475774770842425,0,0,0,0,0,0,0,0,0,0,0,0,0,0,0,0,0,0,0,0,0,1,0,0,1,0,0,0,0,0,0,0,0,0,0,0,0,1,0,0,0,0,0,0
2023-11-26,PROD_015,Salomon Speedcross 5 GTX,Outdoor,Zapatillas Trail,150,True,17,138.0,2346.0,150.29999999999998,0.9980039920159681,0,0,0,0,0,0,0,0,0,0,0,0,0,0,0,0,0,0,0,0,1,0,0,0,0,1,0,0,0,0,0,0,0,0,0,0,0,0,0,0,0,0,0,1
2023-11-26,PROD_016,Trek Marlin 7,Outdoor,Bicicleta Montaña,830,True,14,763.6,10690.4,816.9083333333334,1.016025869895643,0,0,0,0,0,0,0,0,0,0,0,0,0,0,0,0,0,0,0,0,0,0,0,1,0,1,0,0,0,0,1,0,0,0,0,0,0,0,0,0,0,0,0,0
2023-11-26,PROD_017,The North Face Borealis,Outdoor,Mochila Trekking,95,False,11,87.4,961.4,89.67666666666666,1.0593614095082333,0,0,0,0,0,0,0,0,0,0,0,0,0,0,0,0,0,0,0,0,0,0,1,0,0,1,0,0,0,0,0,0,0,0,0,0,1,0,0,0,0,0,0,0
2023-11-26,PROD_018,Columbia Silver Ridge,Outdoor,Ropa Montaña,70,False,8,64.4,515.2,70.00666666666666,0.9999047709741931,0,0,0,0,1,0,0,0,0,0,0,0,0,0,0,0,0,0,0,0,0,0,0,0,0,1,0,0,0,0,0,0,0,0,0,0,0,0,0,0,1,0,0,0
2023-11-26,PROD_019,Merrell Moab 2 GTX,Outdoor,Zapatillas Trail,110,False,9,101.2,910.8,109.23666666666668,1.0069878856305878,0,0,0,0,0,0,0,0,0,0,0,0,1,0,0,0,0,0,0,0,0,0,0,0,0,1,0,0,0,0,0,0,0,0,0,0,0,0,0,0,0,0,0,1
2023-11-26,PROD_020,Quechua MH500,Outdoor,Ropa Montaña,80,False,10,73.6,736.0,79.29,1.0089544709294993,0,0,0,0,0,0,0,0,0,0,0,0,0,0,0,0,0,1,0,0,0,0,0,0,0,1,0,0,0,0,0,0,0,0,0,0,0,0,0,0,1,0,0,0
2023-11-26,PROD_021,Manduka PRO Yoga Mat,Wellness,Esterilla Yoga,130,True,23,124.8,2870.4,129.525,1.0036672457054623,0,0,0,0,0,0,0,0,0,0,0,1,0,0,0,0,0,0,0,0,0,0,0,0,0,0,0,1,0,0,0,0,0,0,1,0,0,0,0,0,0,0,0,0
2023-11-26,PROD_022,Gaiam Premium Yoga Block,Wellness,Bloque Yoga,20,False,8,19.2,153.6,19.606666666666666,1.0200612036722203,0,0,0,0,0,0,0,0,1,0,0,0,0,0,0,0,0,0,0,0,0,0,0,0,0,0,0,1,0,0,0,1,0,0,0,0,0,0,0,0,0,0,0,0
2023-11-26,PROD_023,Liforme Yoga Pad,Wellness,Rodillera Yoga,35,False,8,33.6,268.8,33.99666666666667,1.029512697323267,0,0,0,0,0,0,0,0,0,1,0,0,0,0,0,0,0,0,0,0,0,0,0,0,0,0,0,1,0,0,0,0,0,0,0,0,0,0,0,1,0,0,0,0
2023-11-26,PROD_024,Lotuscrafts Yoga Bolster,Wellness,Cojín Yoga,50,False,6,48.0,288.0,49.00333333333333,1.0203387524658187,0,0,0,0,0,0,0,0,0,0,1,0,0,0,0,0,0,0,0,0,0,0,0,0,0,0,0,1,0,0,0,0,1,0,0,0,0,0,0,0,0,0,0,0
2023-11-27,PROD_001,Nike Air Zoom Pegasus 40,Running,Zapatillas Running,115,True,53,97.75,5180.75,100.47916666666667,1.1445158614969935,0,0,0,0,0,0,0,0,0,0,0,0,0,0,1,0,0,0,0,0,0,0,0,0,0,0,1,0,0,0,0,0,0,0,0,0,0,0,0,0,0,0,1,0
2023-11-27,PROD_002,Adidas Ultraboost 23,Running,Zapatillas Running,135,True,49,114.75,5622.75,118.82916666666665,1.1360847154528562,0,1,0,0,0,0,0,0,0,0,0,0,0,0,0,0,0,0,0,0,0,0,0,0,0,0,1,0,0,0,0,0,0,0,0,0,0,0,0,0,0,0,1,0
2023-11-27,PROD_003,Asics Gel Nimbus 25,Running,Zapatillas Running,85,False,11,72.25,794.75,80.66333333333334,1.0537625521715772,0,0,1,0,0,0,0,0,0,0,0,0,0,0,0,0,0,0,0,0,0,0,0,0,0,0,1,0,0,0,0,0,0,0,0,0,0,0,0,0,0,0,1,0
2023-11-27,PROD_004,New Balance Fresh Foam X 1080v12,Running,Zapatillas Running,75,False,9,63.75,573.75,77.45,0.9683666881859264,0,0,0,0,0,0,0,0,0,0,0,0,0,1,0,0,0,0,0,0,0,0,0,0,0,0,1,0,0,0,0,0,0,0,0,0,0,0,0,0,0,0,1,0
2023-11-27,PROD_005,Nike Dri-FIT Miler,Running,Ropa Running,35,False,10,29.75,297.5,33.99666666666666,1.0295126973232671,0,0,0,0,0,0,0,0,0,0,0,0,0,0,0,1,0,0,0,0,0,0,0,0,0,0,1,0,0,0,0,0,0,0,0,0,0,0,0,0,0,1,0,0
2023-11-27,PROD_006,Adidas Own The Run Jacket,Running,Ropa Running,65,False,8,55.25,442.0,64.83333333333333,1.0025706940874037,1,0,0,0,0,0,0,0,0,0,0,0,0,0,0,0,0,0,0,0,0,0,0,0,0,0,1,0,0,0,0,0,0,0,0,0,0,0,0,0,0,1,0,0
2023-11-27,PROD_007,Puma Velocity Nitro 2,Running,Zapatillas Running,70,False,11,59.5,654.5,66.81333333333333,1.0476950708441428,0,0,0,0,0,0,0,0,0,0,0,0,0,0,0,0,1,0,0,0,0,0,0,0,0,0,1,0,0,0,0,0,0,0,0,0,0,0,0,0,0,0,1,0
2023-11-27,PROD_008,Reebok Floatride Energy 5,Running,Zapatillas Running,65,False,10,55.25,552.5,62.78666666666667,1.0352516457846677,0,0,0,0,0,0,0,0,0,0,0,0,0,0,0,0,0,0,1,0,0,0,0,0,0,0,1,0,0,0,0,0,0,0,0,0,0,0,0,0,0,0,1,0
2023-11-27,PROD_009,Bowflex SelectTech 552,Fitness,Mancuernas Ajustables,400,True,6,360.0,2160.0,365.3458333333333,1.0948530501921696,0,0,0,1,0,0,0,0,0,0,0,0,0,0,0,0,0,0,0,0,0,0,0,0,1,0,0,0,0,0,0,0,0,0,0,1,0,0,0,0,0,0,0,0
2023-11-27,PROD_010,Domyos BM900,Fitness,Banco Gimnasio,175,True,8,157.5,1260.0,169.2,1.0342789598108748,0,0,0,0,0,0,1,0,0,0,0,0,0,0,0,0,0,0,0,0,0,0,0,0,1,0,0,0,1,0,0,0,0,0,0,0,0,0,0,0,0,0,0,0
2023-11-27,PROD_011,Reebok Professional Deck,Fitness,Esterilla Fitness,45,False,19,40.5,769.5,44.72666666666667,1.0061111939186167,0,0,0,0,0,0,0,0,0,0,0,0,0,0,0,0,0,0,0,1,0,0,0,0,1,0,0,0,0,0,0,0,0,1,0,0,0,0,0,0,0,0,0,0
2023-11-27,PROD_012,Domyos Kit Mancuernas 20kg,Fitness,Pesas Casa,55,False,15,49.5,742.5,54.70666666666667,1.0053619302949062,0,0,0,0,0,0,0,1,0,0,0,0,0,0,0,0,0,0,0,0,0,0,0,0,1,0,0,0,0,0,0,0,0,0,0,0,0,0,1,0,0,0,0,0
2023-11-27,PROD_013,Decathlon Bandas Elásticas Set,Fitness,Bandas Elásticas,25,False,12,22.5,270.0,24.386666666666667,1.0251503553854566,0,0,0,0,0,1,0,0,0,0,0,0,0,0,0,0,0,0,0,0,0,0,0,0,1,0,0,0,0,1,0,0,0,0,0,0,0,0,0,0,0,0,0,0
2023-11-27,PROD_014,Sveltus Kettlebell 12kg,Fitness,Pesa Rusa,40,False,10,36.0,360.0,39.556666666666665,1.0112075503497093,0,0,0,0,0,0,0,0,0,0,0,0,0,0,0,0,0,0,0,0,0,1,0,0,1,0,0,0,0,0,0,0,0,0,0,0,0,1,0,0,0,0,0,0
2023-11-27,PROD_015,Salomon Speedcross 5 GTX,Outdoor,Zapatillas Trail,150,True,9,135.0,1215.0,142.0,1.056338028169014,0,0,0,0,0,0,0,0,0,0,0,0,0,0,0,0,0,0,0,0,1,0,0,0,0,1,0,0,0,0,0,0,0,0,0,0,0,0,0,0,0,0,0,1
2023-11-27,PROD_016,Trek Marlin 7,Outdoor,Bicicleta Montaña,830,True,12,747.0,8964.0,769.5708333333332,1.0785232028673992,0,0,0,0,0,0,0,0,0,0,0,0,0,0,0,0,0,0,0,0,0,0,0,1,0,1,0,0,0,0,1,0,0,0,0,0,0,0,0,0,0,0,0,0
2023-11-27,PROD_017,The North Face Borealis,Outdoor,Mochila Trekking,95,False,9,85.5,769.5,90.74000000000001,1.0469473220189551,0,0,0,0,0,0,0,0,0,0,0,0,0,0,0,0,0,0,0,0,0,0,1,0,0,1,0,0,0,0,0,0,0,0,0,0,1,0,0,0,0,0,0,0
2023-11-27,PROD_018,Columbia Silver Ridge,Outdoor,Ropa Montaña,70,False,8,63.0,504.0,70.22666666666667,0.9967723561799885,0,0,0,0,1,0,0,0,0,0,0,0,0,0,0,0,0,0,0,0,0,0,0,0,0,1,0,0,0,0,0,0,0,0,0,0,0,0,0,0,1,0,0,0
2023-11-27,PROD_019,Merrell Moab 2 GTX,Outdoor,Zapatillas Trail,110,False,9,99.0,891.0,102.75333333333333,1.07052488159346,0,0,0,0,0,0,0,0,0,0,0,0,1,0,0,0,0,0,0,0,0,0,0,0,0,1,0,0,0,0,0,0,0,0,0,0,0,0,0,0,0,0,0,1
2023-11-27,PROD_020,Quechua MH500,Outdoor,Ropa Montaña,80,False,8,72.0,576.0,78.36,1.0209290454313424,0,0,0,0,0,0,0,0,0,0,0,0,0,0,0,0,0,1,0,0,0,0,0,0,0,1,0,0,0,0,0,0,0,0,0,0,0,0,0,0,1,0,0,0
2023-11-27,PROD_021,Manduka PRO Yoga Mat,Wellness,Esterilla Yoga,130,True,17,123.5,2099.5,123.08749999999999,1.0561592363156291,0,0,0,0,0,0,0,0,0,0,0,1,0,0,0,0,0,0,0,0,0,0,0,0,0,0,0,1,0,0,0,0,0,0,1,0,0,0,0,0,0,0,0,0
2023-11-27,PROD_022,Gaiam Premium Yoga Block,Wellness,Bloque Yoga,20,False,7,19.0,133.0,19.400000000000002,1.0309278350515463,0,0,0,0,0,0,0,0,1,0,0,0,0,0,0,0,0,0,0,0,0,0,0,0,0,0,0,1,0,0,0,1,0,0,0,0,0,0,0,0,0,0,0,0
2023-11-27,PROD_023,Liforme Yoga Pad,Wellness,Rodillera Yoga,35,False,5,33.25,166.25,33.92333333333333,1.0317382332711016,0,0,0,0,0,0,0,0,0,1,0,0,0,0,0,0,0,0,0,0,0,0,0,0,0,0,0,1,0,0,0,0,0,0,0,0,0,0,0,1,0,0,0,0
2023-11-27,PROD_024,Lotuscrafts Yoga Bolster,Wellness,Cojín Yoga,50,False,5,47.5,237.5,50.17666666666667,0.99647910715472,0,0,0,0,0,0,0,0,0,0,1,0,0,0,0,0,0,0,0,0,0,0,0,0,0,0,0,1,0,0,0,0,1,0,0,0,0,0,0,0,0,0,0,0
2023-11-28,PROD_001,Nike Air Zoom Pegasus 40,Running,Zapatillas Running,115,True,41,105.8,4337.8,113.3875,1.0142211443060303,0,0,0,0,0,0,0,0,0,0,0,0,0,0,1,0,0,0,0,0,0,0,0,0,0,0,1,0,0,0,0,0,0,0,0,0,0,0,0,0,0,0,1,0
2023-11-28,PROD_002,Adidas Ultraboost 23,Running,Zapatillas Running,135,True,32,124.2,3974.4,132.43333333333334,1.0193808205386357,0,1,0,0,0,0,0,0,0,0,0,0,0,0,0,0,0,0,0,0,0,0,0,0,0,0,1,0,0,0,0,0,0,0,0,0,0,0,0,0,0,0,1,0
2023-11-28,PROD_003,Asics Gel Nimbus 25,Running,Zapatillas Running,85,False,8,78.2,625.6,80.42,1.0569510072121362,0,0,1,0,0,0,0,0,0,0,0,0,0,0,0,0,0,0,0,0,0,0,0,0,0,0,1,0,0,0,0,0,0,0,0,0,0,0,0,0,0,0,1,0
2023-11-28,PROD_004,New Balance Fresh Foam X 1080v12,Running,Zapatillas Running,75,False,9,69.0,621.0,74.62,1.0050924685071025,0,0,0,0,0,0,0,0,0,0,0,0,0,1,0,0,0,0,0,0,0,0,0,0,0,0,1,0,0,0,0,0,0,0,0,0,0,0,0,0,0,0,1,0
2023-11-28,PROD_005,Nike Dri-FIT Miler,Running,Ropa Running,35,False,6,32.2,193.2,32.93333333333333,1.062753036437247,0,0,0,0,0,0,0,0,0,0,0,0,0,0,0,1,0,0,0,0,0,0,0,0,0,0,1,0,0,0,0,0,0,0,0,0,0,0,0,0,0,1,0,0
2023-11-28,PROD_006,Adidas Own The Run Jacket,Running,Ropa Running,65,False,6,59.8,358.8,62.830000000000005,1.0345376412541778,1,0,0,0,0,0,0,0,0,0,0,0,0,0,0,0,0,0,0,0,0,0,0,0,0,0,1,0,0,0,0,0,0,0,0,0,0,0,0,0,0,1,0,0
2023-11-28,PROD_007,Puma Velocity Nitro 2,Running,Zapatillas Running,70,False,5,64.4,322.0,65.65666666666667,1.0661522059196833,0,0,0,0,0,0,0,0,0,0,0,0,0,0,0,0,1,0,0,0,0,0,0,0,0,0,1,0,0,0,0,0,0,0,0,0,0,0,0,0,0,0,1,0
2023-11-28,PROD_008,Reebok Floatride Energy 5,Running,Zapatillas Running,65,False,5,59.8,299.0,65.29,0.9955582784499922,0,0,0,0,0,0,0,0,0,0,0,0,0,0,0,0,0,0,1,0,0,0,0,0,0,0,1,0,0,0,0,0,0,0,0,0,0,0,0,0,0,0,1,0
2023-11-28,PROD_009,Bowflex SelectTech 552,Fitness,Mancuernas Ajustables,400,True,4,380.0,1520.0,416.08750000000003,0.9613362573977828,0,0,0,1,0,0,0,0,0,0,0,0,0,0,0,0,0,0,0,0,0,0,0,0,1,0,0,0,0,0,0,0,0,0,0,1,0,0,0,0,0,0,0,0
2023-11-28,PROD_010,Domyos BM900,Fitness,Banco Gimnasio,175,True,6,166.25,997.5,190.88749999999996,0.9167703490275688,0,0,0,0,0,0,1,0,0,0,0,0,0,0,0,0,0,0,0,0,0,0,0,0,1,0,0,0,1,0,0,0,0,0,0,0,0,0,0,0,0,0,0,0
2023-11-28,PROD_011,Reebok Professional Deck,Fitness,Esterilla Fitness,45,False,9,42.75,384.75,43.839999999999996,1.0264598540145986,0,0,0,0,0,0,0,0,0,0,0,0,0,0,0,0,0,0,0,1,0,0,0,0,1,0,0,0,0,0,0,0,0,1,0,0,0,0,0,0,0,0,0,0
2023-11-28,PROD_012,Domyos Kit Mancuernas 20kg,Fitness,Pesas Casa,55,False,10,52.25,522.5,55.28666666666666,0.9948149041360184,0,0,0,0,0,0,0,1,0,0,0,0,0,0,0,0,0,0,0,0,0,0,0,0,1,0,0,0,0,0,0,0,0,0,0,0,0,0,1,0,0,0,0,0
2023-11-28,PROD_013,Decathlon Bandas Elásticas Set,Fitness,Bandas Elásticas,25,False,8,23.75,190.0,23.38,1.0692899914456802,0,0,0,0,0,1,0,0,0,0,0,0,0,0,0,0,0,0,0,0,0,0,0,0,1,0,0,0,0,1,0,0,0,0,0,0,0,0,0,0,0,0,0,0
2023-11-28,PROD_014,Sveltus Kettlebell 12kg,Fitness,Pesa Rusa,40,False,9,38.0,342.0,38.763333333333335,1.031903001117895,0,0,0,0,0,0,0,0,0,0,0,0,0,0,0,0,0,0,0,0,0,1,0,0,1,0,0,0,0,0,0,0,0,0,0,0,0,1,0,0,0,0,0,0
2023-11-28,PROD_015,Salomon Speedcross 5 GTX,Outdoor,Zapatillas Trail,150,True,10,142.5,1425.0,157.82083333333333,0.9504448609974391,0,0,0,0,0,0,0,0,0,0,0,0,0,0,0,0,0,0,0,0,1,0,0,0,0,1,0,0,0,0,0,0,0,0,0,0,0,0,0,0,0,0,0,1
2023-11-28,PROD_016,Trek Marlin 7,Outdoor,Bicicleta Montaña,830,True,8,788.5,6308.0,865.4,0.9590940605500347,0,0,0,0,0,0,0,0,0,0,0,0,0,0,0,0,0,0,0,0,0,0,0,1,0,1,0,0,0,0,1,0,0,0,0,0,0,0,0,0,0,0,0,0
2023-11-28,PROD_017,The North Face Borealis,Outdoor,Mochila Trekking,95,False,5,90.25,451.25,91.48666666666666,1.0384026816293814,0,0,0,0,0,0,0,0,0,0,0,0,0,0,0,0,0,0,0,0,0,0,1,0,0,1,0,0,0,0,0,0,0,0,0,0,1,0,0,0,0,0,0,0
2023-11-28,PROD_018,Columbia Silver Ridge,Outdoor,Ropa Montaña,70,False,4,66.5,266.0,68.64999999999999,1.0196649672250548,0,0,0,0,1,0,0,0,0,0,0,0,0,0,0,0,0,0,0,0,0,0,0,0,0,1,0,0,0,0,0,0,0,0,0,0,0,0,0,0,1,0,0,0
2023-11-28,PROD_019,Merrell Moab 2 GTX,Outdoor,Zapatillas Trail,110,False,6,104.5,627.0,108.43333333333332,1.0144482016600063,0,0,0,0,0,0,0,0,0,0,0,0,1,0,0,0,0,0,0,0,0,0,0,0,0,1,0,0,0,0,0,0,0,0,0,0,0,0,0,0,0,0,0,1
2023-11-28,PROD_020,Quechua MH500,Outdoor,Ropa Montaña,80,False,4,76.0,304.0,80.01333333333334,0.9998333611064822,0,0,0,0,0,0,0,0,0,0,0,0,0,0,0,0,0,1,0,0,0,0,0,0,0,1,0,0,0,0,0,0,0,0,0,0,0,0,0,0,1,0,0,0
2023-11-28,PROD_021,Manduka PRO Yoga Mat,Wellness,Esterilla Yoga,130,True,12,126.1,1513.2,140.17916666666667,0.9273845970930059,0,0,0,0,0,0,0,0,0,0,0,1,0,0,0,0,0,0,0,0,0,0,0,0,0,0,0,1,0,0,0,0,0,0,1,0,0,0,0,0,0,0,0,0
2023-11-28,PROD_022,Gaiam Premium Yoga Block,Wellness,Bloque Yoga,20,False,4,19.4,77.6,19.896666666666665,1.0051934997487018,0,0,0,0,0,0,0,0,1,0,0,0,0,0,0,0,0,0,0,0,0,0,0,0,0,0,0,1,0,0,0,1,0,0,0,0,0,0,0,0,0,0,0,0
2023-11-28,PROD_023,Liforme Yoga Pad,Wellness,Rodillera Yoga,35,False,3,33.95,101.85,33.576666666666675,1.0423905489923555,0,0,0,0,0,0,0,0,0,1,0,0,0,0,0,0,0,0,0,0,0,0,0,0,0,0,0,1,0,0,0,0,0,0,0,0,0,0,0,1,0,0,0,0
2023-11-28,PROD_024,Lotuscrafts Yoga Bolster,Wellness,Cojín Yoga,50,False,4,48.5,194.0,48.173333333333325,1.0379186271796292,0,0,0,0,0,0,0,0,0,0,1,0,0,0,0,0,0,0,0,0,0,0,0,0,0,0,0,1,0,0,0,0,1,0,0,0,0,0,0,0,0,0,0,0
2023-11-29,PROD_001,Nike Air Zoom Pegasus 40,Running,Zapatillas Running,115,True,36,105.8,3808.8,113.44166666666666,1.0137368691691766,0,0,0,0,0,0,0,0,0,0,0,0,0,0,1,0,0,0,0,0,0,0,0,0,0,0,1,0,0,0,0,0,0,0,0,0,0,0,0,0,0,0,1,0
2023-11-29,PROD_002,Adidas Ultraboost 23,Running,Zapatillas Running,135,True,52,124.2,6458.4,134.25,1.005586592178771,0,1,0,0,0,0,0,0,0,0,0,0,0,0,0,0,0,0,0,0,0,0,0,0,0,0,1,0,0,0,0,0,0,0,0,0,0,0,0,0,0,0,1,0
2023-11-29,PROD_003,Asics Gel Nimbus 25,Running,Zapatillas Running,85,False,7,78.2,547.4,81.50666666666666,1.0428594797971538,0,0,1,0,0,0,0,0,0,0,0,0,0,0,0,0,0,0,0,0,0,0,0,0,0,0,1,0,0,0,0,0,0,0,0,0,0,0,0,0,0,0,1,0
2023-11-29,PROD_004,New Balance Fresh Foam X 1080v12,Running,Zapatillas Running,75,False,9,69.0,621.0,72.31333333333333,1.0371531298976675,0,0,0,0,0,0,0,0,0,0,0,0,0,1,0,0,0,0,0,0,0,0,0,0,0,0,1,0,0,0,0,0,0,0,0,0,0,0,0,0,0,0,1,0
2023-11-29,PROD_005,Nike Dri-FIT Miler,Running,Ropa Running,35,False,7,32.2,225.4,33.43333333333333,1.0468594217347957,0,0,0,0,0,0,0,0,0,0,0,0,0,0,0,1,0,0,0,0,0,0,0,0,0,0,1,0,0,0,0,0,0,0,0,0,0,0,0,0,0,1,0,0
2023-11-29,PROD_006,Adidas Own The Run Jacket,Running,Ropa Running,65,False,6,59.8,358.8,64.99,1.0001538698261272,1,0,0,0,0,0,0,0,0,0,0,0,0,0,0,0,0,0,0,0,0,0,0,0,0,0,1,0,0,0,0,0,0,0,0,0,0,0,0,0,0,1,0,0
2023-11-29,PROD_007,Puma Velocity Nitro 2,Running,Zapatillas Running,70,False,7,64.4,450.8,69.03,1.0140518615094887,0,0,0,0,0,0,0,0,0,0,0,0,0,0,0,0,1,0,0,0,0,0,0,0,0,0,1,0,0,0,0,0,0,0,0,0,0,0,0,0,0,0,1,0
2023-11-29,PROD_008,Reebok Floatride Energy 5,Running,Zapatillas Running,65,False,6,59.8,358.8,62.916666666666664,1.033112582781457,0,0,0,0,0,0,0,0,0,0,0,0,0,0,0,0,0,0,1,0,0,0,0,0,0,0,1,0,0,0,0,0,0,0,0,0,0,0,0,0,0,0,1,0
2023-11-29,PROD_009,Bowflex SelectTech 552,Fitness,Mancuernas Ajustables,400,True,5,380.0,1900.0,407.26666666666665,0.9821574725814373,0,0,0,1,0,0,0,0,0,0,0,0,0,0,0,0,0,0,0,0,0,0,0,0,1,0,0,0,0,0,0,0,0,0,0,1,0,0,0,0,0,0,0,0
2023-11-29,PROD_010,Domyos BM900,Fitness,Banco Gimnasio,175,True,7,166.25,1163.75,190.2125,0.9200236577511993,0,0,0,0,0,0,1,0,0,0,0,0,0,0,0,0,0,0,0,0,0,0,0,0,1,0,0,0,1,0,0,0,0,0,0,0,0,0,0,0,0,0,0,0
2023-11-29,PROD_011,Reebok Professional Deck,Fitness,Esterilla Fitness,45,False,8,42.75,342.0,44.626666666666665,1.0083657006274276,0,0,0,0,0,0,0,0,0,0,0,0,0,0,0,0,0,0,0,1,0,0,0,0,1,0,0,0,0,0,0,0,0,1,0,0,0,0,0,0,0,0,0,0
2023-11-29,PROD_012,Domyos Kit Mancuernas 20kg,Fitness,Pesas Casa,55,False,8,52.25,418.0,53.31,1.0317013693490902,0,0,0,0,0,0,0,1,0,0,0,0,0,0,0,0,0,0,0,0,0,0,0,0,1,0,0,0,0,0,0,0,0,0,0,0,0,0,1,0,0,0,0,0
2023-11-29,PROD_013,Decathlon Bandas Elásticas Set,Fitness,Bandas Elásticas,25,False,8,23.75,190.0,23.820000000000004,1.049538203190596,0,0,0,0,0,1,0,0,0,0,0,0,0,0,0,0,0,0,0,0,0,0,0,0,1,0,0,0,0,1,0,0,0,0,0,0,0,0,0,0,0,0,0,0
2023-11-29,PROD_014,Sveltus Kettlebell 12kg,Fitness,Pesa Rusa,40,False,10,38.0,380.0,39.45666666666667,1.0137703810087015,0,0,0,0,0,0,0,0,0,0,0,0,0,0,0,0,0,0,0,0,0,1,0,0,1,0,0,0,0,0,0,0,0,0,0,0,0,1,0,0,0,0,0,0
2023-11-29,PROD_015,Salomon Speedcross 5 GTX,Outdoor,Zapatillas Trail,150,True,12,142.5,1710.0,162.23333333333332,0.9245942058763099,0,0,0,0,0,0,0,0,0,0,0,0,0,0,0,0,0,0,0,0,1,0,0,0,0,1,0,0,0,0,0,0,0,0,0,0,0,0,0,0,0,0,0,1
2023-11-29,PROD_016,Trek Marlin 7,Outdoor,Bicicleta Montaña,830,True,8,788.5,6308.0,884.6166666666668,0.9382595097688263,0,0,0,0,0,0,0,0,0,0,0,0,0,0,0,0,0,0,0,0,0,0,0,1,0,1,0,0,0,0,1,0,0,0,0,0,0,0,0,0,0,0,0,0
2023-11-29,PROD_017,The North Face Borealis,Outdoor,Mochila Trekking,95,False,4,90.25,361.0,92.29333333333334,1.0293267841664258,0,0,0,0,0,0,0,0,0,0,0,0,0,0,0,0,0,0,0,0,0,0,1,0,0,1,0,0,0,0,0,0,0,0,0,0,1,0,0,0,0,0,0,0
2023-11-29,PROD_018,Columbia Silver Ridge,Outdoor,Ropa Montaña,70,False,5,66.5,332.5,68.98333333333333,1.0147378593863252,0,0,0,0,1,0,0,0,0,0,0,0,0,0,0,0,0,0,0,0,0,0,0,0,0,1,0,0,0,0,0,0,0,0,0,0,0,0,0,0,1,0,0,0
2023-11-29,PROD_019,Merrell Moab 2 GTX,Outdoor,Zapatillas Trail,110,False,5,104.5,522.5,105.55333333333334,1.0421272026779511,0,0,0,0,0,0,0,0,0,0,0,0,1,0,0,0,0,0,0,0,0,0,0,0,0,1,0,0,0,0,0,0,0,0,0,0,0,0,0,0,0,0,0,1
2023-11-29,PROD_020,Quechua MH500,Outdoor,Ropa Montaña,80,False,4,76.0,304.0,79.02666666666666,1.0123165176311795,0,0,0,0,0,0,0,0,0,0,0,0,0,0,0,0,0,1,0,0,0,0,0,0,0,1,0,0,0,0,0,0,0,0,0,0,0,0,0,0,1,0,0,0
2023-11-29,PROD_021,Manduka PRO Yoga Mat,Wellness,Esterilla Yoga,130,True,12,126.1,1513.2,139.65833333333333,0.93084312906498,0,0,0,0,0,0,0,0,0,0,0,1,0,0,0,0,0,0,0,0,0,0,0,0,0,0,0,1,0,0,0,0,0,0,1,0,0,0,0,0,0,0,0,0
2023-11-29,PROD_022,Gaiam Premium Yoga Block,Wellness,Bloque Yoga,20,False,3,19.4,58.2,19.44,1.02880658436214,0,0,0,0,0,0,0,0,1,0,0,0,0,0,0,0,0,0,0,0,0,0,0,0,0,0,0,1,0,0,0,1,0,0,0,0,0,0,0,0,0,0,0,0
2023-11-29,PROD_023,Liforme Yoga Pad,Wellness,Rodillera Yoga,35,False,4,33.95,135.8,33.516666666666666,1.04425658876181,0,0,0,0,0,0,0,0,0,1,0,0,0,0,0,0,0,0,0,0,0,0,0,0,0,0,0,1,0,0,0,0,0,0,0,0,0,0,0,1,0,0,0,0
2023-11-29,PROD_024,Lotuscrafts Yoga Bolster,Wellness,Cojín Yoga,50,False,3,48.5,145.5,48.43666666666667,1.0322758241001995,0,0,0,0,0,0,0,0,0,0,1,0,0,0,0,0,0,0,0,0,0,0,0,0,0,0,0,1,0,0,0,0,1,0,0,0,0,0,0,0,0,0,0,0
2023-11-30,PROD_001,Nike Air Zoom Pegasus 40,Running,Zapatillas Running,115,True,13,114.68,1490.84,103.02,1.1162880993981752,0,0,0,0,0,0,0,0,0,0,0,0,0,0,1,0,0,0,0,0,0,0,0,0,0,0,1,0,0,0,0,0,0,0,0,0,0,0,0,0,0,0,1,0
2023-11-30,PROD_002,Adidas Ultraboost 23,Running,Zapatillas Running,135,True,12,132.49,1589.88,121.27,1.1132184381957615,0,1,0,0,0,0,0,0,0,0,0,0,0,0,0,0,0,0,0,0,0,0,0,0,0,0,1,0,0,0,0,0,0,0,0,0,0,0,0,0,0,0,1,0
2023-11-30,PROD_003,Asics Gel Nimbus 25,Running,Zapatillas Running,85,False,2,83.86,167.72,84.48,1.006155303030303,0,0,1,0,0,0,0,0,0,0,0,0,0,0,0,0,0,0,0,0,0,0,0,0,0,0,1,0,0,0,0,0,0,0,0,0,0,0,0,0,0,0,1,0
2023-11-30,PROD_004,New Balance Fresh Foam X 1080v12,Running,Zapatillas Running,75,False,2,76.11,152.22,71.39666666666666,1.0504692095802792,0,0,0,0,0,0,0,0,0,0,0,0,0,1,0,0,0,0,0,0,0,0,0,0,0,0,1,0,0,0,0,0,0,0,0,0,0,0,0,0,0,0,1,0
2023-11-30,PROD_005,Nike Dri-FIT Miler,Running,Ropa Running,35,False,2,34.98,69.96,33.18333333333333,1.054746358613762,0,0,0,0,0,0,0,0,0,0,0,0,0,0,0,1,0,0,0,0,0,0,0,0,0,0,1,0,0,0,0,0,0,0,0,0,0,0,0,0,0,1,0,0
2023-11-30,PROD_006,Adidas Own The Run Jacket,Running,Ropa Running,65,False,2,65.92,131.84,63.02,1.0314185972707077,1,0,0,0,0,0,0,0,0,0,0,0,0,0,0,0,0,0,0,0,0,0,0,0,0,0,1,0,0,0,0,0,0,0,0,0,0,0,0,0,0,1,0,0
2023-11-30,PROD_007,Puma Velocity Nitro 2,Running,Zapatillas Running,70,False,2,71.18,142.36,66.49333333333333,1.0527371165029078,0,0,0,0,0,0,0,0,0,0,0,0,0,0,0,0,1,0,0,0,0,0,0,0,0,0,1,0,0,0,0,0,0,0,0,0,0,0,0,0,0,0,1,0
2023-11-30,PROD_008,Reebok Floatride Energy 5,Running,Zapatillas Running,65,False,2,66.69,133.38,61.47666666666667,1.057311717182671,0,0,0,0,0,0,0,0,0,0,0,0,0,0,0,0,0,0,1,0,0,0,0,0,0,0,1,0,0,0,0,0,0,0,0,0,0,0,0,0,0,0,1,0
2023-11-30,PROD_009,Bowflex SelectTech 552,Fitness,Mancuernas Ajustables,400,True,2,408.27,816.54,376.44,1.0625863351397302,0,0,0,1,0,0,0,0,0,0,0,0,0,0,0,0,0,0,0,0,0,0,0,0,1,0,0,0,0,0,0,0,0,0,0,1,0,0,0,0,0,0,0,0
2023-11-30,PROD_010,Domyos BM900,Fitness,Banco Gimnasio,175,True,2,172.72,345.44,170.05999999999997,1.0290485710925557,0,0,0,0,0,0,1,0,0,0,0,0,0,0,0,0,0,0,0,0,0,0,0,0,1,0,0,0,1,0,0,0,0,0,0,0,0,0,0,0,0,0,0,0
2023-11-30,PROD_011,Reebok Professional Deck,Fitness,Esterilla Fitness,45,False,2,43.89,87.78,44.76666666666667,1.0052122114668651,0,0,0,0,0,0,0,0,0,0,0,0,0,0,0,0,0,0,0,1,0,0,0,0,1,0,0,0,0,0,0,0,0,1,0,0,0,0,0,0,0,0,0,0
2023-11-30,PROD_012,Domyos Kit Mancuernas 20kg,Fitness,Pesas Casa,55,False,3,56.23,168.69,53.623333333333335,1.0256729035867471,0,0,0,0,0,0,0,1,0,0,0,0,0,0,0,0,0,0,0,0,0,0,0,0,1,0,0,0,0,0,0,0,0,0,0,0,0,0,1,0,0,0,0,0
2023-11-30,PROD_013,Decathlon Bandas Elásticas Set,Fitness,Bandas Elásticas,25,False,3,25.15,75.45,24.476666666666663,1.0213809069862456,0,0,0,0,0,1,0,0,0,0,0,0,0,0,0,0,0,0,0,0,0,0,0,0,1,0,0,0,0,1,0,0,0,0,0,0,0,0,0,0,0,0,0,0
2023-11-30,PROD_014,Sveltus Kettlebell 12kg,Fitness,Pesa Rusa,40,False,3,40.0,120.0,38.376666666666665,1.0423000086858334,0,0,0,0,0,0,0,0,0,0,0,0,0,0,0,0,0,0,0,0,0,1,0,0,1,0,0,0,0,0,0,0,0,0,0,0,0,1,0,0,0,0,0,0
2023-11-30,PROD_015,Salomon Speedcross 5 GTX,Outdoor,Zapatillas Trail,150,True,4,148.12,592.48,146.20666666666668,1.0259450093474989,0,0,0,0,0,0,0,0,0,0,0,0,0,0,0,0,0,0,0,0,1,0,0,0,0,1,0,0,0,0,0,0,0,0,0,0,0,0,0,0,0,0,0,1
2023-11-30,PROD_016,Trek Marlin 7,Outdoor,Bicicleta Montaña,830,True,2,852.26,1704.52,790.4733333333334,1.0500037951944405,0,0,0,0,0,0,0,0,0,0,0,0,0,0,0,0,0,0,0,0,0,0,0,1,0,1,0,0,0,0,1,0,0,0,0,0,0,0,0,0,0,0,0,0
2023-11-30,PROD_017,The North Face Borealis,Outdoor,Mochila Trekking,95,False,2,95.57,191.14,93.14,1.0199699377281513,0,0,0,0,0,0,0,0,0,0,0,0,0,0,0,0,0,0,0,0,0,0,1,0,0,1,0,0,0,0,0,0,0,0,0,0,1,0,0,0,0,0,0,0
2023-11-30,PROD_018,Columbia Silver Ridge,Outdoor,Ropa Montaña,70,False,2,69.22,138.44,66.04666666666667,1.059856667003129,0,0,0,0,1,0,0,0,0,0,0,0,0,0,0,0,0,0,0,0,0,0,0,0,0,1,0,0,0,0,0,0,0,0,0,0,0,0,0,0,1,0,0,0
2023-11-30,PROD_019,Merrell Moab 2 GTX,Outdoor,Zapatillas Trail,110,False,2,111.98,223.96,107.95666666666666,1.0189273473924723,0,0,0,0,0,0,0,0,0,0,0,0,1,0,0,0,0,0,0,0,0,0,0,0,0,1,0,0,0,0,0,0,0,0,0,0,0,0,0,0,0,0,0,1
2023-11-30,PROD_020,Quechua MH500,Outdoor,Ropa Montaña,80,False,1,81.25,81.25,76.96666666666667,1.0394110004330879,0,0,0,0,0,0,0,0,0,0,0,0,0,0,0,0,0,1,0,0,0,0,0,0,0,1,0,0,0,0,0,0,0,0,0,0,0,0,0,0,1,0,0,0
2023-11-30,PROD_021,Manduka PRO Yoga Mat,Wellness,Esterilla Yoga,130,True,4,133.17,532.68,126.45,1.0280743376828785,0,0,0,0,0,0,0,0,0,0,0,1,0,0,0,0,0,0,0,0,0,0,0,0,0,0,0,1,0,0,0,0,0,0,1,0,0,0,0,0,0,0,0,0
2023-11-30,PROD_022,Gaiam Premium Yoga Block,Wellness,Bloque Yoga,20,False,1,20.39,20.39,19.83,1.0085728693898135,0,0,0,0,0,0,0,0,1,0,0,0,0,0,0,0,0,0,0,0,0,0,0,0,0,0,0,1,0,0,0,1,0,0,0,0,0,0,0,0,0,0,0,0
2023-11-30,PROD_023,Liforme Yoga Pad,Wellness,Rodillera Yoga,35,False,1,34.05,34.05,33.48666666666667,1.04519211626518,0,0,0,0,0,0,0,0,0,1,0,0,0,0,0,0,0,0,0,0,0,0,0,0,0,0,0,1,0,0,0,0,0,0,0,0,0,0,0,1,0,0,0,0
2023-11-30,PROD_024,Lotuscrafts Yoga Bolster,Wellness,Cojín Yoga,50,False,1,51.43,51.43,49.49333333333333,1.0102370689655173,0,0,0,0,0,0,0,0,0,0,1,0,0,0,0,0,0,0,0,0,0,0,0,0,0,0,0,1,0,0,0,0,1,0,0,0,0,0,0,0,0,0,0,0
2024-10-25,PROD_001,Nike Air Zoom Pegasus 40,Running,Zapatillas Running,115,True,16,117.31,1876.96,105.71666666666665,1.087813337537443,0,0,0,0,0,0,0,0,0,0,0,0,0,0,1,0,0,0,0,0,0,0,0,0,0,0,1,0,0,0,0,0,0,0,0,0,0,0,0,0,0,0,1,0
2024-10-25,PROD_002,Adidas Ultraboost 23,Running,Zapatillas Running,135,True,15,133.41,2001.15,125.45666666666666,1.0760687621223797,0,1,0,0,0,0,0,0,0,0,0,0,0,0,0,0,0,0,0,0,0,0,0,0,0,0,1,0,0,0,0,0,0,0,0,0,0,0,0,0,0,0,1,0
2024-10-25,PROD_003,Asics Gel Nimbus 25,Running,Zapatillas Running,85,False,3,85.11,255.33,83.01666666666667,1.023890784982935,0,0,1,0,0,0,0,0,0,0,0,0,0,0,0,0,0,0,0,0,0,0,0,0,0,0,1,0,0,0,0,0,0,0,0,0,0,0,0,0,0,0,1,0
2024-10-25,PROD_004,New Balance Fresh Foam X 1080v12,Running,Zapatillas Running,75,False,3,74.11,222.33,73.27,1.0236113006687595,0,0,0,0,0,0,0,0,0,0,0,0,0,1,0,0,0,0,0,0,0,0,0,0,0,0,1,0,0,0,0,0,0,0,0,0,0,0,0,0,0,0,1,0
2024-10-25,PROD_005,Nike Dri-FIT Miler,Running,Ropa Running,35,False,3,34.55,103.65,33.48333333333333,1.045296167247387,0,0,0,0,0,0,0,0,0,0,0,0,0,0,0,1,0,0,0,0,0,0,0,0,0,0,1,0,0,0,0,0,0,0,0,0,0,0,0,0,0,1,0,0
2024-10-25,PROD_006,Adidas Own The Run Jacket,Running,Ropa Running,65,False,3,63.85,191.55,61.71333333333333,1.0532569947067085,1,0,0,0,0,0,0,0,0,0,0,0,0,0,0,0,0,0,0,0,0,0,0,0,0,0,1,0,0,0,0,0,0,0,0,0,0,0,0,0,0,1,0,0
2024-10-25,PROD_007,Puma Velocity Nitro 2,Running,Zapatillas Running,70,False,2,70.8,141.6,68.22333333333334,1.0260419211413494,0,0,0,0,0,0,0,0,0,0,0,0,0,0,0,0,1,0,0,0,0,0,0,0,0,0,1,0,0,0,0,0,0,0,0,0,0,0,0,0,0,0,1,0
2024-10-25,PROD_008,Reebok Floatride Energy 5,Running,Zapatillas Running,65,False,2,65.96,131.92,62.086666666666666,1.0469236551057661,0,0,0,0,0,0,0,0,0,0,0,0,0,0,0,0,0,0,1,0,0,0,0,0,0,0,1,0,0,0,0,0,0,0,0,0,0,0,0,0,0,0,1,0
2024-10-25,PROD_009,Bowflex SelectTech 552,Fitness,Mancuernas Ajustables,400,True,2,396.71,793.42,386.6766666666667,1.0344560054481349,0,0,0,1,0,0,0,0,0,0,0,0,0,0,0,0,0,0,0,0,0,0,0,0,1,0,0,0,0,0,0,0,0,0,0,1,0,0,0,0,0,0,0,0
2024-10-25,PROD_010,Domyos BM900,Fitness,Banco Gimnasio,175,True,2,176.19,352.38,178.31333333333336,0.9814184768385238,0,0,0,0,0,0,1,0,0,0,0,0,0,0,0,0,0,0,0,0,0,0,0,0,1,0,0,0,1,0,0,0,0,0,0,0,0,0,0,0,0,0,0,0
2024-10-25,PROD_011,Reebok Professional Deck,Fitness,Esterilla Fitness,45,False,3,44.21,132.63,42.56666666666666,1.0571652310101802,0,0,0,0,0,0,0,0,0,0,0,0,0,0,0,0,0,0,0,1,0,0,0,0,1,0,0,0,0,0,0,0,0,1,0,0,0,0,0,0,0,0,0,0
2024-10-25,PROD_012,Domyos Kit Mancuernas 20kg,Fitness,Pesas Casa,55,False,3,55.96,167.88,51.04333333333333,1.077515836217593,0,0,0,0,0,0,0,1,0,0,0,0,0,0,0,0,0,0,0,0,0,0,0,0,1,0,0,0,0,0,0,0,0,0,0,0,0,0,1,0,0,0,0,0
2024-10-25,PROD_013,Decathlon Bandas Elásticas Set,Fitness,Bandas Elásticas,25,False,3,24.51,73.53,24.05333333333333,1.0393569844789359,0,0,0,0,0,1,0,0,0,0,0,0,0,0,0,0,0,0,0,0,0,0,0,0,1,0,0,0,0,1,0,0,0,0,0,0,0,0,0,0,0,0,0,0
2024-10-25,PROD_014,Sveltus Kettlebell 12kg,Fitness,Pesa Rusa,40,False,3,39.5,118.5,39.01666666666667,1.0252029047415632,0,0,0,0,0,0,0,0,0,0,0,0,0,0,0,0,0,0,0,0,0,1,0,0,1,0,0,0,0,0,0,0,0,0,0,0,0,1,0,0,0,0,0,0
2024-10-25,PROD_015,Salomon Speedcross 5 GTX,Outdoor,Zapatillas Trail,150,True,4,154.34,617.36,149.98,1.0001333511134818,0,0,0,0,0,0,0,0,0,0,0,0,0,0,0,0,0,0,0,0,1,0,0,0,0,1,0,0,0,0,0,0,0,0,0,0,0,0,0,0,0,0,0,1
2024-10-25,PROD_016,Trek Marlin 7,Outdoor,Bicicleta Montaña,830,True,3,854.22,2562.66,816.2433333333333,1.016853634332899,0,0,0,0,0,0,0,0,0,0,0,0,0,0,0,0,0,0,0,0,0,0,0,1,0,1,0,0,0,0,1,0,0,0,0,0,0,0,0,0,0,0,0,0
2024-10-25,PROD_017,The North Face Borealis,Outdoor,Mochila Trekking,95,False,2,92.32,184.64,90.21999999999998,1.052981600532033,0,0,0,0,0,0,0,0,0,0,0,0,0,0,0,0,0,0,0,0,0,0,1,0,0,1,0,0,0,0,0,0,0,0,0,0,1,0,0,0,0,0,0,0
2024-10-25,PROD_018,Columbia Silver Ridge,Outdoor,Ropa Montaña,70,False,3,71.71,215.13,66.48666666666666,1.0528426752231024,0,0,0,0,1,0,0,0,0,0,0,0,0,0,0,0,0,0,0,0,0,0,0,0,0,1,0,0,0,0,0,0,0,0,0,0,0,0,0,0,1,0,0,0
2024-10-25,PROD_019,Merrell Moab 2 GTX,Outdoor,Zapatillas Trail,110,False,2,112.72,225.44,107.26333333333334,1.0255135336710277,0,0,0,0,0,0,0,0,0,0,0,0,1,0,0,0,0,0,0,0,0,0,0,0,0,1,0,0,0,0,0,0,0,0,0,0,0,0,0,0,0,0,0,1
2024-10-25,PROD_020,Quechua MH500,Outdoor,Ropa Montaña,80,False,2,79.65,159.3,78.21666666666665,1.022799914766674,0,0,0,0,0,0,0,0,0,0,0,0,0,0,0,0,0,1,0,0,0,0,0,0,0,1,0,0,0,0,0,0,0,0,0,0,0,0,0,0,1,0,0,0
2024-10-25,PROD_021,Manduka PRO Yoga Mat,Wellness,Esterilla Yoga,130,True,6,133.63,801.78,128.7266666666667,1.009891760319022,0,0,0,0,0,0,0,0,0,0,0,1,0,0,0,0,0,0,0,0,0,0,0,0,0,0,0,1,0,0,0,0,0,0,1,0,0,0,0,0,0,0,0,0
2024-10-25,PROD_022,Gaiam Premium Yoga Block,Wellness,Bloque Yoga,20,False,2,20.35,40.7,19.666666666666668,1.0169491525423728,0,0,0,0,0,0,0,0,1,0,0,0,0,0,0,0,0,0,0,0,0,0,0,0,0,0,0,1,0,0,0,1,0,0,0,0,0,0,0,0,0,0,0,0
2024-10-25,PROD_023,Liforme Yoga Pad,Wellness,Rodillera Yoga,35,False,1,34.05,34.05,34.703333333333326,1.0085486504658536,0,0,0,0,0,0,0,0,0,1,0,0,0,0,0,0,0,0,0,0,0,0,0,0,0,0,0,1,0,0,0,0,0,0,0,0,0,0,0,1,0,0,0,0
2024-10-25,PROD_024,Lotuscrafts Yoga Bolster,Wellness,Cojín Yoga,50,False,2,49.78,99.56,47.78666666666667,1.0463169642857142,0,0,0,0,0,0,0,0,0,0,1,0,0,0,0,0,0,0,0,0,0,0,0,0,0,0,0,1,0,0,0,0,1,0,0,0,0,0,0,0,0,0,0,0
2024-10-26,PROD_001,Nike Air Zoom Pegasus 40,Running,Zapatillas Running,115,True,20,114.81,2296.2,105.92,1.085725075528701,0,0,0,0,0,0,0,0,0,0,0,0,0,0,1,0,0,0,0,0,0,0,0,0,0,0,1,0,0,0,0,0,0,0,0,0,0,0,0,0,0,0,1,0
2024-10-26,PROD_002,Adidas Ultraboost 23,Running,Zapatillas Running,135,True,16,136.59,2185.44,126.19333333333333,1.0697870991600191,0,1,0,0,0,0,0,0,0,0,0,0,0,0,0,0,0,0,0,0,0,0,0,0,0,0,1,0,0,0,0,0,0,0,0,0,0,0,0,0,0,0,1,0
2024-10-26,PROD_003,Asics Gel Nimbus 25,Running,Zapatillas Running,85,False,4,87.43,349.72,82.92666666666668,1.0250020098078623,0,0,1,0,0,0,0,0,0,0,0,0,0,0,0,0,0,0,0,0,0,0,0,0,0,0,1,0,0,0,0,0,0,0,0,0,0,0,0,0,0,0,1,0
2024-10-26,PROD_004,New Balance Fresh Foam X 1080v12,Running,Zapatillas Running,75,False,4,74.52,298.08,72.44999999999999,1.0351966873706007,0,0,0,0,0,0,0,0,0,0,0,0,0,1,0,0,0,0,0,0,0,0,0,0,0,0,1,0,0,0,0,0,0,0,0,0,0,0,0,0,0,0,1,0
2024-10-26,PROD_005,Nike Dri-FIT Miler,Running,Ropa Running,35,False,3,34.2,102.6,33.77666666666667,1.036218296654495,0,0,0,0,0,0,0,0,0,0,0,0,0,0,0,1,0,0,0,0,0,0,0,0,0,0,1,0,0,0,0,0,0,0,0,0,0,0,0,0,0,1,0,0
2024-10-26,PROD_006,Adidas Own The Run Jacket,Running,Ropa Running,65,False,3,65.66,196.98,62.71333333333333,1.0364622089933029,1,0,0,0,0,0,0,0,0,0,0,0,0,0,0,0,0,0,0,0,0,0,0,0,0,0,1,0,0,0,0,0,0,0,0,0,0,0,0,0,0,1,0,0
2024-10-26,PROD_007,Puma Velocity Nitro 2,Running,Zapatillas Running,70,False,3,70.63,211.89,69.16666666666667,1.0120481927710843,0,0,0,0,0,0,0,0,0,0,0,0,0,0,0,0,1,0,0,0,0,0,0,0,0,0,1,0,0,0,0,0,0,0,0,0,0,0,0,0,0,0,1,0
2024-10-26,PROD_008,Reebok Floatride Energy 5,Running,Zapatillas Running,65,False,3,65.5,196.5,65.06,0.9990777743621272,0,0,0,0,0,0,0,0,0,0,0,0,0,0,0,0,0,0,1,0,0,0,0,0,0,0,1,0,0,0,0,0,0,0,0,0,0,0,0,0,0,0,1,0
2024-10-26,PROD_009,Bowflex SelectTech 552,Fitness,Mancuernas Ajustables,400,True,3,409.31,1227.93,384.3,1.0408534998698933,0,0,0,1,0,0,0,0,0,0,0,0,0,0,0,0,0,0,0,0,0,0,0,0,1,0,0,0,0,0,0,0,0,0,0,1,0,0,0,0,0,0,0,0
2024-10-26,PROD_010,Domyos BM900,Fitness,Banco Gimnasio,175,True,2,179.44,358.88,181.82666666666668,0.9624550854293465,0,0,0,0,0,0,1,0,0,0,0,0,0,0,0,0,0,0,0,0,0,0,0,0,1,0,0,0,1,0,0,0,0,0,0,0,0,0,0,0,0,0,0,0
2024-10-26,PROD_011,Reebok Professional Deck,Fitness,Esterilla Fitness,45,False,4,45.14,180.56,43.919999999999995,1.0245901639344264,0,0,0,0,0,0,0,0,0,0,0,0,0,0,0,0,0,0,0,1,0,0,0,0,1,0,0,0,0,0,0,0,0,1,0,0,0,0,0,0,0,0,0,0
2024-10-26,PROD_012,Domyos Kit Mancuernas 20kg,Fitness,Pesas Casa,55,False,4,56.06,224.24,53.406666666666666,1.0298339782798651,0,0,0,0,0,0,0,1,0,0,0,0,0,0,0,0,0,0,0,0,0,0,0,0,1,0,0,0,0,0,0,0,0,0,0,0,0,0,1,0,0,0,0,0
2024-10-26,PROD_013,Decathlon Bandas Elásticas Set,Fitness,Bandas Elásticas,25,False,4,25.48,101.92,25.74,0.9712509712509713,0,0,0,0,0,1,0,0,0,0,0,0,0,0,0,0,0,0,0,0,0,0,0,0,1,0,0,0,0,1,0,0,0,0,0,0,0,0,0,0,0,0,0,0
2024-10-26,PROD_014,Sveltus Kettlebell 12kg,Fitness,Pesa Rusa,40,False,3,39.97,119.91,38.64333333333333,1.0351073923919607,0,0,0,0,0,0,0,0,0,0,0,0,0,0,0,0,0,0,0,0,0,1,0,0,1,0,0,0,0,0,0,0,0,0,0,0,0,1,0,0,0,0,0,0
2024-10-26,PROD_015,Salomon Speedcross 5 GTX,Outdoor,Zapatillas Trail,150,True,5,153.12,765.6,150.88333333333335,0.9941455870981993,0,0,0,0,0,0,0,0,0,0,0,0,0,0,0,0,0,0,0,0,1,0,0,0,0,1,0,0,0,0,0,0,0,0,0,0,0,0,0,0,0,0,0,1
2024-10-26,PROD_016,Trek Marlin 7,Outdoor,Bicicleta Montaña,830,True,4,835.22,3340.88,814.11,1.0195182469199493,0,0,0,0,0,0,0,0,0,0,0,0,0,0,0,0,0,0,0,0,0,0,0,1,0,1,0,0,0,0,1,0,0,0,0,0,0,0,0,0,0,0,0,0
2024-10-26,PROD_017,The North Face Borealis,Outdoor,Mochila Trekking,95,False,3,95.1,285.3,93.15333333333335,1.019823946181922,0,0,0,0,0,0,0,0,0,0,0,0,0,0,0,0,0,0,0,0,0,0,1,0,0,1,0,0,0,0,0,0,0,0,0,0,1,0,0,0,0,0,0,0
2024-10-26,PROD_018,Columbia Silver Ridge,Outdoor,Ropa Montaña,70,False,2,67.93,135.86,67.46,1.0376519418914913,0,0,0,0,1,0,0,0,0,0,0,0,0,0,0,0,0,0,0,0,0,0,0,0,0,1,0,0,0,0,0,0,0,0,0,0,0,0,0,0,1,0,0,0
2024-10-26,PROD_019,Merrell Moab 2 GTX,Outdoor,Zapatillas Trail,110,False,3,109.46,328.38,103.53333333333335,1.0624597553122987,0,0,0,0,0,0,0,0,0,0,0,0,1,0,0,0,0,0,0,0,0,0,0,0,0,1,0,0,0,0,0,0,0,0,0,0,0,0,0,0,0,0,0,1
2024-10-26,PROD_020,Quechua MH500,Outdoor,Ropa Montaña,80,False,3,77.92,233.76,77.14,1.0370754472387866,0,0,0,0,0,0,0,0,0,0,0,0,0,0,0,0,0,1,0,0,0,0,0,0,0,1,0,0,0,0,0,0,0,0,0,0,0,0,0,0,1,0,0,0
2024-10-26,PROD_021,Manduka PRO Yoga Mat,Wellness,Esterilla Yoga,130,True,8,127.63,1021.04,131.54333333333332,0.9882674910675824,0,0,0,0,0,0,0,0,0,0,0,1,0,0,0,0,0,0,0,0,0,0,0,0,0,0,0,1,0,0,0,0,0,0,1,0,0,0,0,0,0,0,0,0
2024-10-26,PROD_022,Gaiam Premium Yoga Block,Wellness,Bloque Yoga,20,False,2,20.21,40.42,19.42,1.0298661174047372,0,0,0,0,0,0,0,0,1,0,0,0,0,0,0,0,0,0,0,0,0,0,0,0,0,0,0,1,0,0,0,1,0,0,0,0,0,0,0,0,0,0,0,0
2024-10-26,PROD_023,Liforme Yoga Pad,Wellness,Rodillera Yoga,35,False,2,34.61,69.22,33.38,1.0485320551228279,0,0,0,0,0,0,0,0,0,1,0,0,0,0,0,0,0,0,0,0,0,0,0,0,0,0,0,1,0,0,0,0,0,0,0,0,0,0,0,1,0,0,0,0
2024-10-26,PROD_024,Lotuscrafts Yoga Bolster,Wellness,Cojín Yoga,50,False,2,51.08,102.16,49.84666666666667,1.003076100040123,0,0,0,0,0,0,0,0,0,0,1,0,0,0,0,0,0,0,0,0,0,0,0,0,0,0,0,1,0,0,0,0,1,0,0,0,0,0,0,0,0,0,0,0
2024-10-27,PROD_001,Nike Air Zoom Pegasus 40,Running,Zapatillas Running,115,True,13,113.46,1474.98,106.62333333333333,1.0785631662863038,0,0,0,0,0,0,0,0,0,0,0,0,0,0,1,0,0,0,0,0,0,0,0,0,0,0,1,0,0,0,0,0,0,0,0,0,0,0,0,0,0,0,1,0
2024-10-27,PROD_002,Adidas Ultraboost 23,Running,Zapatillas Running,135,True,14,132.79,1859.06,124.75,1.0821643286573146,0,1,0,0,0,0,0,0,0,0,0,0,0,0,0,0,0,0,0,0,0,0,0,0,0,0,1,0,0,0,0,0,0,0,0,0,0,0,0,0,0,0,1,0
2024-10-27,PROD_003,Asics Gel Nimbus 25,Running,Zapatillas Running,85,False,4,86.36,345.44,83.35333333333332,1.019755258737903,0,0,1,0,0,0,0,0,0,0,0,0,0,0,0,0,0,0,0,0,0,0,0,0,0,0,1,0,0,0,0,0,0,0,0,0,0,0,0,0,0,0,1,0
2024-10-27,PROD_004,New Balance Fresh Foam X 1080v12,Running,Zapatillas Running,75,False,2,77.01,154.02,69.67333333333333,1.0764520141613243,0,0,0,0,0,0,0,0,0,0,0,0,0,1,0,0,0,0,0,0,0,0,0,0,0,0,1,0,0,0,0,0,0,0,0,0,0,0,0,0,0,0,1,0
2024-10-27,PROD_005,Nike Dri-FIT Miler,Running,Ropa Running,35,False,2,35.47,70.94,33.56666666666667,1.0427010923535251,0,0,0,0,0,0,0,0,0,0,0,0,0,0,0,1,0,0,0,0,0,0,0,0,0,0,1,0,0,0,0,0,0,0,0,0,0,0,0,0,0,1,0,0
2024-10-27,PROD_006,Adidas Own The Run Jacket,Running,Ropa Running,65,False,2,63.79,127.58,61.833333333333336,1.0512129380053907,1,0,0,0,0,0,0,0,0,0,0,0,0,0,0,0,0,0,0,0,0,0,0,0,0,0,1,0,0,0,0,0,0,0,0,0,0,0,0,0,0,1,0,0
2024-10-27,PROD_007,Puma Velocity Nitro 2,Running,Zapatillas Running,70,False,2,71.08,142.16,67.07333333333334,1.0436338336149487,0,0,0,0,0,0,0,0,0,0,0,0,0,0,0,0,1,0,0,0,0,0,0,0,0,0,1,0,0,0,0,0,0,0,0,0,0,0,0,0,0,0,1,0
2024-10-27,PROD_008,Reebok Floatride Energy 5,Running,Zapatillas Running,65,False,2,65.5,131.0,63.93333333333334,1.0166840458811262,0,0,0,0,0,0,0,0,0,0,0,0,0,0,0,0,0,0,1,0,0,0,0,0,0,0,1,0,0,0,0,0,0,0,0,0,0,0,0,0,0,0,1,0
2024-10-27,PROD_009,Bowflex SelectTech 552,Fitness,Mancuernas Ajustables,400,True,2,408.67,817.34,384.9533333333334,1.0390869888990872,0,0,0,1,0,0,0,0,0,0,0,0,0,0,0,0,0,0,0,0,0,0,0,0,1,0,0,0,0,0,0,0,0,0,0,1,0,0,0,0,0,0,0,0
2024-10-27,PROD_010,Domyos BM900,Fitness,Banco Gimnasio,175,True,2,171.14,342.28,176.74333333333334,0.9901363559210153,0,0,0,0,0,0,1,0,0,0,0,0,0,0,0,0,0,0,0,0,0,0,0,0,1,0,0,0,1,0,0,0,0,0,0,0,0,0,0,0,0,0,0,0
2024-10-27,PROD_011,Reebok Professional Deck,Fitness,Esterilla Fitness,45,False,4,43.96,175.84,44.64666666666667,1.0079139913394057,0,0,0,0,0,0,0,0,0,0,0,0,0,0,0,0,0,0,0,1,0,0,0,0,1,0,0,0,0,0,0,0,0,1,0,0,0,0,0,0,0,0,0,0
2024-10-27,PROD_012,Domyos Kit Mancuernas 20kg,Fitness,Pesas Casa,55,False,4,55.61,222.44,55.46333333333333,0.9916461325800829,0,0,0,0,0,0,0,1,0,0,0,0,0,0,0,0,0,0,0,0,0,0,0,0,1,0,0,0,0,0,0,0,0,0,0,0,0,0,1,0,0,0,0,0
2024-10-27,PROD_013,Decathlon Bandas Elásticas Set,Fitness,Bandas Elásticas,25,False,2,25.45,50.9,24.76,1.0096930533117932,0,0,0,0,0,1,0,0,0,0,0,0,0,0,0,0,0,0,0,0,0,0,0,0,1,0,0,0,0,1,0,0,0,0,0,0,0,0,0,0,0,0,0,0
2024-10-27,PROD_014,Sveltus Kettlebell 12kg,Fitness,Pesa Rusa,40,False,3,41.05,123.15,37.95666666666667,1.0538333186967594,0,0,0,0,0,0,0,0,0,0,0,0,0,0,0,0,0,0,0,0,0,1,0,0,1,0,0,0,0,0,0,0,0,0,0,0,0,1,0,0,0,0,0,0
2024-10-27,PROD_015,Salomon Speedcross 5 GTX,Outdoor,Zapatillas Trail,150,True,3,152.0,456.0,149.88666666666668,1.0007561268513987,0,0,0,0,0,0,0,0,0,0,0,0,0,0,0,0,0,0,0,0,1,0,0,0,0,1,0,0,0,0,0,0,0,0,0,0,0,0,0,0,0,0,0,1
2024-10-27,PROD_016,Trek Marlin 7,Outdoor,Bicicleta Montaña,830,True,3,809.74,2429.22,830.79,0.999049097846628,0,0,0,0,0,0,0,0,0,0,0,0,0,0,0,0,0,0,0,0,0,0,0,1,0,1,0,0,0,0,1,0,0,0,0,0,0,0,0,0,0,0,0,0
2024-10-27,PROD_017,The North Face Borealis,Outdoor,Mochila Trekking,95,False,2,96.83,193.66,93.99666666666666,1.0106741373807584,0,0,0,0,0,0,0,0,0,0,0,0,0,0,0,0,0,0,0,0,0,0,1,0,0,1,0,0,0,0,0,0,0,0,0,0,1,0,0,0,0,0,0,0
2024-10-27,PROD_018,Columbia Silver Ridge,Outdoor,Ropa Montaña,70,False,2,70.58,141.16,68.31333333333333,1.0246901532155752,0,0,0,0,1,0,0,0,0,0,0,0,0,0,0,0,0,0,0,0,0,0,0,0,0,1,0,0,0,0,0,0,0,0,0,0,0,0,0,0,1,0,0,0
2024-10-27,PROD_019,Merrell Moab 2 GTX,Outdoor,Zapatillas Trail,110,False,2,111.61,223.22,111.09666666666668,0.9901287167331753,0,0,0,0,0,0,0,0,0,0,0,0,1,0,0,0,0,0,0,0,0,0,0,0,0,1,0,0,0,0,0,0,0,0,0,0,0,0,0,0,0,0,0,1
2024-10-27,PROD_020,Quechua MH500,Outdoor,Ropa Montaña,80,False,3,78.47,235.41,75.70333333333333,1.056756637752631,0,0,0,0,0,0,0,0,0,0,0,0,0,0,0,0,0,1,0,0,0,0,0,0,0,1,0,0,0,0,0,0,0,0,0,0,0,0,0,0,1,0,0,0
2024-10-27,PROD_021,Manduka PRO Yoga Mat,Wellness,Esterilla Yoga,130,True,7,133.76,936.32,129.46333333333334,1.0041453178506141,0,0,0,0,0,0,0,0,0,0,0,1,0,0,0,0,0,0,0,0,0,0,0,0,0,0,0,1,0,0,0,0,0,0,1,0,0,0,0,0,0,0,0,0
2024-10-27,PROD_022,Gaiam Premium Yoga Block,Wellness,Bloque Yoga,20,False,2,20.24,40.48,19.726666666666667,1.013856032443393,0,0,0,0,0,0,0,0,1,0,0,0,0,0,0,0,0,0,0,0,0,0,0,0,0,0,0,1,0,0,0,1,0,0,0,0,0,0,0,0,0,0,0,0
2024-10-27,PROD_023,Liforme Yoga Pad,Wellness,Rodillera Yoga,35,False,2,34.28,68.56,35.339999999999996,0.9903791737408038,0,0,0,0,0,0,0,0,0,1,0,0,0,0,0,0,0,0,0,0,0,0,0,0,0,0,0,1,0,0,0,0,0,0,0,0,0,0,0,1,0,0,0,0
2024-10-27,PROD_024,Lotuscrafts Yoga Bolster,Wellness,Cojín Yoga,50,False,2,50.61,101.22,47.89000000000001,1.0440593025683857,0,0,0,0,0,0,0,0,0,0,1,0,0,0,0,0,0,0,0,0,0,0,0,0,0,0,0,1,0,0,0,0,1,0,0,0,0,0,0,0,0,0,0,0
2024-10-28,PROD_001,Nike Air Zoom Pegasus 40,Running,Zapatillas Running,115,True,15,116.14,1742.1,107.08333333333333,1.0739299610894941,0,0,0,0,0,0,0,0,0,0,0,0,0,0,1,0,0,0,0,0,0,0,0,0,0,0,1,0,0,0,0,0,0,0,0,0,0,0,0,0,0,0,1,0
2024-10-28,PROD_002,Adidas Ultraboost 23,Running,Zapatillas Running,135,True,9,133.24,1199.16,125.01333333333332,1.0798848122866895,0,1,0,0,0,0,0,0,0,0,0,0,0,0,0,0,0,0,0,0,0,0,0,0,0,0,1,0,0,0,0,0,0,0,0,0,0,0,0,0,0,0,1,0
2024-10-28,PROD_003,Asics Gel Nimbus 25,Running,Zapatillas Running,85,False,2,84.73,169.46,80.75999999999999,1.052501238236751,0,0,1,0,0,0,0,0,0,0,0,0,0,0,0,0,0,0,0,0,0,0,0,0,0,0,1,0,0,0,0,0,0,0,0,0,0,0,0,0,0,0,1,0
2024-10-28,PROD_004,New Balance Fresh Foam X 1080v12,Running,Zapatillas Running,75,False,2,76.29,152.58,74.49,1.0068465565847766,0,0,0,0,0,0,0,0,0,0,0,0,0,1,0,0,0,0,0,0,0,0,0,0,0,0,1,0,0,0,0,0,0,0,0,0,0,0,0,0,0,0,1,0
2024-10-28,PROD_005,Nike Dri-FIT Miler,Running,Ropa Running,35,False,2,34.81,69.62,32.080000000000005,1.091022443890274,0,0,0,0,0,0,0,0,0,0,0,0,0,0,0,1,0,0,0,0,0,0,0,0,0,0,1,0,0,0,0,0,0,0,0,0,0,0,0,0,0,1,0,0
2024-10-28,PROD_006,Adidas Own The Run Jacket,Running,Ropa Running,65,False,2,64.9,129.8,62.61000000000001,1.0381728158441144,1,0,0,0,0,0,0,0,0,0,0,0,0,0,0,0,0,0,0,0,0,0,0,0,0,0,1,0,0,0,0,0,0,0,0,0,0,0,0,0,0,1,0,0
2024-10-28,PROD_007,Puma Velocity Nitro 2,Running,Zapatillas Running,70,False,3,71.1,213.3,66.33,1.0553294135383688,0,0,0,0,0,0,0,0,0,0,0,0,0,0,0,0,1,0,0,0,0,0,0,0,0,0,1,0,0,0,0,0,0,0,0,0,0,0,0,0,0,0,1,0
2024-10-28,PROD_008,Reebok Floatride Energy 5,Running,Zapatillas Running,65,False,2,65.79,131.58,62.07333333333333,1.0471485339920525,0,0,0,0,0,0,0,0,0,0,0,0,0,0,0,0,0,0,1,0,0,0,0,0,0,0,1,0,0,0,0,0,0,0,0,0,0,0,0,0,0,0,1,0
2024-10-28,PROD_009,Bowflex SelectTech 552,Fitness,Mancuernas Ajustables,400,True,2,397.34,794.68,385.51,1.0375865736297372,0,0,0,1,0,0,0,0,0,0,0,0,0,0,0,0,0,0,0,0,0,0,0,0,1,0,0,0,0,0,0,0,0,0,0,1,0,0,0,0,0,0,0,0
2024-10-28,PROD_010,Domyos BM900,Fitness,Banco Gimnasio,175,True,2,175.86,351.72,177.51999999999998,0.9858044164037856,0,0,0,0,0,0,1,0,0,0,0,0,0,0,0,0,0,0,0,0,0,0,0,0,1,0,0,0,1,0,0,0,0,0,0,0,0,0,0,0,0,0,0,0
2024-10-28,PROD_011,Reebok Professional Deck,Fitness,Esterilla Fitness,45,False,3,45.56,136.68,43.99666666666667,1.0228047579362072,0,0,0,0,0,0,0,0,0,0,0,0,0,0,0,0,0,0,0,1,0,0,0,0,1,0,0,0,0,0,0,0,0,1,0,0,0,0,0,0,0,0,0,0
2024-10-28,PROD_012,Domyos Kit Mancuernas 20kg,Fitness,Pesas Casa,55,False,4,54.22,216.88,53.54666666666666,1.0271414342629483,0,0,0,0,0,0,0,1,0,0,0,0,0,0,0,0,0,0,0,0,0,0,0,0,1,0,0,0,0,0,0,0,0,0,0,0,0,0,1,0,0,0,0,0
2024-10-28,PROD_013,Decathlon Bandas Elásticas Set,Fitness,Bandas Elásticas,25,False,3,24.49,73.47,24.16333333333333,1.0346254655814597,0,0,0,0,0,1,0,0,0,0,0,0,0,0,0,0,0,0,0,0,0,0,0,0,1,0,0,0,0,1,0,0,0,0,0,0,0,0,0,0,0,0,0,0
2024-10-28,PROD_014,Sveltus Kettlebell 12kg,Fitness,Pesa Rusa,40,False,3,39.19,117.57,37.82,1.0576414595452142,0,0,0,0,0,0,0,0,0,0,0,0,0,0,0,0,0,0,0,0,0,1,0,0,1,0,0,0,0,0,0,0,0,0,0,0,0,1,0,0,0,0,0,0
2024-10-28,PROD_015,Salomon Speedcross 5 GTX,Outdoor,Zapatillas Trail,150,True,4,151.72,606.88,150.5233333333333,0.9965232411364795,0,0,0,0,0,0,0,0,0,0,0,0,0,0,0,0,0,0,0,0,1,0,0,0,0,1,0,0,0,0,0,0,0,0,0,0,0,0,0,0,0,0,0,1
2024-10-28,PROD_016,Trek Marlin 7,Outdoor,Bicicleta Montaña,830,True,3,847.94,2543.82,822.6166666666667,1.008975423952023,0,0,0,0,0,0,0,0,0,0,0,0,0,0,0,0,0,0,0,0,0,0,0,1,0,1,0,0,0,0,1,0,0,0,0,0,0,0,0,0,0,0,0,0
2024-10-28,PROD_017,The North Face Borealis,Outdoor,Mochila Trekking,95,False,2,93.03,186.06,94.74333333333334,1.002709073637547,0,0,0,0,0,0,0,0,0,0,0,0,0,0,0,0,0,0,0,0,0,0,1,0,0,1,0,0,0,0,0,0,0,0,0,0,1,0,0,0,0,0,0,0
2024-10-28,PROD_018,Columbia Silver Ridge,Outdoor,Ropa Montaña,70,False,2,68.28,136.56,67.03666666666668,1.0442046641141662,0,0,0,0,1,0,0,0,0,0,0,0,0,0,0,0,0,0,0,0,0,0,0,0,0,1,0,0,0,0,0,0,0,0,0,0,0,0,0,0,1,0,0,0
2024-10-28,PROD_019,Merrell Moab 2 GTX,Outdoor,Zapatillas Trail,110,False,2,108.16,216.32,107.50333333333333,1.0232240860748505,0,0,0,0,0,0,0,0,0,0,0,0,1,0,0,0,0,0,0,0,0,0,0,0,0,1,0,0,0,0,0,0,0,0,0,0,0,0,0,0,0,0,0,1
2024-10-28,PROD_020,Quechua MH500,Outdoor,Ropa Montaña,80,False,2,79.27,158.54,78.77333333333333,1.015572105619499,0,0,0,0,0,0,0,0,0,0,0,0,0,0,0,0,0,1,0,0,0,0,0,0,0,1,0,0,0,0,0,0,0,0,0,0,0,0,0,0,1,0,0,0
2024-10-28,PROD_021,Manduka PRO Yoga Mat,Wellness,Esterilla Yoga,130,True,7,126.49,885.43,131.92666666666665,0.9853959270301684,0,0,0,0,0,0,0,0,0,0,0,1,0,0,0,0,0,0,0,0,0,0,0,0,0,0,0,1,0,0,0,0,0,0,1,0,0,0,0,0,0,0,0,0
2024-10-28,PROD_022,Gaiam Premium Yoga Block,Wellness,Bloque Yoga,20,False,2,20.55,41.1,19.8,1.0101010101010102,0,0,0,0,0,0,0,0,1,0,0,0,0,0,0,0,0,0,0,0,0,0,0,0,0,0,0,1,0,0,0,1,0,0,0,0,0,0,0,0,0,0,0,0
2024-10-28,PROD_023,Liforme Yoga Pad,Wellness,Rodillera Yoga,35,False,2,35.82,71.64,33.76333333333333,1.0366275051831377,0,0,0,0,0,0,0,0,0,1,0,0,0,0,0,0,0,0,0,0,0,0,0,0,0,0,0,1,0,0,0,0,0,0,0,0,0,0,0,1,0,0,0,0
2024-10-28,PROD_024,Lotuscrafts Yoga Bolster,Wellness,Cojín Yoga,50,False,1,49.74,49.74,49.276666666666664,1.014679023202327,0,0,0,0,0,0,0,0,0,0,1,0,0,0,0,0,0,0,0,0,0,0,0,0,0,0,0,1,0,0,0,0,1,0,0,0,0,0,0,0,0,0,0,0
2024-10-29,PROD_001,Nike Air Zoom Pegasus 40,Running,Zapatillas Running,115,True,14,112.46,1574.44,105.97666666666667,1.085144528669833,0,0,0,0,0,0,0,0,0,0,0,0,0,0,1,0,0,0,0,0,0,0,0,0,0,0,1,0,0,0,0,0,0,0,0,0,0,0,0,0,0,0,1,0
2024-10-29,PROD_002,Adidas Ultraboost 23,Running,Zapatillas Running,135,True,15,134.4,2016.0,125.0,1.08,0,1,0,0,0,0,0,0,0,0,0,0,0,0,0,0,0,0,0,0,0,0,0,0,0,0,1,0,0,0,0,0,0,0,0,0,0,0,0,0,0,0,1,0
2024-10-29,PROD_003,Asics Gel Nimbus 25,Running,Zapatillas Running,85,False,2,82.8,165.6,81.40666666666668,1.0441405290312011,0,0,1,0,0,0,0,0,0,0,0,0,0,0,0,0,0,0,0,0,0,0,0,0,0,0,1,0,0,0,0,0,0,0,0,0,0,0,0,0,0,0,1,0
2024-10-29,PROD_004,New Balance Fresh Foam X 1080v12,Running,Zapatillas Running,75,False,3,73.89,221.67,72.58666666666666,1.0332476120499634,0,0,0,0,0,0,0,0,0,0,0,0,0,1,0,0,0,0,0,0,0,0,0,0,0,0,1,0,0,0,0,0,0,0,0,0,0,0,0,0,0,0,1,0
2024-10-29,PROD_005,Nike Dri-FIT Miler,Running,Ropa Running,35,False,2,35.79,71.58,34.156666666666666,1.0246901532155752,0,0,0,0,0,0,0,0,0,0,0,0,0,0,0,1,0,0,0,0,0,0,0,0,0,0,1,0,0,0,0,0,0,0,0,0,0,0,0,0,0,1,0,0
2024-10-29,PROD_006,Adidas Own The Run Jacket,Running,Ropa Running,65,False,2,66.15,132.3,62.97,1.0322375734476734,1,0,0,0,0,0,0,0,0,0,0,0,0,0,0,0,0,0,0,0,0,0,0,0,0,0,1,0,0,0,0,0,0,0,0,0,0,0,0,0,0,1,0,0
2024-10-29,PROD_007,Puma Velocity Nitro 2,Running,Zapatillas Running,70,False,2,71.47,142.94,67.71,1.0338207059518536,0,0,0,0,0,0,0,0,0,0,0,0,0,0,0,0,1,0,0,0,0,0,0,0,0,0,1,0,0,0,0,0,0,0,0,0,0,0,0,0,0,0,1,0
2024-10-29,PROD_008,Reebok Floatride Energy 5,Running,Zapatillas Running,65,False,2,63.7,127.4,62.403333333333336,1.0416110250520805,0,0,0,0,0,0,0,0,0,0,0,0,0,0,0,0,0,0,1,0,0,0,0,0,0,0,1,0,0,0,0,0,0,0,0,0,0,0,0,0,0,0,1,0
2024-10-29,PROD_009,Bowflex SelectTech 552,Fitness,Mancuernas Ajustables,400,True,2,391.74,783.48,386.9666666666667,1.033680764923766,0,0,0,1,0,0,0,0,0,0,0,0,0,0,0,0,0,0,0,0,0,0,0,0,1,0,0,0,0,0,0,0,0,0,0,1,0,0,0,0,0,0,0,0
2024-10-29,PROD_010,Domyos BM900,Fitness,Banco Gimnasio,175,True,2,175.99,351.98,177.52666666666664,0.9857673964474822,0,0,0,0,0,0,1,0,0,0,0,0,0,0,0,0,0,0,0,0,0,0,0,0,1,0,0,0,1,0,0,0,0,0,0,0,0,0,0,0,0,0,0,0
2024-10-29,PROD_011,Reebok Professional Deck,Fitness,Esterilla Fitness,45,False,4,45.74,182.96,43.300000000000004,1.0392609699769053,0,0,0,0,0,0,0,0,0,0,0,0,0,0,0,0,0,0,0,1,0,0,0,0,1,0,0,0,0,0,0,0,0,1,0,0,0,0,0,0,0,0,0,0
2024-10-29,PROD_012,Domyos Kit Mancuernas 20kg,Fitness,Pesas Casa,55,False,4,54.23,216.92,52.45666666666667,1.0484844633665882,0,0,0,0,0,0,0,1,0,0,0,0,0,0,0,0,0,0,0,0,0,0,0,0,1,0,0,0,0,0,0,0,0,0,0,0,0,0,1,0,0,0,0,0
2024-10-29,PROD_013,Decathlon Bandas Elásticas Set,Fitness,Bandas Elásticas,25,False,3,24.37,73.11,23.453333333333333,1.0659465605457648,0,0,0,0,0,1,0,0,0,0,0,0,0,0,0,0,0,0,0,0,0,0,0,0,1,0,0,0,0,1,0,0,0,0,0,0,0,0,0,0,0,0,0,0
2024-10-29,PROD_014,Sveltus Kettlebell 12kg,Fitness,Pesa Rusa,40,False,3,40.0,120.0,38.86333333333334,1.029247791405781,0,0,0,0,0,0,0,0,0,0,0,0,0,0,0,0,0,0,0,0,0,1,0,0,1,0,0,0,0,0,0,0,0,0,0,0,0,1,0,0,0,0,0,0
2024-10-29,PROD_015,Salomon Speedcross 5 GTX,Outdoor,Zapatillas Trail,150,True,3,152.89,458.67,151.28,0.9915388683236382,0,0,0,0,0,0,0,0,0,0,0,0,0,0,0,0,0,0,0,0,1,0,0,0,0,1,0,0,0,0,0,0,0,0,0,0,0,0,0,0,0,0,0,1
2024-10-29,PROD_016,Trek Marlin 7,Outdoor,Bicicleta Montaña,830,True,4,828.72,3314.88,815.6933333333333,1.0175392712947677,0,0,0,0,0,0,0,0,0,0,0,0,0,0,0,0,0,0,0,0,0,0,0,1,0,1,0,0,0,0,1,0,0,0,0,0,0,0,0,0,0,0,0,0
2024-10-29,PROD_017,The North Face Borealis,Outdoor,Mochila Trekking,95,False,2,93.38,186.76,91.38666666666666,1.0395389553545376,0,0,0,0,0,0,0,0,0,0,0,0,0,0,0,0,0,0,0,0,0,0,1,0,0,1,0,0,0,0,0,0,0,0,0,0,1,0,0,0,0,0,0,0
2024-10-29,PROD_018,Columbia Silver Ridge,Outdoor,Ropa Montaña,70,False,2,68.68,137.36,70.23666666666666,0.9966304399411514,0,0,0,0,1,0,0,0,0,0,0,0,0,0,0,0,0,0,0,0,0,0,0,0,0,1,0,0,0,0,0,0,0,0,0,0,0,0,0,0,1,0,0,0
2024-10-29,PROD_019,Merrell Moab 2 GTX,Outdoor,Zapatillas Trail,110,False,2,112.53,225.06,109.27,1.0066806991855037,0,0,0,0,0,0,0,0,0,0,0,0,1,0,0,0,0,0,0,0,0,0,0,0,0,1,0,0,0,0,0,0,0,0,0,0,0,0,0,0,0,0,0,1
2024-10-29,PROD_020,Quechua MH500,Outdoor,Ropa Montaña,80,False,2,82.38,164.76,76.15333333333334,1.050512124660772,0,0,0,0,0,0,0,0,0,0,0,0,0,0,0,0,0,1,0,0,0,0,0,0,0,1,0,0,0,0,0,0,0,0,0,0,0,0,0,0,1,0,0,0
2024-10-29,PROD_021,Manduka PRO Yoga Mat,Wellness,Esterilla Yoga,130,True,7,130.59,914.13,127.83999999999999,1.0168961201501878,0,0,0,0,0,0,0,0,0,0,0,1,0,0,0,0,0,0,0,0,0,0,0,0,0,0,0,1,0,0,0,0,0,0,1,0,0,0,0,0,0,0,0,0
2024-10-29,PROD_022,Gaiam Premium Yoga Block,Wellness,Bloque Yoga,20,False,2,20.03,40.06,19.403333333333336,1.0307507301151004,0,0,0,0,0,0,0,0,1,0,0,0,0,0,0,0,0,0,0,0,0,0,0,0,0,0,0,1,0,0,0,1,0,0,0,0,0,0,0,0,0,0,0,0
2024-10-29,PROD_023,Liforme Yoga Pad,Wellness,Rodillera Yoga,35,False,2,34.42,68.84,34.57666666666667,1.0122433240142679,0,0,0,0,0,0,0,0,0,1,0,0,0,0,0,0,0,0,0,0,0,0,0,0,0,0,0,1,0,0,0,0,0,0,0,0,0,0,0,1,0,0,0,0
2024-10-29,PROD_024,Lotuscrafts Yoga Bolster,Wellness,Cojín Yoga,50,False,1,51.12,51.12,48.24666666666667,1.036341025286721,0,0,0,0,0,0,0,0,0,0,1,0,0,0,0,0,0,0,0,0,0,0,0,0,0,0,0,1,0,0,0,0,1,0,0,0,0,0,0,0,0,0,0,0
2024-10-30,PROD_001,Nike Air Zoom Pegasus 40,Running,Zapatillas Running,115,True,14,113.44,1588.16,107.34999999999998,1.0712622263623663,0,0,0,0,0,0,0,0,0,0,0,0,0,0,1,0,0,0,0,0,0,0,0,0,0,0,1,0,0,0,0,0,0,0,0,0,0,0,0,0,0,0,1,0
2024-10-30,PROD_002,Adidas Ultraboost 23,Running,Zapatillas Running,135,True,11,135.78,1493.58,125.05666666666667,1.0795106218514272,0,1,0,0,0,0,0,0,0,0,0,0,0,0,0,0,0,0,0,0,0,0,0,0,0,0,1,0,0,0,0,0,0,0,0,0,0,0,0,0,0,0,1,0
2024-10-30,PROD_003,Asics Gel Nimbus 25,Running,Zapatillas Running,85,False,3,83.87,251.61,79.96,1.0630315157578791,0,0,1,0,0,0,0,0,0,0,0,0,0,0,0,0,0,0,0,0,0,0,0,0,0,0,1,0,0,0,0,0,0,0,0,0,0,0,0,0,0,0,1,0
2024-10-30,PROD_004,New Balance Fresh Foam X 1080v12,Running,Zapatillas Running,75,False,2,75.8,151.6,70.92999999999999,1.057380516001692,0,0,0,0,0,0,0,0,0,0,0,0,0,1,0,0,0,0,0,0,0,0,0,0,0,0,1,0,0,0,0,0,0,0,0,0,0,0,0,0,0,0,1,0
2024-10-30,PROD_005,Nike Dri-FIT Miler,Running,Ropa Running,35,False,2,34.5,69.0,35.120000000000005,0.9965831435079725,0,0,0,0,0,0,0,0,0,0,0,0,0,0,0,1,0,0,0,0,0,0,0,0,0,0,1,0,0,0,0,0,0,0,0,0,0,0,0,0,0,1,0,0
2024-10-30,PROD_006,Adidas Own The Run Jacket,Running,Ropa Running,65,False,2,66.14,132.28,63.86333333333334,1.017798423717313,1,0,0,0,0,0,0,0,0,0,0,0,0,0,0,0,0,0,0,0,0,0,0,0,0,0,1,0,0,0,0,0,0,0,0,0,0,0,0,0,0,1,0,0
2024-10-30,PROD_007,Puma Velocity Nitro 2,Running,Zapatillas Running,70,False,3,71.56,214.68,67.30666666666666,1.040015847860539,0,0,0,0,0,0,0,0,0,0,0,0,0,0,0,0,1,0,0,0,0,0,0,0,0,0,1,0,0,0,0,0,0,0,0,0,0,0,0,0,0,0,1,0
2024-10-30,PROD_008,Reebok Floatride Energy 5,Running,Zapatillas Running,65,False,2,64.08,128.16,63.20333333333334,1.0284267707399397,0,0,0,0,0,0,0,0,0,0,0,0,0,0,0,0,0,0,1,0,0,0,0,0,0,0,1,0,0,0,0,0,0,0,0,0,0,0,0,0,0,0,1,0
2024-10-30,PROD_009,Bowflex SelectTech 552,Fitness,Mancuernas Ajustables,400,True,2,405.79,811.58,386.39333333333326,1.0352145482151178,0,0,0,1,0,0,0,0,0,0,0,0,0,0,0,0,0,0,0,0,0,0,0,0,1,0,0,0,0,0,0,0,0,0,0,1,0,0,0,0,0,0,0,0
2024-10-30,PROD_010,Domyos BM900,Fitness,Banco Gimnasio,175,True,2,179.73,359.46,177.93666666666664,0.9834960004495983,0,0,0,0,0,0,1,0,0,0,0,0,0,0,0,0,0,0,0,0,0,0,0,0,1,0,0,0,1,0,0,0,0,0,0,0,0,0,0,0,0,0,0,0
2024-10-30,PROD_011,Reebok Professional Deck,Fitness,Esterilla Fitness,45,False,3,45.03,135.09,43.833333333333336,1.026615969581749,0,0,0,0,0,0,0,0,0,0,0,0,0,0,0,0,0,0,0,1,0,0,0,0,1,0,0,0,0,0,0,0,0,1,0,0,0,0,0,0,0,0,0,0
2024-10-30,PROD_012,Domyos Kit Mancuernas 20kg,Fitness,Pesas Casa,55,False,4,56.43,225.72,53.89000000000001,1.0205975134533307,0,0,0,0,0,0,0,1,0,0,0,0,0,0,0,0,0,0,0,0,0,0,0,0,1,0,0,0,0,0,0,0,0,0,0,0,0,0,1,0,0,0,0,0
2024-10-30,PROD_013,Decathlon Bandas Elásticas Set,Fitness,Bandas Elásticas,25,False,3,24.46,73.38,23.429999999999996,1.0670081092616306,0,0,0,0,0,1,0,0,0,0,0,0,0,0,0,0,0,0,0,0,0,0,0,0,1,0,0,0,0,1,0,0,0,0,0,0,0,0,0,0,0,0,0,0
2024-10-30,PROD_014,Sveltus Kettlebell 12kg,Fitness,Pesa Rusa,40,False,3,39.27,117.81,38.379999999999995,1.0422094841063054,0,0,0,0,0,0,0,0,0,0,0,0,0,0,0,0,0,0,0,0,0,1,0,0,1,0,0,0,0,0,0,0,0,0,0,0,0,1,0,0,0,0,0,0
2024-10-30,PROD_015,Salomon Speedcross 5 GTX,Outdoor,Zapatillas Trail,150,True,4,148.03,592.12,153.23666666666665,0.9788779882969699,0,0,0,0,0,0,0,0,0,0,0,0,0,0,0,0,0,0,0,0,1,0,0,0,0,1,0,0,0,0,0,0,0,0,0,0,0,0,0,0,0,0,0,1
2024-10-30,PROD_016,Trek Marlin 7,Outdoor,Bicicleta Montaña,830,True,3,828.34,2485.02,818.3833333333332,1.0141946520579193,0,0,0,0,0,0,0,0,0,0,0,0,0,0,0,0,0,0,0,0,0,0,0,1,0,1,0,0,0,0,1,0,0,0,0,0,0,0,0,0,0,0,0,0
2024-10-30,PROD_017,The North Face Borealis,Outdoor,Mochila Trekking,95,False,2,95.35,190.7,91.39666666666666,1.0394252160910318,0,0,0,0,0,0,0,0,0,0,0,0,0,0,0,0,0,0,0,0,0,0,1,0,0,1,0,0,0,0,0,0,0,0,0,0,1,0,0,0,0,0,0,0
2024-10-30,PROD_018,Columbia Silver Ridge,Outdoor,Ropa Montaña,70,False,2,68.11,136.22,69.50999999999999,1.0070493454179257,0,0,0,0,1,0,0,0,0,0,0,0,0,0,0,0,0,0,0,0,0,0,0,0,0,1,0,0,0,0,0,0,0,0,0,0,0,0,0,0,1,0,0,0
2024-10-30,PROD_019,Merrell Moab 2 GTX,Outdoor,Zapatillas Trail,110,False,2,107.86,215.72,109.72666666666667,1.0024910383376875,0,0,0,0,0,0,0,0,0,0,0,0,1,0,0,0,0,0,0,0,0,0,0,0,0,1,0,0,0,0,0,0,0,0,0,0,0,0,0,0,0,0,0,1
2024-10-30,PROD_020,Quechua MH500,Outdoor,Ropa Montaña,80,False,2,78.77,157.54,78.87666666666667,1.0142416430714618,0,0,0,0,0,0,0,0,0,0,0,0,0,0,0,0,0,1,0,0,0,0,0,0,0,1,0,0,0,0,0,0,0,0,0,0,0,0,0,0,1,0,0,0
2024-10-30,PROD_021,Manduka PRO Yoga Mat,Wellness,Esterilla Yoga,130,True,7,129.16,904.12,131.86666666666665,0.9858442871587464,0,0,0,0,0,0,0,0,0,0,0,1,0,0,0,0,0,0,0,0,0,0,0,0,0,0,0,1,0,0,0,0,0,0,1,0,0,0,0,0,0,0,0,0
2024-10-30,PROD_022,Gaiam Premium Yoga Block,Wellness,Bloque Yoga,20,False,1,20.47,20.47,20.436666666666667,0.978633175664655,0,0,0,0,0,0,0,0,1,0,0,0,0,0,0,0,0,0,0,0,0,0,0,0,0,0,0,1,0,0,0,1,0,0,0,0,0,0,0,0,0,0,0,0
2024-10-30,PROD_023,Liforme Yoga Pad,Wellness,Rodillera Yoga,35,False,1,36.01,36.01,33.89333333333333,1.0326514555468136,0,0,0,0,0,0,0,0,0,1,0,0,0,0,0,0,0,0,0,0,0,0,0,0,0,0,0,1,0,0,0,0,0,0,0,0,0,0,0,1,0,0,0,0
2024-10-30,PROD_024,Lotuscrafts Yoga Bolster,Wellness,Cojín Yoga,50,False,2,50.55,101.1,51.33666666666667,0.973962729692877,0,0,0,0,0,0,0,0,0,0,1,0,0,0,0,0,0,0,0,0,0,0,0,0,0,0,0,1,0,0,0,0,1,0,0,0,0,0,0,0,0,0,0,0
2024-10-31,PROD_001,Nike Air Zoom Pegasus 40,Running,Zapatillas Running,115,True,16,116.16,1858.56,106.50666666666666,1.0797446169253881,0,0,0,0,0,0,0,0,0,0,0,0,0,0,1,0,0,0,0,0,0,0,0,0,0,0,1,0,0,0,0,0,0,0,0,0,0,0,0,0,0,0,1,0
2024-10-31,PROD_002,Adidas Ultraboost 23,Running,Zapatillas Running,135,True,14,134.93,1889.02,125.95666666666666,1.0717971789239686,0,1,0,0,0,0,0,0,0,0,0,0,0,0,0,0,0,0,0,0,0,0,0,0,0,0,1,0,0,0,0,0,0,0,0,0,0,0,0,0,0,0,1,0
2024-10-31,PROD_003,Asics Gel Nimbus 25,Running,Zapatillas Running,85,False,3,87.53,262.59,84.21,1.009381308633179,0,0,1,0,0,0,0,0,0,0,0,0,0,0,0,0,0,0,0,0,0,0,0,0,0,0,1,0,0,0,0,0,0,0,0,0,0,0,0,0,0,0,1,0
2024-10-31,PROD_004,New Balance Fresh Foam X 1080v12,Running,Zapatillas Running,75,False,2,74.54,149.08,75.39,0.9948269001193792,0,0,0,0,0,0,0,0,0,0,0,0,0,1,0,0,0,0,0,0,0,0,0,0,0,0,1,0,0,0,0,0,0,0,0,0,0,0,0,0,0,0,1,0
2024-10-31,PROD_005,Nike Dri-FIT Miler,Running,Ropa Running,35,False,2,35.57,71.14,34.660000000000004,1.009809578765147,0,0,0,0,0,0,0,0,0,0,0,0,0,0,0,1,0,0,0,0,0,0,0,0,0,0,1,0,0,0,0,0,0,0,0,0,0,0,0,0,0,1,0,0
2024-10-31,PROD_006,Adidas Own The Run Jacket,Running,Ropa Running,65,False,2,65.77,131.54,63.79,1.0189684903589904,1,0,0,0,0,0,0,0,0,0,0,0,0,0,0,0,0,0,0,0,0,0,0,0,0,0,1,0,0,0,0,0,0,0,0,0,0,0,0,0,0,1,0,0
2024-10-31,PROD_007,Puma Velocity Nitro 2,Running,Zapatillas Running,70,False,2,70.43,140.86,67.92,1.0306242638398115,0,0,0,0,0,0,0,0,0,0,0,0,0,0,0,0,1,0,0,0,0,0,0,0,0,0,1,0,0,0,0,0,0,0,0,0,0,0,0,0,0,0,1,0
2024-10-31,PROD_008,Reebok Floatride Energy 5,Running,Zapatillas Running,65,False,3,65.98,197.94,62.49,1.0401664266282604,0,0,0,0,0,0,0,0,0,0,0,0,0,0,0,0,0,0,1,0,0,0,0,0,0,0,1,0,0,0,0,0,0,0,0,0,0,0,0,0,0,0,1,0
2024-10-31,PROD_009,Bowflex SelectTech 552,Fitness,Mancuernas Ajustables,400,True,2,403.51,807.02,392.01,1.0203821331088494,0,0,0,1,0,0,0,0,0,0,0,0,0,0,0,0,0,0,0,0,0,0,0,0,1,0,0,0,0,0,0,0,0,0,0,1,0,0,0,0,0,0,0,0
2024-10-31,PROD_010,Domyos BM900,Fitness,Banco Gimnasio,175,True,2,171.22,342.44,179.28666666666666,0.9760904324545421,0,0,0,0,0,0,1,0,0,0,0,0,0,0,0,0,0,0,0,0,0,0,0,0,1,0,0,0,1,0,0,0,0,0,0,0,0,0,0,0,0,0,0,0
2024-10-31,PROD_011,Reebok Professional Deck,Fitness,Esterilla Fitness,45,False,3,45.32,135.96,42.56,1.0573308270676691,0,0,0,0,0,0,0,0,0,0,0,0,0,0,0,0,0,0,0,1,0,0,0,0,1,0,0,0,0,0,0,0,0,1,0,0,0,0,0,0,0,0,0,0
2024-10-31,PROD_012,Domyos Kit Mancuernas 20kg,Fitness,Pesas Casa,55,False,3,54.71,164.13,54.24,1.0140117994100295,0,0,0,0,0,0,0,1,0,0,0,0,0,0,0,0,0,0,0,0,0,0,0,0,1,0,0,0,0,0,0,0,0,0,0,0,0,0,1,0,0,0,0,0
2024-10-31,PROD_013,Decathlon Bandas Elásticas Set,Fitness,Bandas Elásticas,25,False,3,25.53,76.59,24.126666666666665,1.036197844708483,0,0,0,0,0,1,0,0,0,0,0,0,0,0,0,0,0,0,0,0,0,0,0,0,1,0,0,0,0,1,0,0,0,0,0,0,0,0,0,0,0,0,0,0
2024-10-31,PROD_014,Sveltus Kettlebell 12kg,Fitness,Pesa Rusa,40,False,2,39.26,78.52,37.983333333333334,1.0530934620447565,0,0,0,0,0,0,0,0,0,0,0,0,0,0,0,0,0,0,0,0,0,1,0,0,1,0,0,0,0,0,0,0,0,0,0,0,0,1,0,0,0,0,0,0
2024-10-31,PROD_015,Salomon Speedcross 5 GTX,Outdoor,Zapatillas Trail,150,True,4,154.04,616.16,150.20000000000002,0.9986684420772303,0,0,0,0,0,0,0,0,0,0,0,0,0,0,0,0,0,0,0,0,1,0,0,0,0,1,0,0,0,0,0,0,0,0,0,0,0,0,0,0,0,0,0,1
2024-10-31,PROD_016,Trek Marlin 7,Outdoor,Bicicleta Montaña,830,True,4,837.3,3349.2,828.9633333333335,1.0012505579257625,0,0,0,0,0,0,0,0,0,0,0,0,0,0,0,0,0,0,0,0,0,0,0,1,0,1,0,0,0,0,1,0,0,0,0,0,0,0,0,0,0,0,0,0
2024-10-31,PROD_017,The North Face Borealis,Outdoor,Mochila Trekking,95,False,2,93.88,187.76,94.54666666666667,1.0047948103229445,0,0,0,0,0,0,0,0,0,0,0,0,0,0,0,0,0,0,0,0,0,0,1,0,0,1,0,0,0,0,0,0,0,0,0,0,1,0,0,0,0,0,0,0
2024-10-31,PROD_018,Columbia Silver Ridge,Outdoor,Ropa Montaña,70,False,2,70.04,140.08,66.18,1.0577213659715925,0,0,0,0,1,0,0,0,0,0,0,0,0,0,0,0,0,0,0,0,0,0,0,0,0,1,0,0,0,0,0,0,0,0,0,0,0,0,0,0,1,0,0,0
2024-10-31,PROD_019,Merrell Moab 2 GTX,Outdoor,Zapatillas Trail,110,False,2,110.19,220.38,107.48333333333335,1.0234144828655605,0,0,0,0,0,0,0,0,0,0,0,0,1,0,0,0,0,0,0,0,0,0,0,0,0,1,0,0,0,0,0,0,0,0,0,0,0,0,0,0,0,0,0,1
2024-10-31,PROD_020,Quechua MH500,Outdoor,Ropa Montaña,80,False,2,77.78,155.56,77.87666666666667,1.0272653340752471,0,0,0,0,0,0,0,0,0,0,0,0,0,0,0,0,0,1,0,0,0,0,0,0,0,1,0,0,0,0,0,0,0,0,0,0,0,0,0,0,1,0,0,0
2024-10-31,PROD_021,Manduka PRO Yoga Mat,Wellness,Esterilla Yoga,130,True,5,131.09,655.45,130.02666666666667,0.9997949138638228,0,0,0,0,0,0,0,0,0,0,0,1,0,0,0,0,0,0,0,0,0,0,0,0,0,0,0,1,0,0,0,0,0,0,1,0,0,0,0,0,0,0,0,0
2024-10-31,PROD_022,Gaiam Premium Yoga Block,Wellness,Bloque Yoga,20,False,1,20.13,20.13,19.96,1.002004008016032,0,0,0,0,0,0,0,0,1,0,0,0,0,0,0,0,0,0,0,0,0,0,0,0,0,0,0,1,0,0,0,1,0,0,0,0,0,0,0,0,0,0,0,0
2024-10-31,PROD_023,Liforme Yoga Pad,Wellness,Rodillera Yoga,35,False,1,35.7,35.7,33.94,1.0312315851502651,0,0,0,0,0,0,0,0,0,1,0,0,0,0,0,0,0,0,0,0,0,0,0,0,0,0,0,1,0,0,0,0,0,0,0,0,0,0,0,1,0,0,0,0
2024-10-31,PROD_024,Lotuscrafts Yoga Bolster,Wellness,Cojín Yoga,50,False,1,49.42,49.42,48.18666666666667,1.0376314333148866,0,0,0,0,0,0,0,0,0,0,1,0,0,0,0,0,0,0,0,0,0,0,0,0,0,0,0,1,0,0,0,0,1,0,0,0,0,0,0,0,0,0,0,0
2024-11-01,PROD_001,Nike Air Zoom Pegasus 40,Running,Zapatillas Running,115,True,15,118.32,1774.8,105.31,1.092014053746083,0,0,0,0,0,0,0,0,0,0,0,0,0,0,1,0,0,0,0,0,0,0,0,0,0,0,1,0,0,0,0,0,0,0,0,0,0,0,0,0,0,0,1,0
2024-11-01,PROD_002,Adidas Ultraboost 23,Running,Zapatillas Running,135,True,19,132.9,2525.1,127.38333333333333,1.0597932748920582,0,1,0,0,0,0,0,0,0,0,0,0,0,0,0,0,0,0,0,0,0,0,0,0,0,0,1,0,0,0,0,0,0,0,0,0,0,0,0,0,0,0,1,0
2024-11-01,PROD_003,Asics Gel Nimbus 25,Running,Zapatillas Running,85,False,3,83.37,250.11,83.53333333333333,1.01755786113328,0,0,1,0,0,0,0,0,0,0,0,0,0,0,0,0,0,0,0,0,0,0,0,0,0,0,1,0,0,0,0,0,0,0,0,0,0,0,0,0,0,0,1,0
2024-11-01,PROD_004,New Balance Fresh Foam X 1080v12,Running,Zapatillas Running,75,False,4,72.97,291.88,74.50333333333333,1.0066663683951502,0,0,0,0,0,0,0,0,0,0,0,0,0,1,0,0,0,0,0,0,0,0,0,0,0,0,1,0,0,0,0,0,0,0,0,0,0,0,0,0,0,0,1,0
2024-11-01,PROD_005,Nike Dri-FIT Miler,Running,Ropa Running,35,False,3,34.56,103.68,33.22666666666667,1.053370786516854,0,0,0,0,0,0,0,0,0,0,0,0,0,0,0,1,0,0,0,0,0,0,0,0,0,0,1,0,0,0,0,0,0,0,0,0,0,0,0,0,0,1,0,0
2024-11-01,PROD_006,Adidas Own The Run Jacket,Running,Ropa Running,65,False,3,65.56,196.68,64.19666666666667,1.0125136299911728,1,0,0,0,0,0,0,0,0,0,0,0,0,0,0,0,0,0,0,0,0,0,0,0,0,0,1,0,0,0,0,0,0,0,0,0,0,0,0,0,0,1,0,0
2024-11-01,PROD_007,Puma Velocity Nitro 2,Running,Zapatillas Running,70,False,3,68.26,204.78,67.02,1.0444643390032826,0,0,0,0,0,0,0,0,0,0,0,0,0,0,0,0,1,0,0,0,0,0,0,0,0,0,1,0,0,0,0,0,0,0,0,0,0,0,0,0,0,0,1,0
2024-11-01,PROD_008,Reebok Floatride Energy 5,Running,Zapatillas Running,65,False,3,64.98,194.94,63.31666666666666,1.0265859436693867,0,0,0,0,0,0,0,0,0,0,0,0,0,0,0,0,0,0,1,0,0,0,0,0,0,0,1,0,0,0,0,0,0,0,0,0,0,0,0,0,0,0,1,0
2024-11-01,PROD_009,Bowflex SelectTech 552,Fitness,Mancuernas Ajustables,400,True,3,410.42,1231.26,379.75,1.0533245556287032,0,0,0,1,0,0,0,0,0,0,0,0,0,0,0,0,0,0,0,0,0,0,0,0,1,0,0,0,0,0,0,0,0,0,0,1,0,0,0,0,0,0,0,0
2024-11-01,PROD_010,Domyos BM900,Fitness,Banco Gimnasio,175,True,3,178.06,534.18,179.96333333333334,0.972420307840486,0,0,0,0,0,0,1,0,0,0,0,0,0,0,0,0,0,0,0,0,0,0,0,0,1,0,0,0,1,0,0,0,0,0,0,0,0,0,0,0,0,0,0,0
2024-11-01,PROD_011,Reebok Professional Deck,Fitness,Esterilla Fitness,45,False,4,43.82,175.28,44.86333333333334,1.0030462887287317,0,0,0,0,0,0,0,0,0,0,0,0,0,0,0,0,0,0,0,1,0,0,0,0,1,0,0,0,0,0,0,0,0,1,0,0,0,0,0,0,0,0,0,0
2024-11-01,PROD_012,Domyos Kit Mancuernas 20kg,Fitness,Pesas Casa,55,False,5,54.05,270.25,53.24333333333333,1.0329931759844737,0,0,0,0,0,0,0,1,0,0,0,0,0,0,0,0,0,0,0,0,0,0,0,0,1,0,0,0,0,0,0,0,0,0,0,0,0,0,1,0,0,0,0,0
2024-11-01,PROD_013,Decathlon Bandas Elásticas Set,Fitness,Bandas Elásticas,25,False,4,25.05,100.2,24.376666666666665,1.0255709011349652,0,0,0,0,0,1,0,0,0,0,0,0,0,0,0,0,0,0,0,0,0,0,0,0,1,0,0,0,0,1,0,0,0,0,0,0,0,0,0,0,0,0,0,0
2024-11-01,PROD_014,Sveltus Kettlebell 12kg,Fitness,Pesa Rusa,40,False,5,39.78,198.9,38.973333333333336,1.0263427984946971,0,0,0,0,0,0,0,0,0,0,0,0,0,0,0,0,0,0,0,0,0,1,0,0,1,0,0,0,0,0,0,0,0,0,0,0,0,1,0,0,0,0,0,0
2024-11-01,PROD_015,Salomon Speedcross 5 GTX,Outdoor,Zapatillas Trail,150,True,5,146.07,730.35,151.47333333333333,0.9902733154350601,0,0,0,0,0,0,0,0,0,0,0,0,0,0,0,0,0,0,0,0,1,0,0,0,0,1,0,0,0,0,0,0,0,0,0,0,0,0,0,0,0,0,0,1
2024-11-01,PROD_016,Trek Marlin 7,Outdoor,Bicicleta Montaña,830,True,4,845.85,3383.4,812.32,1.021764821745125,0,0,0,0,0,0,0,0,0,0,0,0,0,0,0,0,0,0,0,0,0,0,0,1,0,1,0,0,0,0,1,0,0,0,0,0,0,0,0,0,0,0,0,0
2024-11-01,PROD_017,The North Face Borealis,Outdoor,Mochila Trekking,95,False,2,93.89,187.78,92.11000000000001,1.0313755292584952,0,0,0,0,0,0,0,0,0,0,0,0,0,0,0,0,0,0,0,0,0,0,1,0,0,1,0,0,0,0,0,0,0,0,0,0,1,0,0,0,0,0,0,0
2024-11-01,PROD_018,Columbia Silver Ridge,Outdoor,Ropa Montaña,70,False,2,69.35,138.7,67.97333333333334,1.029815613966261,0,0,0,0,1,0,0,0,0,0,0,0,0,0,0,0,0,0,0,0,0,0,0,0,0,1,0,0,0,0,0,0,0,0,0,0,0,0,0,0,1,0,0,0
2024-11-01,PROD_019,Merrell Moab 2 GTX,Outdoor,Zapatillas Trail,110,False,3,111.02,333.06,113.25666666666666,0.9712452541425082,0,0,0,0,0,0,0,0,0,0,0,0,1,0,0,0,0,0,0,0,0,0,0,0,0,1,0,0,0,0,0,0,0,0,0,0,0,0,0,0,0,0,0,1
2024-11-01,PROD_020,Quechua MH500,Outdoor,Ropa Montaña,80,False,2,79.78,159.56,80.72333333333334,0.9910393525209562,0,0,0,0,0,0,0,0,0,0,0,0,0,0,0,0,0,1,0,0,0,0,0,0,0,1,0,0,0,0,0,0,0,0,0,0,0,0,0,0,1,0,0,0
2024-11-01,PROD_021,Manduka PRO Yoga Mat,Wellness,Esterilla Yoga,130,True,6,132.16,792.96,132.49666666666667,0.9811567586605953,0,0,0,0,0,0,0,0,0,0,0,1,0,0,0,0,0,0,0,0,0,0,0,0,0,0,0,1,0,0,0,0,0,0,1,0,0,0,0,0,0,0,0,0
2024-11-01,PROD_022,Gaiam Premium Yoga Block,Wellness,Bloque Yoga,20,False,2,20.17,40.34,19.656666666666666,1.0174665083940988,0,0,0,0,0,0,0,0,1,0,0,0,0,0,0,0,0,0,0,0,0,0,0,0,0,0,0,1,0,0,0,1,0,0,0,0,0,0,0,0,0,0,0,0
2024-11-01,PROD_023,Liforme Yoga Pad,Wellness,Rodillera Yoga,35,False,1,35.23,35.23,33.93333333333334,1.0314341846758348,0,0,0,0,0,0,0,0,0,1,0,0,0,0,0,0,0,0,0,0,0,0,0,0,0,0,0,1,0,0,0,0,0,0,0,0,0,0,0,1,0,0,0,0
2024-11-01,PROD_024,Lotuscrafts Yoga Bolster,Wellness,Cojín Yoga,50,False,1,49.42,49.42,47.349999999999994,1.0559662090813096,0,0,0,0,0,0,0,0,0,0,1,0,0,0,0,0,0,0,0,0,0,0,0,0,0,0,0,1,0,0,0,0,1,0,0,0,0,0,0,0,0,0,0,0
2024-11-02,PROD_001,Nike Air Zoom Pegasus 40,Running,Zapatillas Running,115,True,21,113.69,2387.49,107.31666666666666,1.0715949681627581,0,0,0,0,0,0,0,0,0,0,0,0,0,0,1,0,0,0,0,0,0,0,0,0,0,0,1,0,0,0,0,0,0,0,0,0,0,0,0,0,0,0,1,0
2024-11-02,PROD_002,Adidas Ultraboost 23,Running,Zapatillas Running,135,True,16,138.51,2216.16,125.36,1.0768985322271858,0,1,0,0,0,0,0,0,0,0,0,0,0,0,0,0,0,0,0,0,0,0,0,0,0,0,1,0,0,0,0,0,0,0,0,0,0,0,0,0,0,0,1,0
2024-11-02,PROD_003,Asics Gel Nimbus 25,Running,Zapatillas Running,85,False,4,85.76,343.04,82.05666666666667,1.0358695210626803,0,0,1,0,0,0,0,0,0,0,0,0,0,0,0,0,0,0,0,0,0,0,0,0,0,0,1,0,0,0,0,0,0,0,0,0,0,0,0,0,0,0,1,0
2024-11-02,PROD_004,New Balance Fresh Foam X 1080v12,Running,Zapatillas Running,75,False,4,75.59,302.36,71.90333333333332,1.04306708080293,0,0,0,0,0,0,0,0,0,0,0,0,0,1,0,0,0,0,0,0,0,0,0,0,0,0,1,0,0,0,0,0,0,0,0,0,0,0,0,0,0,0,1,0
2024-11-02,PROD_005,Nike Dri-FIT Miler,Running,Ropa Running,35,False,3,33.99,101.97,33.26,1.0523150932050511,0,0,0,0,0,0,0,0,0,0,0,0,0,0,0,1,0,0,0,0,0,0,0,0,0,0,1,0,0,0,0,0,0,0,0,0,0,0,0,0,0,1,0,0
2024-11-02,PROD_006,Adidas Own The Run Jacket,Running,Ropa Running,65,False,3,65.61,196.83,61.906666666666666,1.0499676933017446,1,0,0,0,0,0,0,0,0,0,0,0,0,0,0,0,0,0,0,0,0,0,0,0,0,0,1,0,0,0,0,0,0,0,0,0,0,0,0,0,0,1,0,0
2024-11-02,PROD_007,Puma Velocity Nitro 2,Running,Zapatillas Running,70,False,3,69.6,208.8,66.46333333333332,1.0532122975073976,0,0,0,0,0,0,0,0,0,0,0,0,0,0,0,0,1,0,0,0,0,0,0,0,0,0,1,0,0,0,0,0,0,0,0,0,0,0,0,0,0,0,1,0
2024-11-02,PROD_008,Reebok Floatride Energy 5,Running,Zapatillas Running,65,False,3,63.51,190.53,59.56666666666666,1.0912143256855065,0,0,0,0,0,0,0,0,0,0,0,0,0,0,0,0,0,0,1,0,0,0,0,0,0,0,1,0,0,0,0,0,0,0,0,0,0,0,0,0,0,0,1,0
2024-11-02,PROD_009,Bowflex SelectTech 552,Fitness,Mancuernas Ajustables,400,True,3,393.94,1181.82,385.24666666666667,1.0382958104764046,0,0,0,1,0,0,0,0,0,0,0,0,0,0,0,0,0,0,0,0,0,0,0,0,1,0,0,0,0,0,0,0,0,0,0,1,0,0,0,0,0,0,0,0
2024-11-02,PROD_010,Domyos BM900,Fitness,Banco Gimnasio,175,True,3,170.61,511.83,180.46666666666667,0.9697081640192095,0,0,0,0,0,0,1,0,0,0,0,0,0,0,0,0,0,0,0,0,0,0,0,0,1,0,0,0,1,0,0,0,0,0,0,0,0,0,0,0,0,0,0,0
2024-11-02,PROD_011,Reebok Professional Deck,Fitness,Esterilla Fitness,45,False,5,44.53,222.65,43.74333333333334,1.0287281871523277,0,0,0,0,0,0,0,0,0,0,0,0,0,0,0,0,0,0,0,1,0,0,0,0,1,0,0,0,0,0,0,0,0,1,0,0,0,0,0,0,0,0,0,0
2024-11-02,PROD_012,Domyos Kit Mancuernas 20kg,Fitness,Pesas Casa,55,False,6,56.53,339.18,53.35666666666666,1.0307990254263761,0,0,0,0,0,0,0,1,0,0,0,0,0,0,0,0,0,0,0,0,0,0,0,0,1,0,0,0,0,0,0,0,0,0,0,0,0,0,1,0,0,0,0,0
2024-11-02,PROD_013,Decathlon Bandas Elásticas Set,Fitness,Bandas Elásticas,25,False,5,24.9,124.5,24.656666666666666,1.0139245640124375,0,0,0,0,0,1,0,0,0,0,0,0,0,0,0,0,0,0,0,0,0,0,0,0,1,0,0,0,0,1,0,0,0,0,0,0,0,0,0,0,0,0,0,0
2024-11-02,PROD_014,Sveltus Kettlebell 12kg,Fitness,Pesa Rusa,40,False,4,39.79,159.16,39.31,1.0175527855507505,0,0,0,0,0,0,0,0,0,0,0,0,0,0,0,0,0,0,0,0,0,1,0,0,1,0,0,0,0,0,0,0,0,0,0,0,0,1,0,0,0,0,0,0
2024-11-02,PROD_015,Salomon Speedcross 5 GTX,Outdoor,Zapatillas Trail,150,True,6,151.06,906.36,150.25666666666666,0.9982918117887172,0,0,0,0,0,0,0,0,0,0,0,0,0,0,0,0,0,0,0,0,1,0,0,0,0,1,0,0,0,0,0,0,0,0,0,0,0,0,0,0,0,0,0,1
2024-11-02,PROD_016,Trek Marlin 7,Outdoor,Bicicleta Montaña,830,True,5,829.91,4149.55,816.4533333333334,1.016592089362119,0,0,0,0,0,0,0,0,0,0,0,0,0,0,0,0,0,0,0,0,0,0,0,1,0,1,0,0,0,0,1,0,0,0,0,0,0,0,0,0,0,0,0,0
2024-11-02,PROD_017,The North Face Borealis,Outdoor,Mochila Trekking,95,False,3,96.57,289.71,88.83333333333333,1.0694183864915572,0,0,0,0,0,0,0,0,0,0,0,0,0,0,0,0,0,0,0,0,0,0,1,0,0,1,0,0,0,0,0,0,0,0,0,0,1,0,0,0,0,0,0,0
2024-11-02,PROD_018,Columbia Silver Ridge,Outdoor,Ropa Montaña,70,False,3,68.17,204.51,69.09666666666666,1.0130734719475132,0,0,0,0,1,0,0,0,0,0,0,0,0,0,0,0,0,0,0,0,0,0,0,0,0,1,0,0,0,0,0,0,0,0,0,0,0,0,0,0,1,0,0,0
2024-11-02,PROD_019,Merrell Moab 2 GTX,Outdoor,Zapatillas Trail,110,False,2,113.17,226.34,103.05,1.0674429888403687,0,0,0,0,0,0,0,0,0,0,0,0,1,0,0,0,0,0,0,0,0,0,0,0,0,1,0,0,0,0,0,0,0,0,0,0,0,0,0,0,0,0,0,1
2024-11-02,PROD_020,Quechua MH500,Outdoor,Ropa Montaña,80,False,2,82.31,164.62,78.51333333333332,1.0189352127027258,0,0,0,0,0,0,0,0,0,0,0,0,0,0,0,0,0,1,0,0,0,0,0,0,0,1,0,0,0,0,0,0,0,0,0,0,0,0,0,0,1,0,0,0
2024-11-02,PROD_021,Manduka PRO Yoga Mat,Wellness,Esterilla Yoga,130,True,7,132.9,930.3,129.47,1.0040936124198656,0,0,0,0,0,0,0,0,0,0,0,1,0,0,0,0,0,0,0,0,0,0,0,0,0,0,0,1,0,0,0,0,0,0,1,0,0,0,0,0,0,0,0,0
2024-11-02,PROD_022,Gaiam Premium Yoga Block,Wellness,Bloque Yoga,20,False,2,20.27,40.54,19.596666666666668,1.0205817315870045,0,0,0,0,0,0,0,0,1,0,0,0,0,0,0,0,0,0,0,0,0,0,0,0,0,0,0,1,0,0,0,1,0,0,0,0,0,0,0,0,0,0,0,0
2024-11-02,PROD_023,Liforme Yoga Pad,Wellness,Rodillera Yoga,35,False,2,34.65,69.3,33.69,1.0388839418224993,0,0,0,0,0,0,0,0,0,1,0,0,0,0,0,0,0,0,0,0,0,0,0,0,0,0,0,1,0,0,0,0,0,0,0,0,0,0,0,1,0,0,0,0
2024-11-02,PROD_024,Lotuscrafts Yoga Bolster,Wellness,Cojín Yoga,50,False,2,50.64,101.28,49.06333333333333,1.0190909708539984,0,0,0,0,0,0,0,0,0,0,1,0,0,0,0,0,0,0,0,0,0,0,0,0,0,0,0,1,0,0,0,0,1,0,0,0,0,0,0,0,0,0,0,0
2024-11-03,PROD_001,Nike Air Zoom Pegasus 40,Running,Zapatillas Running,115,True,16,116.76,1868.16,107.25,1.0722610722610724,0,0,0,0,0,0,0,0,0,0,0,0,0,0,1,0,0,0,0,0,0,0,0,0,0,0,1,0,0,0,0,0,0,0,0,0,0,0,0,0,0,0,1,0
2024-11-03,PROD_002,Adidas Ultraboost 23,Running,Zapatillas Running,135,True,18,137.05,2466.9,125.56666666666668,1.0751260950358374,0,1,0,0,0,0,0,0,0,0,0,0,0,0,0,0,0,0,0,0,0,0,0,0,0,0,1,0,0,0,0,0,0,0,0,0,0,0,0,0,0,0,1,0
2024-11-03,PROD_003,Asics Gel Nimbus 25,Running,Zapatillas Running,85,False,3,86.51,259.53,85.06,0.9992946155654832,0,0,1,0,0,0,0,0,0,0,0,0,0,0,0,0,0,0,0,0,0,0,0,0,0,0,1,0,0,0,0,0,0,0,0,0,0,0,0,0,0,0,1,0
2024-11-03,PROD_004,New Balance Fresh Foam X 1080v12,Running,Zapatillas Running,75,False,3,76.77,230.31,75.21666666666665,0.997119432749834,0,0,0,0,0,0,0,0,0,0,0,0,0,1,0,0,0,0,0,0,0,0,0,0,0,0,1,0,0,0,0,0,0,0,0,0,0,0,0,0,0,0,1,0
2024-11-03,PROD_005,Nike Dri-FIT Miler,Running,Ropa Running,35,False,3,34.15,102.45,35.443333333333335,0.9874917709019091,0,0,0,0,0,0,0,0,0,0,0,0,0,0,0,1,0,0,0,0,0,0,0,0,0,0,1,0,0,0,0,0,0,0,0,0,0,0,0,0,0,1,0,0
2024-11-03,PROD_006,Adidas Own The Run Jacket,Running,Ropa Running,65,False,2,66.25,132.5,61.72666666666667,1.053029484825575,1,0,0,0,0,0,0,0,0,0,0,0,0,0,0,0,0,0,0,0,0,0,0,0,0,0,1,0,0,0,0,0,0,0,0,0,0,0,0,0,0,1,0,0
2024-11-03,PROD_007,Puma Velocity Nitro 2,Running,Zapatillas Running,70,False,2,68.4,136.8,69.82000000000001,1.0025780578630763,0,0,0,0,0,0,0,0,0,0,0,0,0,0,0,0,1,0,0,0,0,0,0,0,0,0,1,0,0,0,0,0,0,0,0,0,0,0,0,0,0,0,1,0
2024-11-03,PROD_008,Reebok Floatride Energy 5,Running,Zapatillas Running,65,False,3,63.29,189.87,60.89333333333334,1.0674403328224216,0,0,0,0,0,0,0,0,0,0,0,0,0,0,0,0,0,0,1,0,0,0,0,0,0,0,1,0,0,0,0,0,0,0,0,0,0,0,0,0,0,0,1,0
2024-11-03,PROD_009,Bowflex SelectTech 552,Fitness,Mancuernas Ajustables,400,True,3,411.06,1233.18,386.7166666666667,1.0343490065939749,0,0,0,1,0,0,0,0,0,0,0,0,0,0,0,0,0,0,0,0,0,0,0,0,1,0,0,0,0,0,0,0,0,0,0,1,0,0,0,0,0,0,0,0
2024-11-03,PROD_010,Domyos BM900,Fitness,Banco Gimnasio,175,True,3,179.47,538.41,178.90333333333334,0.978181885934676,0,0,0,0,0,0,1,0,0,0,0,0,0,0,0,0,0,0,0,0,0,0,0,0,1,0,0,0,1,0,0,0,0,0,0,0,0,0,0,0,0,0,0,0
2024-11-03,PROD_011,Reebok Professional Deck,Fitness,Esterilla Fitness,45,False,3,44.24,132.72,43.02666666666667,1.0458630306786487,0,0,0,0,0,0,0,0,0,0,0,0,0,0,0,0,0,0,0,1,0,0,0,0,1,0,0,0,0,0,0,0,0,1,0,0,0,0,0,0,0,0,0,0
2024-11-03,PROD_012,Domyos Kit Mancuernas 20kg,Fitness,Pesas Casa,55,False,4,54.2,216.8,53.06333333333333,1.036497267416295,0,0,0,0,0,0,0,1,0,0,0,0,0,0,0,0,0,0,0,0,0,0,0,0,1,0,0,0,0,0,0,0,0,0,0,0,0,0,1,0,0,0,0,0
2024-11-03,PROD_013,Decathlon Bandas Elásticas Set,Fitness,Bandas Elásticas,25,False,4,25.23,100.92,24.176666666666666,1.0340548738453055,0,0,0,0,0,1,0,0,0,0,0,0,0,0,0,0,0,0,0,0,0,0,0,0,1,0,0,0,0,1,0,0,0,0,0,0,0,0,0,0,0,0,0,0
2024-11-03,PROD_014,Sveltus Kettlebell 12kg,Fitness,Pesa Rusa,40,False,3,40.35,121.05,38.50333333333333,1.038871093411826,0,0,0,0,0,0,0,0,0,0,0,0,0,0,0,0,0,0,0,0,0,1,0,0,1,0,0,0,0,0,0,0,0,0,0,0,0,1,0,0,0,0,0,0
2024-11-03,PROD_015,Salomon Speedcross 5 GTX,Outdoor,Zapatillas Trail,150,True,5,146.67,733.35,149.60333333333332,1.0026514560727258,0,0,0,0,0,0,0,0,0,0,0,0,0,0,0,0,0,0,0,0,1,0,0,0,0,1,0,0,0,0,0,0,0,0,0,0,0,0,0,0,0,0,0,1
2024-11-03,PROD_016,Trek Marlin 7,Outdoor,Bicicleta Montaña,830,True,5,847.73,4238.65,815.3733333333333,1.017938612987098,0,0,0,0,0,0,0,0,0,0,0,0,0,0,0,0,0,0,0,0,0,0,0,1,0,1,0,0,0,0,1,0,0,0,0,0,0,0,0,0,0,0,0,0
2024-11-03,PROD_017,The North Face Borealis,Outdoor,Mochila Trekking,95,False,4,92.23,368.92,91.36,1.0398423817863398,0,0,0,0,0,0,0,0,0,0,0,0,0,0,0,0,0,0,0,0,0,0,1,0,0,1,0,0,0,0,0,0,0,0,0,0,1,0,0,0,0,0,0,0
2024-11-03,PROD_018,Columbia Silver Ridge,Outdoor,Ropa Montaña,70,False,2,68.38,136.76,67.35333333333334,1.0392952588340096,0,0,0,0,1,0,0,0,0,0,0,0,0,0,0,0,0,0,0,0,0,0,0,0,0,1,0,0,0,0,0,0,0,0,0,0,0,0,0,0,1,0,0,0
2024-11-03,PROD_019,Merrell Moab 2 GTX,Outdoor,Zapatillas Trail,110,False,3,107.18,321.54,109.69000000000001,1.0028261464126174,0,0,0,0,0,0,0,0,0,0,0,0,1,0,0,0,0,0,0,0,0,0,0,0,0,1,0,0,0,0,0,0,0,0,0,0,0,0,0,0,0,0,0,1
2024-11-03,PROD_020,Quechua MH500,Outdoor,Ropa Montaña,80,False,3,82.36,247.08,77.66333333333334,1.0300871282029271,0,0,0,0,0,0,0,0,0,0,0,0,0,0,0,0,0,1,0,0,0,0,0,0,0,1,0,0,0,0,0,0,0,0,0,0,0,0,0,0,1,0,0,0
2024-11-03,PROD_021,Manduka PRO Yoga Mat,Wellness,Esterilla Yoga,130,True,8,127.89,1023.12,130.29,0.9977741960242537,0,0,0,0,0,0,0,0,0,0,0,1,0,0,0,0,0,0,0,0,0,0,0,0,0,0,0,1,0,0,0,0,0,0,1,0,0,0,0,0,0,0,0,0
2024-11-03,PROD_022,Gaiam Premium Yoga Block,Wellness,Bloque Yoga,20,False,2,20.45,40.9,20.12333333333333,0.9938711280437305,0,0,0,0,0,0,0,0,1,0,0,0,0,0,0,0,0,0,0,0,0,0,0,0,0,0,0,1,0,0,0,1,0,0,0,0,0,0,0,0,0,0,0,0
2024-11-03,PROD_023,Liforme Yoga Pad,Wellness,Rodillera Yoga,35,False,2,34.59,69.18,35.84666666666667,0.976380881532453,0,0,0,0,0,0,0,0,0,1,0,0,0,0,0,0,0,0,0,0,0,0,0,0,0,0,0,1,0,0,0,0,0,0,0,0,0,0,0,1,0,0,0,0
2024-11-03,PROD_024,Lotuscrafts Yoga Bolster,Wellness,Cojín Yoga,50,False,1,50.5,50.5,46.51666666666667,1.0748835542816193,0,0,0,0,0,0,0,0,0,0,1,0,0,0,0,0,0,0,0,0,0,0,0,0,0,0,0,1,0,0,0,0,1,0,0,0,0,0,0,0,0,0,0,0
2024-11-04,PROD_001,Nike Air Zoom Pegasus 40,Running,Zapatillas Running,115,True,14,115.15,1612.1,105.77333333333333,1.0872305559057105,0,0,0,0,0,0,0,0,0,0,0,0,0,0,1,0,0,0,0,0,0,0,0,0,0,0,1,0,0,0,0,0,0,0,0,0,0,0,0,0,0,0,1,0
2024-11-04,PROD_002,Adidas Ultraboost 23,Running,Zapatillas Running,135,True,16,134.12,2145.92,126.14666666666666,1.0701828559348907,0,1,0,0,0,0,0,0,0,0,0,0,0,0,0,0,0,0,0,0,0,0,0,0,0,0,1,0,0,0,0,0,0,0,0,0,0,0,0,0,0,0,1,0
2024-11-04,PROD_003,Asics Gel Nimbus 25,Running,Zapatillas Running,85,False,3,84.03,252.09,82.26,1.0333090201799173,0,0,1,0,0,0,0,0,0,0,0,0,0,0,0,0,0,0,0,0,0,0,0,0,0,0,1,0,0,0,0,0,0,0,0,0,0,0,0,0,0,0,1,0
2024-11-04,PROD_004,New Balance Fresh Foam X 1080v12,Running,Zapatillas Running,75,False,3,74.68,224.04,73.94333333333334,1.0142902222422574,0,0,0,0,0,0,0,0,0,0,0,0,0,1,0,0,0,0,0,0,0,0,0,0,0,0,1,0,0,0,0,0,0,0,0,0,0,0,0,0,0,0,1,0
2024-11-04,PROD_005,Nike Dri-FIT Miler,Running,Ropa Running,35,False,3,35.27,105.81,34.803333333333335,1.0056507997318265,0,0,0,0,0,0,0,0,0,0,0,0,0,0,0,1,0,0,0,0,0,0,0,0,0,0,1,0,0,0,0,0,0,0,0,0,0,0,0,0,0,1,0,0
2024-11-04,PROD_006,Adidas Own The Run Jacket,Running,Ropa Running,65,False,2,63.43,126.86,62.70666666666667,1.0365724005953647,1,0,0,0,0,0,0,0,0,0,0,0,0,0,0,0,0,0,0,0,0,0,0,0,0,0,1,0,0,0,0,0,0,0,0,0,0,0,0,0,0,1,0,0
2024-11-04,PROD_007,Puma Velocity Nitro 2,Running,Zapatillas Running,70,False,2,70.9,141.8,70.24666666666667,0.9964885641074309,0,0,0,0,0,0,0,0,0,0,0,0,0,0,0,0,1,0,0,0,0,0,0,0,0,0,1,0,0,0,0,0,0,0,0,0,0,0,0,0,0,0,1,0
2024-11-04,PROD_008,Reebok Floatride Energy 5,Running,Zapatillas Running,65,False,3,64.5,193.5,61.93000000000001,1.0495720975294687,0,0,0,0,0,0,0,0,0,0,0,0,0,0,0,0,0,0,1,0,0,0,0,0,0,0,1,0,0,0,0,0,0,0,0,0,0,0,0,0,0,0,1,0
2024-11-04,PROD_009,Bowflex SelectTech 552,Fitness,Mancuernas Ajustables,400,True,3,390.16,1170.48,384.93666666666667,1.0391319784206925,0,0,0,1,0,0,0,0,0,0,0,0,0,0,0,0,0,0,0,0,0,0,0,0,1,0,0,0,0,0,0,0,0,0,0,1,0,0,0,0,0,0,0,0
2024-11-04,PROD_010,Domyos BM900,Fitness,Banco Gimnasio,175,True,3,174.85,524.55,178.0566666666667,0.9828331804481717,0,0,0,0,0,0,1,0,0,0,0,0,0,0,0,0,0,0,0,0,0,0,0,0,1,0,0,0,1,0,0,0,0,0,0,0,0,0,0,0,0,0,0,0
2024-11-04,PROD_011,Reebok Professional Deck,Fitness,Esterilla Fitness,45,False,4,44.93,179.72,41.56666666666667,1.082598235765838,0,0,0,0,0,0,0,0,0,0,0,0,0,0,0,0,0,0,0,1,0,0,0,0,1,0,0,0,0,0,0,0,0,1,0,0,0,0,0,0,0,0,0,0
2024-11-04,PROD_012,Domyos Kit Mancuernas 20kg,Fitness,Pesas Casa,55,False,5,54.52,272.6,53.38666666666666,1.0302197802197803,0,0,0,0,0,0,0,1,0,0,0,0,0,0,0,0,0,0,0,0,0,0,0,0,1,0,0,0,0,0,0,0,0,0,0,0,0,0,1,0,0,0,0,0
2024-11-04,PROD_013,Decathlon Bandas Elásticas Set,Fitness,Bandas Elásticas,25,False,4,24.46,97.84,24.39,1.025010250102501,0,0,0,0,0,1,0,0,0,0,0,0,0,0,0,0,0,0,0,0,0,0,0,0,1,0,0,0,0,1,0,0,0,0,0,0,0,0,0,0,0,0,0,0
2024-11-04,PROD_014,Sveltus Kettlebell 12kg,Fitness,Pesa Rusa,40,False,4,41.02,164.08,38.153333333333336,1.0484011881880133,0,0,0,0,0,0,0,0,0,0,0,0,0,0,0,0,0,0,0,0,0,1,0,0,1,0,0,0,0,0,0,0,0,0,0,0,0,1,0,0,0,0,0,0
2024-11-04,PROD_015,Salomon Speedcross 5 GTX,Outdoor,Zapatillas Trail,150,True,4,145.53,582.12,151.08333333333334,0.9928295642581356,0,0,0,0,0,0,0,0,0,0,0,0,0,0,0,0,0,0,0,0,1,0,0,0,0,1,0,0,0,0,0,0,0,0,0,0,0,0,0,0,0,0,0,1
2024-11-04,PROD_016,Trek Marlin 7,Outdoor,Bicicleta Montaña,830,True,4,826.56,3306.24,817.7666666666668,1.0149594423837278,0,0,0,0,0,0,0,0,0,0,0,0,0,0,0,0,0,0,0,0,0,0,0,1,0,1,0,0,0,0,1,0,0,0,0,0,0,0,0,0,0,0,0,0
2024-11-04,PROD_017,The North Face Borealis,Outdoor,Mochila Trekking,95,False,2,94.53,189.06,88.38666666666666,1.0748227485291901,0,0,0,0,0,0,0,0,0,0,0,0,0,0,0,0,0,0,0,0,0,0,1,0,0,1,0,0,0,0,0,0,0,0,0,0,1,0,0,0,0,0,0,0
2024-11-04,PROD_018,Columbia Silver Ridge,Outdoor,Ropa Montaña,70,False,2,69.49,138.98,69.14333333333333,1.0123897218338718,0,0,0,0,1,0,0,0,0,0,0,0,0,0,0,0,0,0,0,0,0,0,0,0,0,1,0,0,0,0,0,0,0,0,0,0,0,0,0,0,1,0,0,0
2024-11-04,PROD_019,Merrell Moab 2 GTX,Outdoor,Zapatillas Trail,110,False,3,106.8,320.4,109.28000000000002,1.0065885797950218,0,0,0,0,0,0,0,0,0,0,0,0,1,0,0,0,0,0,0,0,0,0,0,0,0,1,0,0,0,0,0,0,0,0,0,0,0,0,0,0,0,0,0,1
2024-11-04,PROD_020,Quechua MH500,Outdoor,Ropa Montaña,80,False,2,79.14,158.28,79.86333333333333,1.0017112567302475,0,0,0,0,0,0,0,0,0,0,0,0,0,0,0,0,0,1,0,0,0,0,0,0,0,1,0,0,0,0,0,0,0,0,0,0,0,0,0,0,1,0,0,0
2024-11-04,PROD_021,Manduka PRO Yoga Mat,Wellness,Esterilla Yoga,130,True,8,126.84,1014.72,131.26666666666668,0.9903504316912137,0,0,0,0,0,0,0,0,0,0,0,1,0,0,0,0,0,0,0,0,0,0,0,0,0,0,0,1,0,0,0,0,0,0,1,0,0,0,0,0,0,0,0,0
2024-11-04,PROD_022,Gaiam Premium Yoga Block,Wellness,Bloque Yoga,20,False,2,19.7,39.4,18.886666666666667,1.0589481115425343,0,0,0,0,0,0,0,0,1,0,0,0,0,0,0,0,0,0,0,0,0,0,0,0,0,0,0,1,0,0,0,1,0,0,0,0,0,0,0,0,0,0,0,0
2024-11-04,PROD_023,Liforme Yoga Pad,Wellness,Rodillera Yoga,35,False,1,35.72,35.72,34.24333333333333,1.0220967584931373,0,0,0,0,0,0,0,0,0,1,0,0,0,0,0,0,0,0,0,0,0,0,0,0,0,0,0,1,0,0,0,0,0,0,0,0,0,0,0,1,0,0,0,0
2024-11-04,PROD_024,Lotuscrafts Yoga Bolster,Wellness,Cojín Yoga,50,False,2,51.1,102.2,47.44,1.0539629005059021,0,0,0,0,0,0,0,0,0,0,1,0,0,0,0,0,0,0,0,0,0,0,0,0,0,0,0,1,0,0,0,0,1,0,0,0,0,0,0,0,0,0,0,0
2024-11-05,PROD_001,Nike Air Zoom Pegasus 40,Running,Zapatillas Running,115,True,15,115.84,1737.6,107.21666666666668,1.0725944349448155,0,0,0,0,0,0,0,0,0,0,0,0,0,0,1,0,0,0,0,0,0,0,0,0,0,0,1,0,0,0,0,0,0,0,0,0,0,0,0,0,0,0,1,0
2024-11-05,PROD_002,Adidas Ultraboost 23,Running,Zapatillas Running,135,True,18,133.18,2397.24,124.80999999999999,1.0816440990305265,0,1,0,0,0,0,0,0,0,0,0,0,0,0,0,0,0,0,0,0,0,0,0,0,0,0,1,0,0,0,0,0,0,0,0,0,0,0,0,0,0,0,1,0
2024-11-05,PROD_003,Asics Gel Nimbus 25,Running,Zapatillas Running,85,False,3,84.0,252.0,80.71,1.053153264775121,0,0,1,0,0,0,0,0,0,0,0,0,0,0,0,0,0,0,0,0,0,0,0,0,0,0,1,0,0,0,0,0,0,0,0,0,0,0,0,0,0,0,1,0
2024-11-05,PROD_004,New Balance Fresh Foam X 1080v12,Running,Zapatillas Running,75,False,3,74.0,222.0,70.93,1.0573805160016918,0,0,0,0,0,0,0,0,0,0,0,0,0,1,0,0,0,0,0,0,0,0,0,0,0,0,1,0,0,0,0,0,0,0,0,0,0,0,0,0,0,0,1,0
2024-11-05,PROD_005,Nike Dri-FIT Miler,Running,Ropa Running,35,False,3,34.07,102.21,32.32,1.0829207920792079,0,0,0,0,0,0,0,0,0,0,0,0,0,0,0,1,0,0,0,0,0,0,0,0,0,0,1,0,0,0,0,0,0,0,0,0,0,0,0,0,0,1,0,0
2024-11-05,PROD_006,Adidas Own The Run Jacket,Running,Ropa Running,65,False,2,65.69,131.38,63.72666666666667,1.0199811695784078,1,0,0,0,0,0,0,0,0,0,0,0,0,0,0,0,0,0,0,0,0,0,0,0,0,0,1,0,0,0,0,0,0,0,0,0,0,0,0,0,0,1,0,0
2024-11-05,PROD_007,Puma Velocity Nitro 2,Running,Zapatillas Running,70,False,3,68.67,206.01,67.47333333333334,1.0374468925995453,0,0,0,0,0,0,0,0,0,0,0,0,0,0,0,0,1,0,0,0,0,0,0,0,0,0,1,0,0,0,0,0,0,0,0,0,0,0,0,0,0,0,1,0
2024-11-05,PROD_008,Reebok Floatride Energy 5,Running,Zapatillas Running,65,False,3,66.3,198.9,63.91,1.017055233922704,0,0,0,0,0,0,0,0,0,0,0,0,0,0,0,0,0,0,1,0,0,0,0,0,0,0,1,0,0,0,0,0,0,0,0,0,0,0,0,0,0,0,1,0
2024-11-05,PROD_009,Bowflex SelectTech 552,Fitness,Mancuernas Ajustables,400,True,3,402.62,1207.86,389.06333333333333,1.028110247688894,0,0,0,1,0,0,0,0,0,0,0,0,0,0,0,0,0,0,0,0,0,0,0,0,1,0,0,0,0,0,0,0,0,0,0,1,0,0,0,0,0,0,0,0
2024-11-05,PROD_010,Domyos BM900,Fitness,Banco Gimnasio,175,True,3,170.02,510.06,177.55000000000004,0.9856378484933819,0,0,0,0,0,0,1,0,0,0,0,0,0,0,0,0,0,0,0,0,0,0,0,0,1,0,0,0,1,0,0,0,0,0,0,0,0,0,0,0,0,0,0,0
2024-11-05,PROD_011,Reebok Professional Deck,Fitness,Esterilla Fitness,45,False,4,44.68,178.72,42.71666666666667,1.0534529847834568,0,0,0,0,0,0,0,0,0,0,0,0,0,0,0,0,0,0,0,1,0,0,0,0,1,0,0,0,0,0,0,0,0,1,0,0,0,0,0,0,0,0,0,0
2024-11-05,PROD_012,Domyos Kit Mancuernas 20kg,Fitness,Pesas Casa,55,False,5,54.73,273.65,50.370000000000005,1.0919197935278935,0,0,0,0,0,0,0,1,0,0,0,0,0,0,0,0,0,0,0,0,0,0,0,0,1,0,0,0,0,0,0,0,0,0,0,0,0,0,1,0,0,0,0,0
2024-11-05,PROD_013,Decathlon Bandas Elásticas Set,Fitness,Bandas Elásticas,25,False,4,25.26,101.04,24.873333333333335,1.0050924685071025,0,0,0,0,0,1,0,0,0,0,0,0,0,0,0,0,0,0,0,0,0,0,0,0,1,0,0,0,0,1,0,0,0,0,0,0,0,0,0,0,0,0,0,0
2024-11-05,PROD_014,Sveltus Kettlebell 12kg,Fitness,Pesa Rusa,40,False,3,39.79,119.37,39.59666666666667,1.010186042596178,0,0,0,0,0,0,0,0,0,0,0,0,0,0,0,0,0,0,0,0,0,1,0,0,1,0,0,0,0,0,0,0,0,0,0,0,0,1,0,0,0,0,0,0
2024-11-05,PROD_015,Salomon Speedcross 5 GTX,Outdoor,Zapatillas Trail,150,True,5,151.18,755.9,151.47333333333333,0.9902733154350601,0,0,0,0,0,0,0,0,0,0,0,0,0,0,0,0,0,0,0,0,1,0,0,0,0,1,0,0,0,0,0,0,0,0,0,0,0,0,0,0,0,0,0,1
2024-11-05,PROD_016,Trek Marlin 7,Outdoor,Bicicleta Montaña,830,True,4,833.01,3332.04,814.0666666666666,1.0195725165834084,0,0,0,0,0,0,0,0,0,0,0,0,0,0,0,0,0,0,0,0,0,0,0,1,0,1,0,0,0,0,1,0,0,0,0,0,0,0,0,0,0,0,0,0
2024-11-05,PROD_017,The North Face Borealis,Outdoor,Mochila Trekking,95,False,2,94.67,189.34,92.98666666666668,1.0216518497275593,0,0,0,0,0,0,0,0,0,0,0,0,0,0,0,0,0,0,0,0,0,0,1,0,0,1,0,0,0,0,0,0,0,0,0,0,1,0,0,0,0,0,0,0
2024-11-05,PROD_018,Columbia Silver Ridge,Outdoor,Ropa Montaña,70,False,2,70.9,141.8,69.32666666666667,1.0097124723531108,0,0,0,0,1,0,0,0,0,0,0,0,0,0,0,0,0,0,0,0,0,0,0,0,0,1,0,0,0,0,0,0,0,0,0,0,0,0,0,0,1,0,0,0
2024-11-05,PROD_019,Merrell Moab 2 GTX,Outdoor,Zapatillas Trail,110,False,2,106.78,213.56,106.91000000000001,1.0289028154522495,0,0,0,0,0,0,0,0,0,0,0,0,1,0,0,0,0,0,0,0,0,0,0,0,0,1,0,0,0,0,0,0,0,0,0,0,0,0,0,0,0,0,0,1
2024-11-05,PROD_020,Quechua MH500,Outdoor,Ropa Montaña,80,False,2,78.07,156.14,76.13333333333334,1.0507880910683012,0,0,0,0,0,0,0,0,0,0,0,0,0,0,0,0,0,1,0,0,0,0,0,0,0,1,0,0,0,0,0,0,0,0,0,0,0,0,0,0,1,0,0,0
2024-11-05,PROD_021,Manduka PRO Yoga Mat,Wellness,Esterilla Yoga,130,True,6,133.75,802.5,129.43,1.004403924901491,0,0,0,0,0,0,0,0,0,0,0,1,0,0,0,0,0,0,0,0,0,0,0,0,0,0,0,1,0,0,0,0,0,0,1,0,0,0,0,0,0,0,0,0
2024-11-05,PROD_022,Gaiam Premium Yoga Block,Wellness,Bloque Yoga,20,False,1,19.65,19.65,19.353333333333335,1.0334137099552185,0,0,0,0,0,0,0,0,1,0,0,0,0,0,0,0,0,0,0,0,0,0,0,0,0,0,0,1,0,0,0,1,0,0,0,0,0,0,0,0,0,0,0,0
2024-11-05,PROD_023,Liforme Yoga Pad,Wellness,Rodillera Yoga,35,False,2,35.34,70.68,33.18,1.0548523206751055,0,0,0,0,0,0,0,0,0,1,0,0,0,0,0,0,0,0,0,0,0,0,0,0,0,0,0,1,0,0,0,0,0,0,0,0,0,0,0,1,0,0,0,0
2024-11-05,PROD_024,Lotuscrafts Yoga Bolster,Wellness,Cojín Yoga,50,False,1,49.43,49.43,49.669999999999995,1.0066438494060803,0,0,0,0,0,0,0,0,0,0,1,0,0,0,0,0,0,0,0,0,0,0,0,0,0,0,0,1,0,0,0,0,1,0,0,0,0,0,0,0,0,0,0,0
2024-11-06,PROD_001,Nike Air Zoom Pegasus 40,Running,Zapatillas Running,115,True,19,115.17,2188.23,107.64333333333332,1.068342984547735,0,0,0,0,0,0,0,0,0,0,0,0,0,0,1,0,0,0,0,0,0,0,0,0,0,0,1,0,0,0,0,0,0,0,0,0,0,0,0,0,0,0,1,0
2024-11-06,PROD_002,Adidas Ultraboost 23,Running,Zapatillas Running,135,True,17,136.75,2324.75,126.37666666666667,1.068235169994461,0,1,0,0,0,0,0,0,0,0,0,0,0,0,0,0,0,0,0,0,0,0,0,0,0,0,1,0,0,0,0,0,0,0,0,0,0,0,0,0,0,0,1,0
2024-11-06,PROD_003,Asics Gel Nimbus 25,Running,Zapatillas Running,85,False,3,86.38,259.14,81.47333333333334,1.0432861467964978,0,0,1,0,0,0,0,0,0,0,0,0,0,0,0,0,0,0,0,0,0,0,0,0,0,0,1,0,0,0,0,0,0,0,0,0,0,0,0,0,0,0,1,0
2024-11-06,PROD_004,New Balance Fresh Foam X 1080v12,Running,Zapatillas Running,75,False,4,74.67,298.68,70.69999999999999,1.060820367751061,0,0,0,0,0,0,0,0,0,0,0,0,0,1,0,0,0,0,0,0,0,0,0,0,0,0,1,0,0,0,0,0,0,0,0,0,0,0,0,0,0,0,1,0
2024-11-06,PROD_005,Nike Dri-FIT Miler,Running,Ropa Running,35,False,3,34.91,104.73,34.06333333333333,1.0274977982190039,0,0,0,0,0,0,0,0,0,0,0,0,0,0,0,1,0,0,0,0,0,0,0,0,0,0,1,0,0,0,0,0,0,0,0,0,0,0,0,0,0,1,0,0
2024-11-06,PROD_006,Adidas Own The Run Jacket,Running,Ropa Running,65,False,2,64.31,128.62,64.52999999999999,1.007283434061677,1,0,0,0,0,0,0,0,0,0,0,0,0,0,0,0,0,0,0,0,0,0,0,0,0,0,1,0,0,0,0,0,0,0,0,0,0,0,0,0,0,1,0,0
2024-11-06,PROD_007,Puma Velocity Nitro 2,Running,Zapatillas Running,70,False,3,70.57,211.71,66.39,1.0543756589847868,0,0,0,0,0,0,0,0,0,0,0,0,0,0,0,0,1,0,0,0,0,0,0,0,0,0,1,0,0,0,0,0,0,0,0,0,0,0,0,0,0,0,1,0
2024-11-06,PROD_008,Reebok Floatride Energy 5,Running,Zapatillas Running,65,False,2,66.1,132.2,64.94,1.0009239297813366,0,0,0,0,0,0,0,0,0,0,0,0,0,0,0,0,0,0,1,0,0,0,0,0,0,0,1,0,0,0,0,0,0,0,0,0,0,0,0,0,0,0,1,0
2024-11-06,PROD_009,Bowflex SelectTech 552,Fitness,Mancuernas Ajustables,400,True,2,401.88,803.76,385.1033333333333,1.0386822584414575,0,0,0,1,0,0,0,0,0,0,0,0,0,0,0,0,0,0,0,0,0,0,0,0,1,0,0,0,0,0,0,0,0,0,0,1,0,0,0,0,0,0,0,0
2024-11-06,PROD_010,Domyos BM900,Fitness,Banco Gimnasio,175,True,3,180.17,540.51,176.85333333333332,0.9895205066344994,0,0,0,0,0,0,1,0,0,0,0,0,0,0,0,0,0,0,0,0,0,0,0,0,1,0,0,0,1,0,0,0,0,0,0,0,0,0,0,0,0,0,0,0
2024-11-06,PROD_011,Reebok Professional Deck,Fitness,Esterilla Fitness,45,False,4,45.2,180.8,44.45333333333334,1.0122975404919015,0,0,0,0,0,0,0,0,0,0,0,0,0,0,0,0,0,0,0,1,0,0,0,0,1,0,0,0,0,0,0,0,0,1,0,0,0,0,0,0,0,0,0,0
2024-11-06,PROD_012,Domyos Kit Mancuernas 20kg,Fitness,Pesas Casa,55,False,5,54.08,270.4,52.406666666666666,1.0494847983717084,0,0,0,0,0,0,0,1,0,0,0,0,0,0,0,0,0,0,0,0,0,0,0,0,1,0,0,0,0,0,0,0,0,0,0,0,0,0,1,0,0,0,0,0
2024-11-06,PROD_013,Decathlon Bandas Elásticas Set,Fitness,Bandas Elásticas,25,False,4,24.98,99.92,24.786666666666665,1.0086067778375472,0,0,0,0,0,1,0,0,0,0,0,0,0,0,0,0,0,0,0,0,0,0,0,0,1,0,0,0,0,1,0,0,0,0,0,0,0,0,0,0,0,0,0,0
2024-11-06,PROD_014,Sveltus Kettlebell 12kg,Fitness,Pesa Rusa,40,False,3,38.87,116.61,40.06333333333333,0.9984191696480572,0,0,0,0,0,0,0,0,0,0,0,0,0,0,0,0,0,0,0,0,0,1,0,0,1,0,0,0,0,0,0,0,0,0,0,0,0,1,0,0,0,0,0,0
2024-11-06,PROD_015,Salomon Speedcross 5 GTX,Outdoor,Zapatillas Trail,150,True,4,148.94,595.76,153.23,0.9789205769105267,0,0,0,0,0,0,0,0,0,0,0,0,0,0,0,0,0,0,0,0,1,0,0,0,0,1,0,0,0,0,0,0,0,0,0,0,0,0,0,0,0,0,0,1
2024-11-06,PROD_016,Trek Marlin 7,Outdoor,Bicicleta Montaña,830,True,4,809.05,3236.2,818.4499999999999,1.0141120410532105,0,0,0,0,0,0,0,0,0,0,0,0,0,0,0,0,0,0,0,0,0,0,0,1,0,1,0,0,0,0,1,0,0,0,0,0,0,0,0,0,0,0,0,0
2024-11-06,PROD_017,The North Face Borealis,Outdoor,Mochila Trekking,95,False,3,96.54,289.62,89.08333333333333,1.066417212347989,0,0,0,0,0,0,0,0,0,0,0,0,0,0,0,0,0,0,0,0,0,0,1,0,0,1,0,0,0,0,0,0,0,0,0,0,1,0,0,0,0,0,0,0
2024-11-06,PROD_018,Columbia Silver Ridge,Outdoor,Ropa Montaña,70,False,2,71.41,142.82,68.45333333333333,1.0225944682508765,0,0,0,0,1,0,0,0,0,0,0,0,0,0,0,0,0,0,0,0,0,0,0,0,0,1,0,0,0,0,0,0,0,0,0,0,0,0,0,0,1,0,0,0
2024-11-06,PROD_019,Merrell Moab 2 GTX,Outdoor,Zapatillas Trail,110,False,3,108.11,324.33,108.24000000000001,1.0162601626016259,0,0,0,0,0,0,0,0,0,0,0,0,1,0,0,0,0,0,0,0,0,0,0,0,0,1,0,0,0,0,0,0,0,0,0,0,0,0,0,0,0,0,0,1
2024-11-06,PROD_020,Quechua MH500,Outdoor,Ropa Montaña,80,False,2,80.0,160.0,76.67666666666666,1.043342172760075,0,0,0,0,0,0,0,0,0,0,0,0,0,0,0,0,0,1,0,0,0,0,0,0,0,1,0,0,0,0,0,0,0,0,0,0,0,0,0,0,1,0,0,0
2024-11-06,PROD_021,Manduka PRO Yoga Mat,Wellness,Esterilla Yoga,130,True,9,132.77,1194.93,130.8033333333333,0.9938584643612549,0,0,0,0,0,0,0,0,0,0,0,1,0,0,0,0,0,0,0,0,0,0,0,0,0,0,0,1,0,0,0,0,0,0,1,0,0,0,0,0,0,0,0,0
2024-11-06,PROD_022,Gaiam Premium Yoga Block,Wellness,Bloque Yoga,20,False,2,20.34,40.68,19.246666666666666,1.0391409767925182,0,0,0,0,0,0,0,0,1,0,0,0,0,0,0,0,0,0,0,0,0,0,0,0,0,0,0,1,0,0,0,1,0,0,0,0,0,0,0,0,0,0,0,0
2024-11-06,PROD_023,Liforme Yoga Pad,Wellness,Rodillera Yoga,35,False,1,34.21,34.21,34.443333333333335,1.0161618116713442,0,0,0,0,0,0,0,0,0,1,0,0,0,0,0,0,0,0,0,0,0,0,0,0,0,0,0,1,0,0,0,0,0,0,0,0,0,0,0,1,0,0,0,0
2024-11-06,PROD_024,Lotuscrafts Yoga Bolster,Wellness,Cojín Yoga,50,False,1,49.28,49.28,49.376666666666665,1.0126240464456897,0,0,0,0,0,0,0,0,0,0,1,0,0,0,0,0,0,0,0,0,0,0,0,0,0,0,0,1,0,0,0,0,1,0,0,0,0,0,0,0,0,0,0,0
2024-11-07,PROD_001,Nike Air Zoom Pegasus 40,Running,Zapatillas Running,115,True,17,113.02,1921.34,107.14333333333333,1.0733285629841645,0,0,0,0,0,0,0,0,0,0,0,0,0,0,1,0,0,0,0,0,0,0,0,0,0,0,1,0,0,0,0,0,0,0,0,0,0,0,0,0,0,0,1,0
2024-11-07,PROD_002,Adidas Ultraboost 23,Running,Zapatillas Running,135,True,15,132.03,1980.45,126.01333333333334,1.071315204740239,0,1,0,0,0,0,0,0,0,0,0,0,0,0,0,0,0,0,0,0,0,0,0,0,0,0,1,0,0,0,0,0,0,0,0,0,0,0,0,0,0,0,1,0
2024-11-07,PROD_003,Asics Gel Nimbus 25,Running,Zapatillas Running,85,False,3,86.37,259.11,79.97333333333333,1.0628542847615872,0,0,1,0,0,0,0,0,0,0,0,0,0,0,0,0,0,0,0,0,0,0,0,0,0,0,1,0,0,0,0,0,0,0,0,0,0,0,0,0,0,0,1,0
2024-11-07,PROD_004,New Balance Fresh Foam X 1080v12,Running,Zapatillas Running,75,False,3,76.88,230.64,70.61666666666666,1.062072220911022,0,0,0,0,0,0,0,0,0,0,0,0,0,1,0,0,0,0,0,0,0,0,0,0,0,0,1,0,0,0,0,0,0,0,0,0,0,0,0,0,0,0,1,0
2024-11-07,PROD_005,Nike Dri-FIT Miler,Running,Ropa Running,35,False,3,33.97,101.91,33.85666666666666,1.0337698139214337,0,0,0,0,0,0,0,0,0,0,0,0,0,0,0,1,0,0,0,0,0,0,0,0,0,0,1,0,0,0,0,0,0,0,0,0,0,0,0,0,0,1,0,0
2024-11-07,PROD_006,Adidas Own The Run Jacket,Running,Ropa Running,65,False,2,64.15,128.3,60.70333333333334,1.070781395859645,1,0,0,0,0,0,0,0,0,0,0,0,0,0,0,0,0,0,0,0,0,0,0,0,0,0,1,0,0,0,0,0,0,0,0,0,0,0,0,0,0,1,0,0
2024-11-07,PROD_007,Puma Velocity Nitro 2,Running,Zapatillas Running,70,False,2,69.43,138.86,65.71333333333332,1.0652328294612967,0,0,0,0,0,0,0,0,0,0,0,0,0,0,0,0,1,0,0,0,0,0,0,0,0,0,1,0,0,0,0,0,0,0,0,0,0,0,0,0,0,0,1,0
2024-11-07,PROD_008,Reebok Floatride Energy 5,Running,Zapatillas Running,65,False,2,64.61,129.22,64.01666666666667,1.0153605831814632,0,0,0,0,0,0,0,0,0,0,0,0,0,0,0,0,0,0,1,0,0,0,0,0,0,0,1,0,0,0,0,0,0,0,0,0,0,0,0,0,0,0,1,0
2024-11-07,PROD_009,Bowflex SelectTech 552,Fitness,Mancuernas Ajustables,400,True,2,403.0,806.0,385.0466666666666,1.0388351195526084,0,0,0,1,0,0,0,0,0,0,0,0,0,0,0,0,0,0,0,0,0,0,0,0,1,0,0,0,0,0,0,0,0,0,0,1,0,0,0,0,0,0,0,0
2024-11-07,PROD_010,Domyos BM900,Fitness,Banco Gimnasio,175,True,3,175.49,526.47,178.20333333333335,0.982024279381231,0,0,0,0,0,0,1,0,0,0,0,0,0,0,0,0,0,0,0,0,0,0,0,0,1,0,0,0,1,0,0,0,0,0,0,0,0,0,0,0,0,0,0,0
2024-11-07,PROD_011,Reebok Professional Deck,Fitness,Esterilla Fitness,45,False,3,44.65,133.95,45.26,0.9942554131683606,0,0,0,0,0,0,0,0,0,0,0,0,0,0,0,0,0,0,0,1,0,0,0,0,1,0,0,0,0,0,0,0,0,1,0,0,0,0,0,0,0,0,0,0
2024-11-07,PROD_012,Domyos Kit Mancuernas 20kg,Fitness,Pesas Casa,55,False,3,56.03,168.09,54.473333333333336,1.009668339248562,0,0,0,0,0,0,0,1,0,0,0,0,0,0,0,0,0,0,0,0,0,0,0,0,1,0,0,0,0,0,0,0,0,0,0,0,0,0,1,0,0,0,0,0
2024-11-07,PROD_013,Decathlon Bandas Elásticas Set,Fitness,Bandas Elásticas,25,False,3,25.39,76.17,24.819999999999997,1.0072522159548751,0,0,0,0,0,1,0,0,0,0,0,0,0,0,0,0,0,0,0,0,0,0,0,0,1,0,0,0,0,1,0,0,0,0,0,0,0,0,0,0,0,0,0,0
2024-11-07,PROD_014,Sveltus Kettlebell 12kg,Fitness,Pesa Rusa,40,False,3,39.73,119.19,40.72666666666667,0.9821574725814373,0,0,0,0,0,0,0,0,0,0,0,0,0,0,0,0,0,0,0,0,0,1,0,0,1,0,0,0,0,0,0,0,0,0,0,0,0,1,0,0,0,0,0,0
2024-11-07,PROD_015,Salomon Speedcross 5 GTX,Outdoor,Zapatillas Trail,150,True,3,152.79,458.37,152.75333333333333,0.9819752978658404,0,0,0,0,0,0,0,0,0,0,0,0,0,0,0,0,0,0,0,0,1,0,0,0,0,1,0,0,0,0,0,0,0,0,0,0,0,0,0,0,0,0,0,1
2024-11-07,PROD_016,Trek Marlin 7,Outdoor,Bicicleta Montaña,830,True,4,807.02,3228.08,828.4533333333334,1.0018669327582321,0,0,0,0,0,0,0,0,0,0,0,0,0,0,0,0,0,0,0,0,0,0,0,1,0,1,0,0,0,0,1,0,0,0,0,0,0,0,0,0,0,0,0,0
2024-11-07,PROD_017,The North Face Borealis,Outdoor,Mochila Trekking,95,False,3,94.05,282.15,91.55666666666667,1.037608766883897,0,0,0,0,0,0,0,0,0,0,0,0,0,0,0,0,0,0,0,0,0,0,1,0,0,1,0,0,0,0,0,0,0,0,0,0,1,0,0,0,0,0,0,0
2024-11-07,PROD_018,Columbia Silver Ridge,Outdoor,Ropa Montaña,70,False,2,69.07,138.14,67.79,1.0326006785661601,0,0,0,0,1,0,0,0,0,0,0,0,0,0,0,0,0,0,0,0,0,0,0,0,0,1,0,0,0,0,0,0,0,0,0,0,0,0,0,0,1,0,0,0
2024-11-07,PROD_019,Merrell Moab 2 GTX,Outdoor,Zapatillas Trail,110,False,2,112.49,224.98,103.79666666666667,1.059764282732265,0,0,0,0,0,0,0,0,0,0,0,0,1,0,0,0,0,0,0,0,0,0,0,0,0,1,0,0,0,0,0,0,0,0,0,0,0,0,0,0,0,0,0,1
2024-11-07,PROD_020,Quechua MH500,Outdoor,Ropa Montaña,80,False,2,80.53,161.06,75.93666666666667,1.0535095035336464,0,0,0,0,0,0,0,0,0,0,0,0,0,0,0,0,0,1,0,0,0,0,0,0,0,1,0,0,0,0,0,0,0,0,0,0,0,0,0,0,1,0,0,0
2024-11-07,PROD_021,Manduka PRO Yoga Mat,Wellness,Esterilla Yoga,130,True,6,128.4,770.4,132.64333333333332,0.9800718719372755,0,0,0,0,0,0,0,0,0,0,0,1,0,0,0,0,0,0,0,0,0,0,0,0,0,0,0,1,0,0,0,0,0,0,1,0,0,0,0,0,0,0,0,0
2024-11-07,PROD_022,Gaiam Premium Yoga Block,Wellness,Bloque Yoga,20,False,2,19.77,39.54,19.88,1.006036217303823,0,0,0,0,0,0,0,0,1,0,0,0,0,0,0,0,0,0,0,0,0,0,0,0,0,0,0,1,0,0,0,1,0,0,0,0,0,0,0,0,0,0,0,0
2024-11-07,PROD_023,Liforme Yoga Pad,Wellness,Rodillera Yoga,35,False,2,34.29,68.58,33.75,1.037037037037037,0,0,0,0,0,0,0,0,0,1,0,0,0,0,0,0,0,0,0,0,0,0,0,0,0,0,0,1,0,0,0,0,0,0,0,0,0,0,0,1,0,0,0,0
2024-11-07,PROD_024,Lotuscrafts Yoga Bolster,Wellness,Cojín Yoga,50,False,1,50.96,50.96,48.4,1.0330578512396695,0,0,0,0,0,0,0,0,0,0,1,0,0,0,0,0,0,0,0,0,0,0,0,0,0,0,0,1,0,0,0,0,1,0,0,0,0,0,0,0,0,0,0,0
2024-11-08,PROD_001,Nike Air Zoom Pegasus 40,Running,Zapatillas Running,115,True,16,113.95,1823.2,107.41000000000001,1.070663811563169,0,0,0,0,0,0,0,0,0,0,0,0,0,0,1,0,0,0,0,0,0,0,0,0,0,0,1,0,0,0,0,0,0,0,0,0,0,0,0,0,0,0,1,0
2024-11-08,PROD_002,Adidas Ultraboost 23,Running,Zapatillas Running,135,True,18,131.69,2370.42,125.62333333333333,1.0746411229336377,0,1,0,0,0,0,0,0,0,0,0,0,0,0,0,0,0,0,0,0,0,0,0,0,0,0,1,0,0,0,0,0,0,0,0,0,0,0,0,0,0,0,1,0
2024-11-08,PROD_003,Asics Gel Nimbus 25,Running,Zapatillas Running,85,False,4,85.26,341.04,84.62333333333333,1.0044510970181588,0,0,1,0,0,0,0,0,0,0,0,0,0,0,0,0,0,0,0,0,0,0,0,0,0,0,1,0,0,0,0,0,0,0,0,0,0,0,0,0,0,0,1,0
2024-11-08,PROD_004,New Balance Fresh Foam X 1080v12,Running,Zapatillas Running,75,False,3,76.07,228.21,73.01666666666667,1.0271627482309975,0,0,0,0,0,0,0,0,0,0,0,0,0,1,0,0,0,0,0,0,0,0,0,0,0,0,1,0,0,0,0,0,0,0,0,0,0,0,0,0,0,0,1,0
2024-11-08,PROD_005,Nike Dri-FIT Miler,Running,Ropa Running,35,False,3,34.36,103.08,34.03,1.0285042609462238,0,0,0,0,0,0,0,0,0,0,0,0,0,0,0,1,0,0,0,0,0,0,0,0,0,0,1,0,0,0,0,0,0,0,0,0,0,0,0,0,0,1,0,0
2024-11-08,PROD_006,Adidas Own The Run Jacket,Running,Ropa Running,65,False,3,63.91,191.73,64.41666666666667,1.0090556274256144,1,0,0,0,0,0,0,0,0,0,0,0,0,0,0,0,0,0,0,0,0,0,0,0,0,0,1,0,0,0,0,0,0,0,0,0,0,0,0,0,0,1,0,0
2024-11-08,PROD_007,Puma Velocity Nitro 2,Running,Zapatillas Running,70,False,3,69.75,209.25,67.16333333333333,1.0422353466673284,0,0,0,0,0,0,0,0,0,0,0,0,0,0,0,0,1,0,0,0,0,0,0,0,0,0,1,0,0,0,0,0,0,0,0,0,0,0,0,0,0,0,1,0
2024-11-08,PROD_008,Reebok Floatride Energy 5,Running,Zapatillas Running,65,False,2,63.97,127.94,62.36333333333332,1.0422791170025123,0,0,0,0,0,0,0,0,0,0,0,0,0,0,0,0,0,0,1,0,0,0,0,0,0,0,1,0,0,0,0,0,0,0,0,0,0,0,0,0,0,0,1,0
2024-11-08,PROD_009,Bowflex SelectTech 552,Fitness,Mancuernas Ajustables,400,True,3,404.04,1212.12,384.74666666666667,1.0396451344607707,0,0,0,1,0,0,0,0,0,0,0,0,0,0,0,0,0,0,0,0,0,0,0,0,1,0,0,0,0,0,0,0,0,0,0,1,0,0,0,0,0,0,0,0
2024-11-08,PROD_010,Domyos BM900,Fitness,Banco Gimnasio,175,True,3,173.51,520.53,179.50666666666666,0.9748941543489564,0,0,0,0,0,0,1,0,0,0,0,0,0,0,0,0,0,0,0,0,0,0,0,0,1,0,0,0,1,0,0,0,0,0,0,0,0,0,0,0,0,0,0,0
2024-11-08,PROD_011,Reebok Professional Deck,Fitness,Esterilla Fitness,45,False,5,44.33,221.65,43.42333333333334,1.036309203961004,0,0,0,0,0,0,0,0,0,0,0,0,0,0,0,0,0,0,0,1,0,0,0,0,1,0,0,0,0,0,0,0,0,1,0,0,0,0,0,0,0,0,0,0
2024-11-08,PROD_012,Domyos Kit Mancuernas 20kg,Fitness,Pesas Casa,55,False,4,55.21,220.84,54.73,1.0049333089713137,0,0,0,0,0,0,0,1,0,0,0,0,0,0,0,0,0,0,0,0,0,0,0,0,1,0,0,0,0,0,0,0,0,0,0,0,0,0,1,0,0,0,0,0
2024-11-08,PROD_013,Decathlon Bandas Elásticas Set,Fitness,Bandas Elásticas,25,False,4,25.34,101.36,23.613333333333333,1.0587238848108413,0,0,0,0,0,1,0,0,0,0,0,0,0,0,0,0,0,0,0,0,0,0,0,0,1,0,0,0,0,1,0,0,0,0,0,0,0,0,0,0,0,0,0,0
2024-11-08,PROD_014,Sveltus Kettlebell 12kg,Fitness,Pesa Rusa,40,False,4,40.89,163.56,40.24333333333333,0.9939534498467656,0,0,0,0,0,0,0,0,0,0,0,0,0,0,0,0,0,0,0,0,0,1,0,0,1,0,0,0,0,0,0,0,0,0,0,0,0,1,0,0,0,0,0,0
2024-11-08,PROD_015,Salomon Speedcross 5 GTX,Outdoor,Zapatillas Trail,150,True,5,152.51,762.55,148.87333333333333,1.0075679548609555,0,0,0,0,0,0,0,0,0,0,0,0,0,0,0,0,0,0,0,0,1,0,0,0,0,1,0,0,0,0,0,0,0,0,0,0,0,0,0,0,0,0,0,1
2024-11-08,PROD_016,Trek Marlin 7,Outdoor,Bicicleta Montaña,830,True,4,838.3,3353.2,820.9833333333332,1.0109827645709415,0,0,0,0,0,0,0,0,0,0,0,0,0,0,0,0,0,0,0,0,0,0,0,1,0,1,0,0,0,0,1,0,0,0,0,0,0,0,0,0,0,0,0,0
2024-11-08,PROD_017,The North Face Borealis,Outdoor,Mochila Trekking,95,False,2,95.3,190.6,91.77666666666669,1.0351214905749462,0,0,0,0,0,0,0,0,0,0,0,0,0,0,0,0,0,0,0,0,0,0,1,0,0,1,0,0,0,0,0,0,0,0,0,0,1,0,0,0,0,0,0,0
2024-11-08,PROD_018,Columbia Silver Ridge,Outdoor,Ropa Montaña,70,False,2,69.04,138.08,68.08666666666666,1.0281014393420151,0,0,0,0,1,0,0,0,0,0,0,0,0,0,0,0,0,0,0,0,0,0,0,0,0,1,0,0,0,0,0,0,0,0,0,0,0,0,0,0,1,0,0,0
2024-11-08,PROD_019,Merrell Moab 2 GTX,Outdoor,Zapatillas Trail,110,False,2,110.87,221.74,106.48333333333335,1.0330255125997807,0,0,0,0,0,0,0,0,0,0,0,0,1,0,0,0,0,0,0,0,0,0,0,0,0,1,0,0,0,0,0,0,0,0,0,0,0,0,0,0,0,0,0,1
2024-11-08,PROD_020,Quechua MH500,Outdoor,Ropa Montaña,80,False,2,81.75,163.5,78.94999999999999,1.013299556681444,0,0,0,0,0,0,0,0,0,0,0,0,0,0,0,0,0,1,0,0,0,0,0,0,0,1,0,0,0,0,0,0,0,0,0,0,0,0,0,0,1,0,0,0
2024-11-08,PROD_021,Manduka PRO Yoga Mat,Wellness,Esterilla Yoga,130,True,7,132.07,924.49,128.68666666666667,1.010205667512822,0,0,0,0,0,0,0,0,0,0,0,1,0,0,0,0,0,0,0,0,0,0,0,0,0,0,0,1,0,0,0,0,0,0,1,0,0,0,0,0,0,0,0,0
2024-11-08,PROD_022,Gaiam Premium Yoga Block,Wellness,Bloque Yoga,20,False,2,20.32,40.64,19.286666666666665,1.0369858278603525,0,0,0,0,0,0,0,0,1,0,0,0,0,0,0,0,0,0,0,0,0,0,0,0,0,0,0,1,0,0,0,1,0,0,0,0,0,0,0,0,0,0,0,0
2024-11-08,PROD_023,Liforme Yoga Pad,Wellness,Rodillera Yoga,35,False,2,34.71,69.42,33.16,1.0554885404101328,0,0,0,0,0,0,0,0,0,1,0,0,0,0,0,0,0,0,0,0,0,0,0,0,0,0,0,1,0,0,0,0,0,0,0,0,0,0,0,1,0,0,0,0
2024-11-08,PROD_024,Lotuscrafts Yoga Bolster,Wellness,Cojín Yoga,50,False,2,50.28,100.56,48.76333333333334,1.025360585139107,0,0,0,0,0,0,0,0,0,0,1,0,0,0,0,0,0,0,0,0,0,0,0,0,0,0,0,1,0,0,0,0,1,0,0,0,0,0,0,0,0,0,0,0
2024-11-09,PROD_001,Nike Air Zoom Pegasus 40,Running,Zapatillas Running,115,True,15,116.49,1747.35,105.61666666666667,1.0888433012466465,0,0,0,0,0,0,0,0,0,0,0,0,0,0,1,0,0,0,0,0,0,0,0,0,0,0,1,0,0,0,0,0,0,0,0,0,0,0,0,0,0,0,1,0
2024-11-09,PROD_002,Adidas Ultraboost 23,Running,Zapatillas Running,135,True,20,133.75,2675.0,126.77,1.064920722568431,0,1,0,0,0,0,0,0,0,0,0,0,0,0,0,0,0,0,0,0,0,0,0,0,0,0,1,0,0,0,0,0,0,0,0,0,0,0,0,0,0,0,1,0
2024-11-09,PROD_003,Asics Gel Nimbus 25,Running,Zapatillas Running,85,False,4,84.06,336.24,85.10666666666667,0.9987466708444305,0,0,1,0,0,0,0,0,0,0,0,0,0,0,0,0,0,0,0,0,0,0,0,0,0,0,1,0,0,0,0,0,0,0,0,0,0,0,0,0,0,0,1,0
2024-11-09,PROD_004,New Balance Fresh Foam X 1080v12,Running,Zapatillas Running,75,False,5,75.5,377.5,72.68666666666665,1.031826102907457,0,0,0,0,0,0,0,0,0,0,0,0,0,1,0,0,0,0,0,0,0,0,0,0,0,0,1,0,0,0,0,0,0,0,0,0,0,0,0,0,0,0,1,0
2024-11-09,PROD_005,Nike Dri-FIT Miler,Running,Ropa Running,35,False,3,35.73,107.19,32.51,1.076591817902184,0,0,0,0,0,0,0,0,0,0,0,0,0,0,0,1,0,0,0,0,0,0,0,0,0,0,1,0,0,0,0,0,0,0,0,0,0,0,0,0,0,1,0,0
2024-11-09,PROD_006,Adidas Own The Run Jacket,Running,Ropa Running,65,False,3,63.1,189.3,62.583333333333336,1.0386151797603196,1,0,0,0,0,0,0,0,0,0,0,0,0,0,0,0,0,0,0,0,0,0,0,0,0,0,1,0,0,0,0,0,0,0,0,0,0,0,0,0,0,1,0,0
2024-11-09,PROD_007,Puma Velocity Nitro 2,Running,Zapatillas Running,70,False,3,68.57,205.71,67.78,1.0327530244910004,0,0,0,0,0,0,0,0,0,0,0,0,0,0,0,0,1,0,0,0,0,0,0,0,0,0,1,0,0,0,0,0,0,0,0,0,0,0,0,0,0,0,1,0
2024-11-09,PROD_008,Reebok Floatride Energy 5,Running,Zapatillas Running,65,False,3,63.37,190.11,60.629999999999995,1.0720765297707406,0,0,0,0,0,0,0,0,0,0,0,0,0,0,0,0,0,0,1,0,0,0,0,0,0,0,1,0,0,0,0,0,0,0,0,0,0,0,0,0,0,0,1,0
2024-11-09,PROD_009,Bowflex SelectTech 552,Fitness,Mancuernas Ajustables,400,True,3,411.3,1233.9,390.5366666666667,1.0242316129087323,0,0,0,1,0,0,0,0,0,0,0,0,0,0,0,0,0,0,0,0,0,0,0,0,1,0,0,0,0,0,0,0,0,0,0,1,0,0,0,0,0,0,0,0
2024-11-09,PROD_010,Domyos BM900,Fitness,Banco Gimnasio,175,True,3,175.79,527.37,178.81333333333336,0.9786742226530458,0,0,0,0,0,0,1,0,0,0,0,0,0,0,0,0,0,0,0,0,0,0,0,0,1,0,0,0,1,0,0,0,0,0,0,0,0,0,0,0,0,0,0,0
2024-11-09,PROD_011,Reebok Professional Deck,Fitness,Esterilla Fitness,45,False,5,43.76,218.8,43.879999999999995,1.025524156791249,0,0,0,0,0,0,0,0,0,0,0,0,0,0,0,0,0,0,0,1,0,0,0,0,1,0,0,0,0,0,0,0,0,1,0,0,0,0,0,0,0,0,0,0
2024-11-09,PROD_012,Domyos Kit Mancuernas 20kg,Fitness,Pesas Casa,55,False,4,54.65,218.6,52.50333333333333,1.0475525363468987,0,0,0,0,0,0,0,1,0,0,0,0,0,0,0,0,0,0,0,0,0,0,0,0,1,0,0,0,0,0,0,0,0,0,0,0,0,0,1,0,0,0,0,0
2024-11-09,PROD_013,Decathlon Bandas Elásticas Set,Fitness,Bandas Elásticas,25,False,4,25.54,102.16,23.75,1.0526315789473684,0,0,0,0,0,1,0,0,0,0,0,0,0,0,0,0,0,0,0,0,0,0,0,0,1,0,0,0,0,1,0,0,0,0,0,0,0,0,0,0,0,0,0,0
2024-11-09,PROD_014,Sveltus Kettlebell 12kg,Fitness,Pesa Rusa,40,False,4,39.32,157.28,38.876666666666665,1.0288947955071595,0,0,0,0,0,0,0,0,0,0,0,0,0,0,0,0,0,0,0,0,0,1,0,0,1,0,0,0,0,0,0,0,0,0,0,0,0,1,0,0,0,0,0,0
2024-11-09,PROD_015,Salomon Speedcross 5 GTX,Outdoor,Zapatillas Trail,150,True,7,147.44,1032.08,151.53333333333333,0.9898812142542895,0,0,0,0,0,0,0,0,0,0,0,0,0,0,0,0,0,0,0,0,1,0,0,0,0,1,0,0,0,0,0,0,0,0,0,0,0,0,0,0,0,0,0,1
2024-11-09,PROD_016,Trek Marlin 7,Outdoor,Bicicleta Montaña,830,True,5,818.48,4092.4,822.2400000000001,1.009437633780891,0,0,0,0,0,0,0,0,0,0,0,0,0,0,0,0,0,0,0,0,0,0,0,1,0,1,0,0,0,0,1,0,0,0,0,0,0,0,0,0,0,0,0,0
2024-11-09,PROD_017,The North Face Borealis,Outdoor,Mochila Trekking,95,False,3,94.65,283.95,91.91000000000001,1.0336198455010335,0,0,0,0,0,0,0,0,0,0,0,0,0,0,0,0,0,0,0,0,0,0,1,0,0,1,0,0,0,0,0,0,0,0,0,0,1,0,0,0,0,0,0,0
2024-11-09,PROD_018,Columbia Silver Ridge,Outdoor,Ropa Montaña,70,False,2,71.09,142.18,66.88333333333334,1.0465985546972338,0,0,0,0,1,0,0,0,0,0,0,0,0,0,0,0,0,0,0,0,0,0,0,0,0,1,0,0,0,0,0,0,0,0,0,0,0,0,0,0,1,0,0,0
2024-11-09,PROD_019,Merrell Moab 2 GTX,Outdoor,Zapatillas Trail,110,False,4,109.53,438.12,108.81666666666666,1.0108745596569153,0,0,0,0,0,0,0,0,0,0,0,0,1,0,0,0,0,0,0,0,0,0,0,0,0,1,0,0,0,0,0,0,0,0,0,0,0,0,0,0,0,0,0,1
2024-11-09,PROD_020,Quechua MH500,Outdoor,Ropa Montaña,80,False,3,81.26,243.78,81.36666666666667,0.9832036050798852,0,0,0,0,0,0,0,0,0,0,0,0,0,0,0,0,0,1,0,0,0,0,0,0,0,1,0,0,0,0,0,0,0,0,0,0,0,0,0,0,1,0,0,0
2024-11-09,PROD_021,Manduka PRO Yoga Mat,Wellness,Esterilla Yoga,130,True,9,127.56,1148.04,128.93666666666664,1.0082469429435643,0,0,0,0,0,0,0,0,0,0,0,1,0,0,0,0,0,0,0,0,0,0,0,0,0,0,0,1,0,0,0,0,0,0,1,0,0,0,0,0,0,0,0,0
2024-11-09,PROD_022,Gaiam Premium Yoga Block,Wellness,Bloque Yoga,20,False,2,19.95,39.9,20.036666666666665,0.9981700216270172,0,0,0,0,0,0,0,0,1,0,0,0,0,0,0,0,0,0,0,0,0,0,0,0,0,0,0,1,0,0,0,1,0,0,0,0,0,0,0,0,0,0,0,0
2024-11-09,PROD_023,Liforme Yoga Pad,Wellness,Rodillera Yoga,35,False,2,35.34,70.68,32.61333333333334,1.0731807031888796,0,0,0,0,0,0,0,0,0,1,0,0,0,0,0,0,0,0,0,0,0,0,0,0,0,0,0,1,0,0,0,0,0,0,0,0,0,0,0,1,0,0,0,0
2024-11-09,PROD_024,Lotuscrafts Yoga Bolster,Wellness,Cojín Yoga,50,False,2,48.99,97.98,46.72,1.0702054794520548,0,0,0,0,0,0,0,0,0,0,1,0,0,0,0,0,0,0,0,0,0,0,0,0,0,0,0,1,0,0,0,0,1,0,0,0,0,0,0,0,0,0,0,0
2024-11-10,PROD_001,Nike Air Zoom Pegasus 40,Running,Zapatillas Running,115,True,18,114.32,2057.76,105.85666666666667,1.0863746575558144,0,0,0,0,0,0,0,0,0,0,0,0,0,0,1,0,0,0,0,0,0,0,0,0,0,0,1,0,0,0,0,0,0,0,0,0,0,0,0,0,0,0,1,0
2024-11-10,PROD_002,Adidas Ultraboost 23,Running,Zapatillas Running,135,True,14,135.37,1895.18,127.27333333333333,1.0607092347179299,0,1,0,0,0,0,0,0,0,0,0,0,0,0,0,0,0,0,0,0,0,0,0,0,0,0,1,0,0,0,0,0,0,0,0,0,0,0,0,0,0,0,1,0
2024-11-10,PROD_003,Asics Gel Nimbus 25,Running,Zapatillas Running,85,False,3,85.65,256.95,83.61666666666667,1.0165437512457642,0,0,1,0,0,0,0,0,0,0,0,0,0,0,0,0,0,0,0,0,0,0,0,0,0,0,1,0,0,0,0,0,0,0,0,0,0,0,0,0,0,0,1,0
2024-11-10,PROD_004,New Balance Fresh Foam X 1080v12,Running,Zapatillas Running,75,False,4,76.21,304.84,75.22333333333333,0.9970310630566758,0,0,0,0,0,0,0,0,0,0,0,0,0,1,0,0,0,0,0,0,0,0,0,0,0,0,1,0,0,0,0,0,0,0,0,0,0,0,0,0,0,0,1,0
2024-11-10,PROD_005,Nike Dri-FIT Miler,Running,Ropa Running,35,False,3,35.59,106.77,34.833333333333336,1.0047846889952152,0,0,0,0,0,0,0,0,0,0,0,0,0,0,0,1,0,0,0,0,0,0,0,0,0,0,1,0,0,0,0,0,0,0,0,0,0,0,0,0,0,1,0,0
2024-11-10,PROD_006,Adidas Own The Run Jacket,Running,Ropa Running,65,False,3,66.9,200.7,61.800000000000004,1.0517799352750807,1,0,0,0,0,0,0,0,0,0,0,0,0,0,0,0,0,0,0,0,0,0,0,0,0,0,1,0,0,0,0,0,0,0,0,0,0,0,0,0,0,1,0,0
2024-11-10,PROD_007,Puma Velocity Nitro 2,Running,Zapatillas Running,70,False,3,70.6,211.8,67.41666666666667,1.03831891223733,0,0,0,0,0,0,0,0,0,0,0,0,0,0,0,0,1,0,0,0,0,0,0,0,0,0,1,0,0,0,0,0,0,0,0,0,0,0,0,0,0,0,1,0
2024-11-10,PROD_008,Reebok Floatride Energy 5,Running,Zapatillas Running,65,False,3,65.44,196.32,63.77,1.0192880664889445,0,0,0,0,0,0,0,0,0,0,0,0,0,0,0,0,0,0,1,0,0,0,0,0,0,0,1,0,0,0,0,0,0,0,0,0,0,0,0,0,0,0,1,0
2024-11-10,PROD_009,Bowflex SelectTech 552,Fitness,Mancuernas Ajustables,400,True,2,399.3,798.6,383.34999999999997,1.0434328942219904,0,0,0,1,0,0,0,0,0,0,0,0,0,0,0,0,0,0,0,0,0,0,0,0,1,0,0,0,0,0,0,0,0,0,0,1,0,0,0,0,0,0,0,0
2024-11-10,PROD_010,Domyos BM900,Fitness,Banco Gimnasio,175,True,3,179.25,537.75,178.88,0.978309481216458,0,0,0,0,0,0,1,0,0,0,0,0,0,0,0,0,0,0,0,0,0,0,0,0,1,0,0,0,1,0,0,0,0,0,0,0,0,0,0,0,0,0,0,0
2024-11-10,PROD_011,Reebok Professional Deck,Fitness,Esterilla Fitness,45,False,4,45.63,182.52,43.49,1.0347206254311336,0,0,0,0,0,0,0,0,0,0,0,0,0,0,0,0,0,0,0,1,0,0,0,0,1,0,0,0,0,0,0,0,0,1,0,0,0,0,0,0,0,0,0,0
2024-11-10,PROD_012,Domyos Kit Mancuernas 20kg,Fitness,Pesas Casa,55,False,4,55.39,221.56,54.336666666666666,1.0122078400098153,0,0,0,0,0,0,0,1,0,0,0,0,0,0,0,0,0,0,0,0,0,0,0,0,1,0,0,0,0,0,0,0,0,0,0,0,0,0,1,0,0,0,0,0
2024-11-10,PROD_013,Decathlon Bandas Elásticas Set,Fitness,Bandas Elásticas,25,False,4,24.75,99.0,25.203333333333333,0.9919322840894061,0,0,0,0,0,1,0,0,0,0,0,0,0,0,0,0,0,0,0,0,0,0,0,0,1,0,0,0,0,1,0,0,0,0,0,0,0,0,0,0,0,0,0,0
2024-11-10,PROD_014,Sveltus Kettlebell 12kg,Fitness,Pesa Rusa,40,False,5,39.07,195.35,38.54666666666666,1.0377032168799725,0,0,0,0,0,0,0,0,0,0,0,0,0,0,0,0,0,0,0,0,0,1,0,0,1,0,0,0,0,0,0,0,0,0,0,0,0,1,0,0,0,0,0,0
2024-11-10,PROD_015,Salomon Speedcross 5 GTX,Outdoor,Zapatillas Trail,150,True,6,150.27,901.62,149.12333333333333,1.005878802780696,0,0,0,0,0,0,0,0,0,0,0,0,0,0,0,0,0,0,0,0,1,0,0,0,0,1,0,0,0,0,0,0,0,0,0,0,0,0,0,0,0,0,0,1
2024-11-10,PROD_016,Trek Marlin 7,Outdoor,Bicicleta Montaña,830,True,4,830.13,3320.52,833.1666666666666,0.9961992398479697,0,0,0,0,0,0,0,0,0,0,0,0,0,0,0,0,0,0,0,0,0,0,0,1,0,1,0,0,0,0,1,0,0,0,0,0,0,0,0,0,0,0,0,0
2024-11-10,PROD_017,The North Face Borealis,Outdoor,Mochila Trekking,95,False,3,94.89,284.67,93.82666666666667,1.0125053289754156,0,0,0,0,0,0,0,0,0,0,0,0,0,0,0,0,0,0,0,0,0,0,1,0,0,1,0,0,0,0,0,0,0,0,0,0,1,0,0,0,0,0,0,0
2024-11-10,PROD_018,Columbia Silver Ridge,Outdoor,Ropa Montaña,70,False,3,72.07,216.21,69.18,1.0118531367447239,0,0,0,0,1,0,0,0,0,0,0,0,0,0,0,0,0,0,0,0,0,0,0,0,0,1,0,0,0,0,0,0,0,0,0,0,0,0,0,0,1,0,0,0
2024-11-10,PROD_019,Merrell Moab 2 GTX,Outdoor,Zapatillas Trail,110,False,2,109.02,218.04,106.14,1.0363670623704542,0,0,0,0,0,0,0,0,0,0,0,0,1,0,0,0,0,0,0,0,0,0,0,0,0,1,0,0,0,0,0,0,0,0,0,0,0,0,0,0,0,0,0,1
2024-11-10,PROD_020,Quechua MH500,Outdoor,Ropa Montaña,80,False,2,81.46,162.92,81.08,0.986679822397632,0,0,0,0,0,0,0,0,0,0,0,0,0,0,0,0,0,1,0,0,0,0,0,0,0,1,0,0,0,0,0,0,0,0,0,0,0,0,0,0,1,0,0,0
2024-11-10,PROD_021,Manduka PRO Yoga Mat,Wellness,Esterilla Yoga,130,True,6,132.23,793.38,131.29666666666665,0.9901241463352713,0,0,0,0,0,0,0,0,0,0,0,1,0,0,0,0,0,0,0,0,0,0,0,0,0,0,0,1,0,0,0,0,0,0,1,0,0,0,0,0,0,0,0,0
2024-11-10,PROD_022,Gaiam Premium Yoga Block,Wellness,Bloque Yoga,20,False,2,20.59,41.18,20.026666666666667,0.9986684420772304,0,0,0,0,0,0,0,0,1,0,0,0,0,0,0,0,0,0,0,0,0,0,0,0,0,0,0,1,0,0,0,1,0,0,0,0,0,0,0,0,0,0,0,0
2024-11-10,PROD_023,Liforme Yoga Pad,Wellness,Rodillera Yoga,35,False,2,35.93,71.86,34.699999999999996,1.0086455331412105,0,0,0,0,0,0,0,0,0,1,0,0,0,0,0,0,0,0,0,0,0,0,0,0,0,0,0,1,0,0,0,0,0,0,0,0,0,0,0,1,0,0,0,0
2024-11-10,PROD_024,Lotuscrafts Yoga Bolster,Wellness,Cojín Yoga,50,False,1,51.17,51.17,49.18000000000001,1.0166734444896297,0,0,0,0,0,0,0,0,0,0,1,0,0,0,0,0,0,0,0,0,0,0,0,0,0,0,0,1,0,0,0,0,1,0,0,0,0,0,0,0,0,0,0,0
2024-11-11,PROD_001,Nike Air Zoom Pegasus 40,Running,Zapatillas Running,115,True,18,114.96,2069.28,105.73,1.0876761562470443,0,0,0,0,0,0,0,0,0,0,0,0,0,0,1,0,0,0,0,0,0,0,0,0,0,0,1,0,0,0,0,0,0,0,0,0,0,0,0,0,0,0,1,0
2024-11-11,PROD_002,Adidas Ultraboost 23,Running,Zapatillas Running,135,True,17,136.21,2315.57,127.81,1.0562553790783193,0,1,0,0,0,0,0,0,0,0,0,0,0,0,0,0,0,0,0,0,0,0,0,0,0,0,1,0,0,0,0,0,0,0,0,0,0,0,0,0,0,0,1,0
2024-11-11,PROD_003,Asics Gel Nimbus 25,Running,Zapatillas Running,85,False,3,85.39,256.17,81.03333333333335,1.0489510489510487,0,0,1,0,0,0,0,0,0,0,0,0,0,0,0,0,0,0,0,0,0,0,0,0,0,0,1,0,0,0,0,0,0,0,0,0,0,0,0,0,0,0,1,0
2024-11-11,PROD_004,New Balance Fresh Foam X 1080v12,Running,Zapatillas Running,75,False,2,76.67,153.34,73.14666666666666,1.0253372220196866,0,0,0,0,0,0,0,0,0,0,0,0,0,1,0,0,0,0,0,0,0,0,0,0,0,0,1,0,0,0,0,0,0,0,0,0,0,0,0,0,0,0,1,0
2024-11-11,PROD_005,Nike Dri-FIT Miler,Running,Ropa Running,35,False,3,35.76,107.28,33.23,1.0532651218778213,0,0,0,0,0,0,0,0,0,0,0,0,0,0,0,1,0,0,0,0,0,0,0,0,0,0,1,0,0,0,0,0,0,0,0,0,0,0,0,0,0,1,0,0
2024-11-11,PROD_006,Adidas Own The Run Jacket,Running,Ropa Running,65,False,3,66.12,198.36,65.71333333333332,0.9891447702140612,1,0,0,0,0,0,0,0,0,0,0,0,0,0,0,0,0,0,0,0,0,0,0,0,0,0,1,0,0,0,0,0,0,0,0,0,0,0,0,0,0,1,0,0
2024-11-11,PROD_007,Puma Velocity Nitro 2,Running,Zapatillas Running,70,False,3,69.53,208.59,68.87666666666667,1.0163093452064076,0,0,0,0,0,0,0,0,0,0,0,0,0,0,0,0,1,0,0,0,0,0,0,0,0,0,1,0,0,0,0,0,0,0,0,0,0,0,0,0,0,0,1,0
2024-11-11,PROD_008,Reebok Floatride Energy 5,Running,Zapatillas Running,65,False,3,64.22,192.66,60.94333333333333,1.066564568178089,0,0,0,0,0,0,0,0,0,0,0,0,0,0,0,0,0,0,1,0,0,0,0,0,0,0,1,0,0,0,0,0,0,0,0,0,0,0,0,0,0,0,1,0
2024-11-11,PROD_009,Bowflex SelectTech 552,Fitness,Mancuernas Ajustables,400,True,3,398.87,1196.61,386.0133333333333,1.0362336361438294,0,0,0,1,0,0,0,0,0,0,0,0,0,0,0,0,0,0,0,0,0,0,0,0,1,0,0,0,0,0,0,0,0,0,0,1,0,0,0,0,0,0,0,0
2024-11-11,PROD_010,Domyos BM900,Fitness,Banco Gimnasio,175,True,2,174.3,348.6,178.54,0.9801725103618237,0,0,0,0,0,0,1,0,0,0,0,0,0,0,0,0,0,0,0,0,0,0,0,0,1,0,0,0,1,0,0,0,0,0,0,0,0,0,0,0,0,0,0,0
2024-11-11,PROD_011,Reebok Professional Deck,Fitness,Esterilla Fitness,45,False,4,44.97,179.88,43.48,1.0349586016559338,0,0,0,0,0,0,0,0,0,0,0,0,0,0,0,0,0,0,0,1,0,0,0,0,1,0,0,0,0,0,0,0,0,1,0,0,0,0,0,0,0,0,0,0
2024-11-11,PROD_012,Domyos Kit Mancuernas 20kg,Fitness,Pesas Casa,55,False,4,56.09,224.36,53.57,1.0266940451745379,0,0,0,0,0,0,0,1,0,0,0,0,0,0,0,0,0,0,0,0,0,0,0,0,1,0,0,0,0,0,0,0,0,0,0,0,0,0,1,0,0,0,0,0
2024-11-11,PROD_013,Decathlon Bandas Elásticas Set,Fitness,Bandas Elásticas,25,False,4,25.25,101.0,25.05666666666667,0.9977384594918185,0,0,0,0,0,1,0,0,0,0,0,0,0,0,0,0,0,0,0,0,0,0,0,0,1,0,0,0,0,1,0,0,0,0,0,0,0,0,0,0,0,0,0,0
2024-11-11,PROD_014,Sveltus Kettlebell 12kg,Fitness,Pesa Rusa,40,False,3,40.35,121.05,37.9,1.0554089709762533,0,0,0,0,0,0,0,0,0,0,0,0,0,0,0,0,0,0,0,0,0,1,0,0,1,0,0,0,0,0,0,0,0,0,0,0,0,1,0,0,0,0,0,0
2024-11-11,PROD_015,Salomon Speedcross 5 GTX,Outdoor,Zapatillas Trail,150,True,4,152.33,609.32,150.31,0.9979375956356862,0,0,0,0,0,0,0,0,0,0,0,0,0,0,0,0,0,0,0,0,1,0,0,0,0,1,0,0,0,0,0,0,0,0,0,0,0,0,0,0,0,0,0,1
2024-11-11,PROD_016,Trek Marlin 7,Outdoor,Bicicleta Montaña,830,True,4,843.41,3373.64,828.3033333333333,1.0020483639246491,0,0,0,0,0,0,0,0,0,0,0,0,0,0,0,0,0,0,0,0,0,0,0,1,0,1,0,0,0,0,1,0,0,0,0,0,0,0,0,0,0,0,0,0
2024-11-11,PROD_017,The North Face Borealis,Outdoor,Mochila Trekking,95,False,2,94.26,188.52,93.73666666666668,1.013477472351623,0,0,0,0,0,0,0,0,0,0,0,0,0,0,0,0,0,0,0,0,0,0,1,0,0,1,0,0,0,0,0,0,0,0,0,0,1,0,0,0,0,0,0,0
2024-11-11,PROD_018,Columbia Silver Ridge,Outdoor,Ropa Montaña,70,False,2,67.9,135.8,71.48,0.9792949076664801,0,0,0,0,1,0,0,0,0,0,0,0,0,0,0,0,0,0,0,0,0,0,0,0,0,1,0,0,0,0,0,0,0,0,0,0,0,0,0,0,1,0,0,0
2024-11-11,PROD_019,Merrell Moab 2 GTX,Outdoor,Zapatillas Trail,110,False,2,111.31,222.62,107.31666666666666,1.0250038825904644,0,0,0,0,0,0,0,0,0,0,0,0,1,0,0,0,0,0,0,0,0,0,0,0,0,1,0,0,0,0,0,0,0,0,0,0,0,0,0,0,0,0,0,1
2024-11-11,PROD_020,Quechua MH500,Outdoor,Ropa Montaña,80,False,2,77.7,155.4,77.75666666666666,1.0288506880438977,0,0,0,0,0,0,0,0,0,0,0,0,0,0,0,0,0,1,0,0,0,0,0,0,0,1,0,0,0,0,0,0,0,0,0,0,0,0,0,0,1,0,0,0
2024-11-11,PROD_021,Manduka PRO Yoga Mat,Wellness,Esterilla Yoga,130,True,7,127.65,893.55,131.58,0.9879920960632314,0,0,0,0,0,0,0,0,0,0,0,1,0,0,0,0,0,0,0,0,0,0,0,0,0,0,0,1,0,0,0,0,0,0,1,0,0,0,0,0,0,0,0,0
2024-11-11,PROD_022,Gaiam Premium Yoga Block,Wellness,Bloque Yoga,20,False,1,20.32,20.32,20.213333333333335,0.9894459102902374,0,0,0,0,0,0,0,0,1,0,0,0,0,0,0,0,0,0,0,0,0,0,0,0,0,0,0,1,0,0,0,1,0,0,0,0,0,0,0,0,0,0,0,0
2024-11-11,PROD_023,Liforme Yoga Pad,Wellness,Rodillera Yoga,35,False,2,34.44,68.88,34.18666666666667,1.0237909516380654,0,0,0,0,0,0,0,0,0,1,0,0,0,0,0,0,0,0,0,0,0,0,0,0,0,0,0,1,0,0,0,0,0,0,0,0,0,0,0,1,0,0,0,0
2024-11-11,PROD_024,Lotuscrafts Yoga Bolster,Wellness,Cojín Yoga,50,False,1,50.36,50.36,49.31,1.013993104846887,0,0,0,0,0,0,0,0,0,0,1,0,0,0,0,0,0,0,0,0,0,0,0,0,0,0,0,1,0,0,0,0,1,0,0,0,0,0,0,0,0,0,0,0
2024-11-12,PROD_001,Nike Air Zoom Pegasus 40,Running,Zapatillas Running,115,True,16,116.9,1870.4,106.86000000000001,1.0761744338386672,0,0,0,0,0,0,0,0,0,0,0,0,0,0,1,0,0,0,0,0,0,0,0,0,0,0,1,0,0,0,0,0,0,0,0,0,0,0,0,0,0,0,1,0
2024-11-12,PROD_002,Adidas Ultraboost 23,Running,Zapatillas Running,135,True,12,136.51,1638.12,126.18333333333332,1.0698718795403515,0,1,0,0,0,0,0,0,0,0,0,0,0,0,0,0,0,0,0,0,0,0,0,0,0,0,1,0,0,0,0,0,0,0,0,0,0,0,0,0,0,0,1,0
2024-11-12,PROD_003,Asics Gel Nimbus 25,Running,Zapatillas Running,85,False,3,87.32,261.96,82.57,1.0294295749061404,0,0,1,0,0,0,0,0,0,0,0,0,0,0,0,0,0,0,0,0,0,0,0,0,0,0,1,0,0,0,0,0,0,0,0,0,0,0,0,0,0,0,1,0
2024-11-12,PROD_004,New Balance Fresh Foam X 1080v12,Running,Zapatillas Running,75,False,4,76.34,305.36,70.74666666666667,1.0601206181681115,0,0,0,0,0,0,0,0,0,0,0,0,0,1,0,0,0,0,0,0,0,0,0,0,0,0,1,0,0,0,0,0,0,0,0,0,0,0,0,0,0,0,1,0
2024-11-12,PROD_005,Nike Dri-FIT Miler,Running,Ropa Running,35,False,3,34.27,102.81,33.98333333333333,1.0299166257969594,0,0,0,0,0,0,0,0,0,0,0,0,0,0,0,1,0,0,0,0,0,0,0,0,0,0,1,0,0,0,0,0,0,0,0,0,0,0,0,0,0,1,0,0
2024-11-12,PROD_006,Adidas Own The Run Jacket,Running,Ropa Running,65,False,3,63.65,190.95,63.846666666666664,1.018064111934844,1,0,0,0,0,0,0,0,0,0,0,0,0,0,0,0,0,0,0,0,0,0,0,0,0,0,1,0,0,0,0,0,0,0,0,0,0,0,0,0,0,1,0,0
2024-11-12,PROD_007,Puma Velocity Nitro 2,Running,Zapatillas Running,70,False,2,68.58,137.16,71.68333333333334,0.9765170890490583,0,0,0,0,0,0,0,0,0,0,0,0,0,0,0,0,1,0,0,0,0,0,0,0,0,0,1,0,0,0,0,0,0,0,0,0,0,0,0,0,0,0,1,0
2024-11-12,PROD_008,Reebok Floatride Energy 5,Running,Zapatillas Running,65,False,2,63.73,127.46,64.17333333333333,1.0128817785165178,0,0,0,0,0,0,0,0,0,0,0,0,0,0,0,0,0,0,1,0,0,0,0,0,0,0,1,0,0,0,0,0,0,0,0,0,0,0,0,0,0,0,1,0
2024-11-12,PROD_009,Bowflex SelectTech 552,Fitness,Mancuernas Ajustables,400,True,3,394.45,1183.35,387.1466666666667,1.0332001653120264,0,0,0,1,0,0,0,0,0,0,0,0,0,0,0,0,0,0,0,0,0,0,0,0,1,0,0,0,0,0,0,0,0,0,0,1,0,0,0,0,0,0,0,0
2024-11-12,PROD_010,Domyos BM900,Fitness,Banco Gimnasio,175,True,3,170.89,512.67,177.46333333333337,0.9861191983320496,0,0,0,0,0,0,1,0,0,0,0,0,0,0,0,0,0,0,0,0,0,0,0,0,1,0,0,0,1,0,0,0,0,0,0,0,0,0,0,0,0,0,0,0
2024-11-12,PROD_011,Reebok Professional Deck,Fitness,Esterilla Fitness,45,False,3,45.71,137.13,42.95333333333334,1.0476486108955454,0,0,0,0,0,0,0,0,0,0,0,0,0,0,0,0,0,0,0,1,0,0,0,0,1,0,0,0,0,0,0,0,0,1,0,0,0,0,0,0,0,0,0,0
2024-11-12,PROD_012,Domyos Kit Mancuernas 20kg,Fitness,Pesas Casa,55,False,3,53.77,161.31,54.21,1.014572957019,0,0,0,0,0,0,0,1,0,0,0,0,0,0,0,0,0,0,0,0,0,0,0,0,1,0,0,0,0,0,0,0,0,0,0,0,0,0,1,0,0,0,0,0
2024-11-12,PROD_013,Decathlon Bandas Elásticas Set,Fitness,Bandas Elásticas,25,False,3,25.73,77.19,23.633333333333336,1.0578279266572637,0,0,0,0,0,1,0,0,0,0,0,0,0,0,0,0,0,0,0,0,0,0,0,0,1,0,0,0,0,1,0,0,0,0,0,0,0,0,0,0,0,0,0,0
2024-11-12,PROD_014,Sveltus Kettlebell 12kg,Fitness,Pesa Rusa,40,False,3,39.43,118.29,38.18333333333333,1.0475774770842428,0,0,0,0,0,0,0,0,0,0,0,0,0,0,0,0,0,0,0,0,0,1,0,0,1,0,0,0,0,0,0,0,0,0,0,0,0,1,0,0,0,0,0,0
2024-11-12,PROD_015,Salomon Speedcross 5 GTX,Outdoor,Zapatillas Trail,150,True,5,151.7,758.5,150.38333333333333,0.9974509586611993,0,0,0,0,0,0,0,0,0,0,0,0,0,0,0,0,0,0,0,0,1,0,0,0,0,1,0,0,0,0,0,0,0,0,0,0,0,0,0,0,0,0,0,1
2024-11-12,PROD_016,Trek Marlin 7,Outdoor,Bicicleta Montaña,830,True,3,832.18,2496.54,818.8933333333333,1.0135630200107462,0,0,0,0,0,0,0,0,0,0,0,0,0,0,0,0,0,0,0,0,0,0,0,1,0,1,0,0,0,0,1,0,0,0,0,0,0,0,0,0,0,0,0,0
2024-11-12,PROD_017,The North Face Borealis,Outdoor,Mochila Trekking,95,False,3,95.2,285.6,90.90333333333332,1.04506618752521,0,0,0,0,0,0,0,0,0,0,0,0,0,0,0,0,0,0,0,0,0,0,1,0,0,1,0,0,0,0,0,0,0,0,0,0,1,0,0,0,0,0,0,0
2024-11-12,PROD_018,Columbia Silver Ridge,Outdoor,Ropa Montaña,70,False,2,68.62,137.24,69.47666666666667,1.0075325049177182,0,0,0,0,1,0,0,0,0,0,0,0,0,0,0,0,0,0,0,0,0,0,0,0,0,1,0,0,0,0,0,0,0,0,0,0,0,0,0,0,1,0,0,0
2024-11-12,PROD_019,Merrell Moab 2 GTX,Outdoor,Zapatillas Trail,110,False,2,111.58,223.16,106.46333333333332,1.0332195748144901,0,0,0,0,0,0,0,0,0,0,0,0,1,0,0,0,0,0,0,0,0,0,0,0,0,1,0,0,0,0,0,0,0,0,0,0,0,0,0,0,0,0,0,1
2024-11-12,PROD_020,Quechua MH500,Outdoor,Ropa Montaña,80,False,2,77.97,155.94,77.23666666666666,1.0357774804712787,0,0,0,0,0,0,0,0,0,0,0,0,0,0,0,0,0,1,0,0,0,0,0,0,0,1,0,0,0,0,0,0,0,0,0,0,0,0,0,0,1,0,0,0
2024-11-12,PROD_021,Manduka PRO Yoga Mat,Wellness,Esterilla Yoga,130,True,7,130.69,914.83,131.9333333333333,0.985346134411319,0,0,0,0,0,0,0,0,0,0,0,1,0,0,0,0,0,0,0,0,0,0,0,0,0,0,0,1,0,0,0,0,0,0,1,0,0,0,0,0,0,0,0,0
2024-11-12,PROD_022,Gaiam Premium Yoga Block,Wellness,Bloque Yoga,20,False,1,20.56,20.56,19.10666666666667,1.04675505931612,0,0,0,0,0,0,0,0,1,0,0,0,0,0,0,0,0,0,0,0,0,0,0,0,0,0,0,1,0,0,0,1,0,0,0,0,0,0,0,0,0,0,0,0
2024-11-12,PROD_023,Liforme Yoga Pad,Wellness,Rodillera Yoga,35,False,2,34.58,69.16,34.236666666666665,1.022295784246909,0,0,0,0,0,0,0,0,0,1,0,0,0,0,0,0,0,0,0,0,0,0,0,0,0,0,0,1,0,0,0,0,0,0,0,0,0,0,0,1,0,0,0,0
2024-11-12,PROD_024,Lotuscrafts Yoga Bolster,Wellness,Cojín Yoga,50,False,1,49.6,49.6,48.28666666666666,1.0354825348612455,0,0,0,0,0,0,0,0,0,0,1,0,0,0,0,0,0,0,0,0,0,0,0,0,0,0,0,1,0,0,0,0,1,0,0,0,0,0,0,0,0,0,0,0
2024-11-13,PROD_001,Nike Air Zoom Pegasus 40,Running,Zapatillas Running,115,True,15,113.43,1701.45,106.99333333333334,1.0748333229484703,0,0,0,0,0,0,0,0,0,0,0,0,0,0,1,0,0,0,0,0,0,0,0,0,0,0,1,0,0,0,0,0,0,0,0,0,0,0,0,0,0,0,1,0
2024-11-13,PROD_002,Adidas Ultraboost 23,Running,Zapatillas Running,135,True,14,132.5,1855.0,125.83333333333333,1.0728476821192054,0,1,0,0,0,0,0,0,0,0,0,0,0,0,0,0,0,0,0,0,0,0,0,0,0,0,1,0,0,0,0,0,0,0,0,0,0,0,0,0,0,0,1,0
2024-11-13,PROD_003,Asics Gel Nimbus 25,Running,Zapatillas Running,85,False,3,83.97,251.91,80.64999999999999,1.0539367637941726,0,0,1,0,0,0,0,0,0,0,0,0,0,0,0,0,0,0,0,0,0,0,0,0,0,0,1,0,0,0,0,0,0,0,0,0,0,0,0,0,0,0,1,0
2024-11-13,PROD_004,New Balance Fresh Foam X 1080v12,Running,Zapatillas Running,75,False,2,72.86,145.72,69.95666666666666,1.0720922475818364,0,0,0,0,0,0,0,0,0,0,0,0,0,1,0,0,0,0,0,0,0,0,0,0,0,0,1,0,0,0,0,0,0,0,0,0,0,0,0,0,0,0,1,0
2024-11-13,PROD_005,Nike Dri-FIT Miler,Running,Ropa Running,35,False,3,35.93,107.79,33.98666666666667,1.029815613966261,0,0,0,0,0,0,0,0,0,0,0,0,0,0,0,1,0,0,0,0,0,0,0,0,0,0,1,0,0,0,0,0,0,0,0,0,0,0,0,0,0,1,0,0
2024-11-13,PROD_006,Adidas Own The Run Jacket,Running,Ropa Running,65,False,3,65.79,197.37,60.61333333333334,1.0723713154421468,1,0,0,0,0,0,0,0,0,0,0,0,0,0,0,0,0,0,0,0,0,0,0,0,0,0,1,0,0,0,0,0,0,0,0,0,0,0,0,0,0,1,0,0
2024-11-13,PROD_007,Puma Velocity Nitro 2,Running,Zapatillas Running,70,False,3,68.2,204.6,65.80333333333333,1.0637758978775138,0,0,0,0,0,0,0,0,0,0,0,0,0,0,0,0,1,0,0,0,0,0,0,0,0,0,1,0,0,0,0,0,0,0,0,0,0,0,0,0,0,0,1,0
2024-11-13,PROD_008,Reebok Floatride Energy 5,Running,Zapatillas Running,65,False,3,66.89,200.67,63.79333333333333,1.0189152471522627,0,0,0,0,0,0,0,0,0,0,0,0,0,0,0,0,0,0,1,0,0,0,0,0,0,0,1,0,0,0,0,0,0,0,0,0,0,0,0,0,0,0,1,0
2024-11-13,PROD_009,Bowflex SelectTech 552,Fitness,Mancuernas Ajustables,400,True,3,396.21,1188.63,386.81666666666666,1.0340816062734284,0,0,0,1,0,0,0,0,0,0,0,0,0,0,0,0,0,0,0,0,0,0,0,0,1,0,0,0,0,0,0,0,0,0,0,1,0,0,0,0,0,0,0,0
2024-11-13,PROD_010,Domyos BM900,Fitness,Banco Gimnasio,175,True,2,170.73,341.46,179.0333333333333,0.9774716067771366,0,0,0,0,0,0,1,0,0,0,0,0,0,0,0,0,0,0,0,0,0,0,0,0,1,0,0,0,1,0,0,0,0,0,0,0,0,0,0,0,0,0,0,0
2024-11-13,PROD_011,Reebok Professional Deck,Fitness,Esterilla Fitness,45,False,3,46.09,138.27,45.44,0.9903169014084507,0,0,0,0,0,0,0,0,0,0,0,0,0,0,0,0,0,0,0,1,0,0,0,0,1,0,0,0,0,0,0,0,0,1,0,0,0,0,0,0,0,0,0,0
2024-11-13,PROD_012,Domyos Kit Mancuernas 20kg,Fitness,Pesas Casa,55,False,4,55.67,222.68,55.166666666666664,0.9969788519637462,0,0,0,0,0,0,0,1,0,0,0,0,0,0,0,0,0,0,0,0,0,0,0,0,1,0,0,0,0,0,0,0,0,0,0,0,0,0,1,0,0,0,0,0
2024-11-13,PROD_013,Decathlon Bandas Elásticas Set,Fitness,Bandas Elásticas,25,False,3,25.59,76.77,23.893333333333334,1.0463169642857142,0,0,0,0,0,1,0,0,0,0,0,0,0,0,0,0,0,0,0,0,0,0,0,0,1,0,0,0,0,1,0,0,0,0,0,0,0,0,0,0,0,0,0,0
2024-11-13,PROD_014,Sveltus Kettlebell 12kg,Fitness,Pesa Rusa,40,False,4,39.65,158.6,39.59666666666667,1.010186042596178,0,0,0,0,0,0,0,0,0,0,0,0,0,0,0,0,0,0,0,0,0,1,0,0,1,0,0,0,0,0,0,0,0,0,0,0,0,1,0,0,0,0,0,0
2024-11-13,PROD_015,Salomon Speedcross 5 GTX,Outdoor,Zapatillas Trail,150,True,5,147.2,736.0,153.14666666666665,0.9794532474316561,0,0,0,0,0,0,0,0,0,0,0,0,0,0,0,0,0,0,0,0,1,0,0,0,0,1,0,0,0,0,0,0,0,0,0,0,0,0,0,0,0,0,0,1
2024-11-13,PROD_016,Trek Marlin 7,Outdoor,Bicicleta Montaña,830,True,4,834.42,3337.68,820.6899999999999,1.0113441128806249,0,0,0,0,0,0,0,0,0,0,0,0,0,0,0,0,0,0,0,0,0,0,0,1,0,1,0,0,0,0,1,0,0,0,0,0,0,0,0,0,0,0,0,0
2024-11-13,PROD_017,The North Face Borealis,Outdoor,Mochila Trekking,95,False,2,96.93,193.86,91.27,1.0408677550126,0,0,0,0,0,0,0,0,0,0,0,0,0,0,0,0,0,0,0,0,0,0,1,0,0,1,0,0,0,0,0,0,0,0,0,0,1,0,0,0,0,0,0,0
2024-11-13,PROD_018,Columbia Silver Ridge,Outdoor,Ropa Montaña,70,False,2,69.37,138.74,71.05999999999999,0.9850830284266818,0,0,0,0,1,0,0,0,0,0,0,0,0,0,0,0,0,0,0,0,0,0,0,0,0,1,0,0,0,0,0,0,0,0,0,0,0,0,0,0,1,0,0,0
2024-11-13,PROD_019,Merrell Moab 2 GTX,Outdoor,Zapatillas Trail,110,False,2,107.84,215.68,108.25333333333333,1.016134991994088,0,0,0,0,0,0,0,0,0,0,0,0,1,0,0,0,0,0,0,0,0,0,0,0,0,1,0,0,0,0,0,0,0,0,0,0,0,0,0,0,0,0,0,1
2024-11-13,PROD_020,Quechua MH500,Outdoor,Ropa Montaña,80,False,2,80.73,161.46,76.29,1.0486302267662864,0,0,0,0,0,0,0,0,0,0,0,0,0,0,0,0,0,1,0,0,0,0,0,0,0,1,0,0,0,0,0,0,0,0,0,0,0,0,0,0,1,0,0,0
2024-11-13,PROD_021,Manduka PRO Yoga Mat,Wellness,Esterilla Yoga,130,True,7,127.42,891.94,130.73333333333332,0.9943906170321266,0,0,0,0,0,0,0,0,0,0,0,1,0,0,0,0,0,0,0,0,0,0,0,0,0,0,0,1,0,0,0,0,0,0,1,0,0,0,0,0,0,0,0,0
2024-11-13,PROD_022,Gaiam Premium Yoga Block,Wellness,Bloque Yoga,20,False,2,20.47,40.94,19.62,1.019367991845056,0,0,0,0,0,0,0,0,1,0,0,0,0,0,0,0,0,0,0,0,0,0,0,0,0,0,0,1,0,0,0,1,0,0,0,0,0,0,0,0,0,0,0,0
2024-11-13,PROD_023,Liforme Yoga Pad,Wellness,Rodillera Yoga,35,False,2,34.13,68.26,34.62,1.0109763142692085,0,0,0,0,0,0,0,0,0,1,0,0,0,0,0,0,0,0,0,0,0,0,0,0,0,0,0,1,0,0,0,0,0,0,0,0,0,0,0,1,0,0,0,0
2024-11-13,PROD_024,Lotuscrafts Yoga Bolster,Wellness,Cojín Yoga,50,False,1,48.63,48.63,48.32,1.0347682119205297,0,0,0,0,0,0,0,0,0,0,1,0,0,0,0,0,0,0,0,0,0,0,0,0,0,0,0,1,0,0,0,0,1,0,0,0,0,0,0,0,0,0,0,0
2024-11-14,PROD_001,Nike Air Zoom Pegasus 40,Running,Zapatillas Running,115,True,12,118.44,1421.28,105.80666666666666,1.0868880347804173,0,0,0,0,0,0,0,0,0,0,0,0,0,0,1,0,0,0,0,0,0,0,0,0,0,0,1,0,0,0,0,0,0,0,0,0,0,0,0,0,0,0,1,0
2024-11-14,PROD_002,Adidas Ultraboost 23,Running,Zapatillas Running,135,True,15,134.31,2014.65,127.74333333333334,1.0568066174360045,0,1,0,0,0,0,0,0,0,0,0,0,0,0,0,0,0,0,0,0,0,0,0,0,0,0,1,0,0,0,0,0,0,0,0,0,0,0,0,0,0,0,1,0
2024-11-14,PROD_003,Asics Gel Nimbus 25,Running,Zapatillas Running,85,False,3,82.49,247.47,81.68666666666667,1.0405614951440463,0,0,1,0,0,0,0,0,0,0,0,0,0,0,0,0,0,0,0,0,0,0,0,0,0,0,1,0,0,0,0,0,0,0,0,0,0,0,0,0,0,0,1,0
2024-11-14,PROD_004,New Balance Fresh Foam X 1080v12,Running,Zapatillas Running,75,False,3,75.1,225.3,74.74666666666667,1.0033892258294683,0,0,0,0,0,0,0,0,0,0,0,0,0,1,0,0,0,0,0,0,0,0,0,0,0,0,1,0,0,0,0,0,0,0,0,0,0,0,0,0,0,0,1,0
2024-11-14,PROD_005,Nike Dri-FIT Miler,Running,Ropa Running,35,False,2,35.26,70.52,35.32666666666667,0.9907529722589168,0,0,0,0,0,0,0,0,0,0,0,0,0,0,0,1,0,0,0,0,0,0,0,0,0,0,1,0,0,0,0,0,0,0,0,0,0,0,0,0,0,1,0,0
2024-11-14,PROD_006,Adidas Own The Run Jacket,Running,Ropa Running,65,False,3,65.85,197.55,61.160000000000004,1.0627861347285807,1,0,0,0,0,0,0,0,0,0,0,0,0,0,0,0,0,0,0,0,0,0,0,0,0,0,1,0,0,0,0,0,0,0,0,0,0,0,0,0,0,1,0,0
2024-11-14,PROD_007,Puma Velocity Nitro 2,Running,Zapatillas Running,70,False,3,68.39,205.17,66.17333333333333,1.0578279266572639,0,0,0,0,0,0,0,0,0,0,0,0,0,0,0,0,1,0,0,0,0,0,0,0,0,0,1,0,0,0,0,0,0,0,0,0,0,0,0,0,0,0,1,0
2024-11-14,PROD_008,Reebok Floatride Energy 5,Running,Zapatillas Running,65,False,2,63.38,126.76,61.97,1.0488946264321446,0,0,0,0,0,0,0,0,0,0,0,0,0,0,0,0,0,0,1,0,0,0,0,0,0,0,1,0,0,0,0,0,0,0,0,0,0,0,0,0,0,0,1,0
2024-11-14,PROD_009,Bowflex SelectTech 552,Fitness,Mancuernas Ajustables,400,True,2,390.8,781.6,385.93666666666667,1.036439484889576,0,0,0,1,0,0,0,0,0,0,0,0,0,0,0,0,0,0,0,0,0,0,0,0,1,0,0,0,0,0,0,0,0,0,0,1,0,0,0,0,0,0,0,0
2024-11-14,PROD_010,Domyos BM900,Fitness,Banco Gimnasio,175,True,3,171.72,515.16,177.06666666666663,0.9883283132530122,0,0,0,0,0,0,1,0,0,0,0,0,0,0,0,0,0,0,0,0,0,0,0,0,1,0,0,0,1,0,0,0,0,0,0,0,0,0,0,0,0,0,0,0
2024-11-14,PROD_011,Reebok Professional Deck,Fitness,Esterilla Fitness,45,False,3,44.16,132.48,42.88333333333333,1.0493587252234746,0,0,0,0,0,0,0,0,0,0,0,0,0,0,0,0,0,0,0,1,0,0,0,0,1,0,0,0,0,0,0,0,0,1,0,0,0,0,0,0,0,0,0,0
2024-11-14,PROD_012,Domyos Kit Mancuernas 20kg,Fitness,Pesas Casa,55,False,4,54.92,219.68,52.93666666666667,1.0389773943706315,0,0,0,0,0,0,0,1,0,0,0,0,0,0,0,0,0,0,0,0,0,0,0,0,1,0,0,0,0,0,0,0,0,0,0,0,0,0,1,0,0,0,0,0
2024-11-14,PROD_013,Decathlon Bandas Elásticas Set,Fitness,Bandas Elásticas,25,False,3,25.03,75.09,25.003333333333334,0.9998666844420744,0,0,0,0,0,1,0,0,0,0,0,0,0,0,0,0,0,0,0,0,0,0,0,0,1,0,0,0,0,1,0,0,0,0,0,0,0,0,0,0,0,0,0,0
2024-11-14,PROD_014,Sveltus Kettlebell 12kg,Fitness,Pesa Rusa,40,False,3,39.42,118.26,39.64666666666667,1.0089120564990752,0,0,0,0,0,0,0,0,0,0,0,0,0,0,0,0,0,0,0,0,0,1,0,0,1,0,0,0,0,0,0,0,0,0,0,0,0,1,0,0,0,0,0,0
2024-11-14,PROD_015,Salomon Speedcross 5 GTX,Outdoor,Zapatillas Trail,150,True,5,151.21,756.05,151.29333333333332,0.991451484974002,0,0,0,0,0,0,0,0,0,0,0,0,0,0,0,0,0,0,0,0,1,0,0,0,0,1,0,0,0,0,0,0,0,0,0,0,0,0,0,0,0,0,0,1
2024-11-14,PROD_016,Trek Marlin 7,Outdoor,Bicicleta Montaña,830,True,3,841.73,2525.19,821.2199999999999,1.0106914103407127,0,0,0,0,0,0,0,0,0,0,0,0,0,0,0,0,0,0,0,0,0,0,0,1,0,1,0,0,0,0,1,0,0,0,0,0,0,0,0,0,0,0,0,0
2024-11-14,PROD_017,The North Face Borealis,Outdoor,Mochila Trekking,95,False,2,92.88,185.76,89.98666666666666,1.0557119573270115,0,0,0,0,0,0,0,0,0,0,0,0,0,0,0,0,0,0,0,0,0,0,1,0,0,1,0,0,0,0,0,0,0,0,0,0,1,0,0,0,0,0,0,0
2024-11-14,PROD_018,Columbia Silver Ridge,Outdoor,Ropa Montaña,70,False,2,69.96,139.92,68.66666666666667,1.0194174757281553,0,0,0,0,1,0,0,0,0,0,0,0,0,0,0,0,0,0,0,0,0,0,0,0,0,1,0,0,0,0,0,0,0,0,0,0,0,0,0,0,1,0,0,0
2024-11-14,PROD_019,Merrell Moab 2 GTX,Outdoor,Zapatillas Trail,110,False,2,108.68,217.36,105.54666666666667,1.0421930267812027,0,0,0,0,0,0,0,0,0,0,0,0,1,0,0,0,0,0,0,0,0,0,0,0,0,1,0,0,0,0,0,0,0,0,0,0,0,0,0,0,0,0,0,1
2024-11-14,PROD_020,Quechua MH500,Outdoor,Ropa Montaña,80,False,2,81.58,163.16,79.36333333333333,1.0080221764878827,0,0,0,0,0,0,0,0,0,0,0,0,0,0,0,0,0,1,0,0,0,0,0,0,0,1,0,0,0,0,0,0,0,0,0,0,0,0,0,0,1,0,0,0
2024-11-14,PROD_021,Manduka PRO Yoga Mat,Wellness,Esterilla Yoga,130,True,7,127.91,895.37,131.34666666666666,0.9897472337833723,0,0,0,0,0,0,0,0,0,0,0,1,0,0,0,0,0,0,0,0,0,0,0,0,0,0,0,1,0,0,0,0,0,0,1,0,0,0,0,0,0,0,0,0
2024-11-14,PROD_022,Gaiam Premium Yoga Block,Wellness,Bloque Yoga,20,False,1,20.37,20.37,19.22,1.040582726326743,0,0,0,0,0,0,0,0,1,0,0,0,0,0,0,0,0,0,0,0,0,0,0,0,0,0,0,1,0,0,0,1,0,0,0,0,0,0,0,0,0,0,0,0
2024-11-14,PROD_023,Liforme Yoga Pad,Wellness,Rodillera Yoga,35,False,1,34.11,34.11,34.56333333333333,1.0126338123252001,0,0,0,0,0,0,0,0,0,1,0,0,0,0,0,0,0,0,0,0,0,0,0,0,0,0,0,1,0,0,0,0,0,0,0,0,0,0,0,1,0,0,0,0
2024-11-14,PROD_024,Lotuscrafts Yoga Bolster,Wellness,Cojín Yoga,50,False,1,49.31,49.31,46.326666666666675,1.0792919844581952,0,0,0,0,0,0,0,0,0,0,1,0,0,0,0,0,0,0,0,0,0,0,0,0,0,0,0,1,0,0,0,0,1,0,0,0,0,0,0,0,0,0,0,0
2024-11-15,PROD_001,Nike Air Zoom Pegasus 40,Running,Zapatillas Running,115,True,19,112.32,2134.08,105.74000000000001,1.087573292982788,0,0,0,0,0,0,0,0,0,0,0,0,0,0,1,0,0,0,0,0,0,0,0,0,0,0,1,0,0,0,0,0,0,0,0,0,0,0,0,0,0,0,1,0
2024-11-15,PROD_002,Adidas Ultraboost 23,Running,Zapatillas Running,135,True,17,131.4,2233.8,124.44333333333333,1.084831114563523,0,1,0,0,0,0,0,0,0,0,0,0,0,0,0,0,0,0,0,0,0,0,0,0,0,0,1,0,0,0,0,0,0,0,0,0,0,0,0,0,0,0,1,0
2024-11-15,PROD_003,Asics Gel Nimbus 25,Running,Zapatillas Running,85,False,4,83.9,335.6,81.84333333333333,1.0385696248930885,0,0,1,0,0,0,0,0,0,0,0,0,0,0,0,0,0,0,0,0,0,0,0,0,0,0,1,0,0,0,0,0,0,0,0,0,0,0,0,0,0,0,1,0
2024-11-15,PROD_004,New Balance Fresh Foam X 1080v12,Running,Zapatillas Running,75,False,3,73.87,221.61,70.58999999999999,1.0624734381640462,0,0,0,0,0,0,0,0,0,0,0,0,0,1,0,0,0,0,0,0,0,0,0,0,0,0,1,0,0,0,0,0,0,0,0,0,0,0,0,0,0,0,1,0
2024-11-15,PROD_005,Nike Dri-FIT Miler,Running,Ropa Running,35,False,4,35.58,142.32,35.02,0.9994288977727013,0,0,0,0,0,0,0,0,0,0,0,0,0,0,0,1,0,0,0,0,0,0,0,0,0,0,1,0,0,0,0,0,0,0,0,0,0,0,0,0,0,1,0,0
2024-11-15,PROD_006,Adidas Own The Run Jacket,Running,Ropa Running,65,False,3,66.41,199.23,62.846666666666664,1.0342632863052934,1,0,0,0,0,0,0,0,0,0,0,0,0,0,0,0,0,0,0,0,0,0,0,0,0,0,1,0,0,0,0,0,0,0,0,0,0,0,0,0,0,1,0,0
2024-11-15,PROD_007,Puma Velocity Nitro 2,Running,Zapatillas Running,70,False,3,68.01,204.03,70.86666666666667,0.9877704609595483,0,0,0,0,0,0,0,0,0,0,0,0,0,0,0,0,1,0,0,0,0,0,0,0,0,0,1,0,0,0,0,0,0,0,0,0,0,0,0,0,0,0,1,0
2024-11-15,PROD_008,Reebok Floatride Energy 5,Running,Zapatillas Running,65,False,3,66.5,199.5,64.64999999999999,1.0054137664346483,0,0,0,0,0,0,0,0,0,0,0,0,0,0,0,0,0,0,1,0,0,0,0,0,0,0,1,0,0,0,0,0,0,0,0,0,0,0,0,0,0,0,1,0
2024-11-15,PROD_009,Bowflex SelectTech 552,Fitness,Mancuernas Ajustables,400,True,3,391.18,1173.54,388.44000000000005,1.029760065904644,0,0,0,1,0,0,0,0,0,0,0,0,0,0,0,0,0,0,0,0,0,0,0,0,1,0,0,0,0,0,0,0,0,0,0,1,0,0,0,0,0,0,0,0
2024-11-15,PROD_010,Domyos BM900,Fitness,Banco Gimnasio,175,True,3,178.52,535.56,179.29333333333332,0.9760541384695471,0,0,0,0,0,0,1,0,0,0,0,0,0,0,0,0,0,0,0,0,0,0,0,0,1,0,0,0,1,0,0,0,0,0,0,0,0,0,0,0,0,0,0,0
2024-11-15,PROD_011,Reebok Professional Deck,Fitness,Esterilla Fitness,45,False,4,45.96,183.84,43.49333333333333,1.0346413243408952,0,0,0,0,0,0,0,0,0,0,0,0,0,0,0,0,0,0,0,1,0,0,0,0,1,0,0,0,0,0,0,0,0,1,0,0,0,0,0,0,0,0,0,0
2024-11-15,PROD_012,Domyos Kit Mancuernas 20kg,Fitness,Pesas Casa,55,False,5,53.69,268.45,52.43666666666667,1.0488843684444726,0,0,0,0,0,0,0,1,0,0,0,0,0,0,0,0,0,0,0,0,0,0,0,0,1,0,0,0,0,0,0,0,0,0,0,0,0,0,1,0,0,0,0,0
2024-11-15,PROD_013,Decathlon Bandas Elásticas Set,Fitness,Bandas Elásticas,25,False,4,25.19,100.76,23.72,1.0539629005059021,0,0,0,0,0,1,0,0,0,0,0,0,0,0,0,0,0,0,0,0,0,0,0,0,1,0,0,0,0,1,0,0,0,0,0,0,0,0,0,0,0,0,0,0
2024-11-15,PROD_014,Sveltus Kettlebell 12kg,Fitness,Pesa Rusa,40,False,4,41.16,164.64,39.86000000000001,1.0035122930255893,0,0,0,0,0,0,0,0,0,0,0,0,0,0,0,0,0,0,0,0,0,1,0,0,1,0,0,0,0,0,0,0,0,0,0,0,0,1,0,0,0,0,0,0
2024-11-15,PROD_015,Salomon Speedcross 5 GTX,Outdoor,Zapatillas Trail,150,True,5,152.92,764.6,150.94333333333336,0.9937504140626724,0,0,0,0,0,0,0,0,0,0,0,0,0,0,0,0,0,0,0,0,1,0,0,0,0,1,0,0,0,0,0,0,0,0,0,0,0,0,0,0,0,0,0,1
2024-11-15,PROD_016,Trek Marlin 7,Outdoor,Bicicleta Montaña,830,True,4,826.64,3306.56,821.7533333333334,1.0100354526500246,0,0,0,0,0,0,0,0,0,0,0,0,0,0,0,0,0,0,0,0,0,0,0,1,0,1,0,0,0,0,1,0,0,0,0,0,0,0,0,0,0,0,0,0
2024-11-15,PROD_017,The North Face Borealis,Outdoor,Mochila Trekking,95,False,3,95.91,287.73,93.40333333333332,1.0170943221155564,0,0,0,0,0,0,0,0,0,0,0,0,0,0,0,0,0,0,0,0,0,0,1,0,0,1,0,0,0,0,0,0,0,0,0,0,1,0,0,0,0,0,0,0
2024-11-15,PROD_018,Columbia Silver Ridge,Outdoor,Ropa Montaña,70,False,3,71.89,215.67,68.60000000000001,1.020408163265306,0,0,0,0,1,0,0,0,0,0,0,0,0,0,0,0,0,0,0,0,0,0,0,0,0,1,0,0,0,0,0,0,0,0,0,0,0,0,0,0,1,0,0,0
2024-11-15,PROD_019,Merrell Moab 2 GTX,Outdoor,Zapatillas Trail,110,False,2,107.59,215.18,108.41333333333334,1.0146353462058786,0,0,0,0,0,0,0,0,0,0,0,0,1,0,0,0,0,0,0,0,0,0,0,0,0,1,0,0,0,0,0,0,0,0,0,0,0,0,0,0,0,0,0,1
2024-11-15,PROD_020,Quechua MH500,Outdoor,Ropa Montaña,80,False,2,79.67,159.34,79.13666666666667,1.0109093972452718,0,0,0,0,0,0,0,0,0,0,0,0,0,0,0,0,0,1,0,0,0,0,0,0,0,1,0,0,0,0,0,0,0,0,0,0,0,0,0,0,1,0,0,0
2024-11-15,PROD_021,Manduka PRO Yoga Mat,Wellness,Esterilla Yoga,130,True,7,133.63,935.41,129.76000000000002,1.0018495684340318,0,0,0,0,0,0,0,0,0,0,0,1,0,0,0,0,0,0,0,0,0,0,0,0,0,0,0,1,0,0,0,0,0,0,1,0,0,0,0,0,0,0,0,0
2024-11-15,PROD_022,Gaiam Premium Yoga Block,Wellness,Bloque Yoga,20,False,2,19.47,38.94,19.03,1.050972149238045,0,0,0,0,0,0,0,0,1,0,0,0,0,0,0,0,0,0,0,0,0,0,0,0,0,0,0,1,0,0,0,1,0,0,0,0,0,0,0,0,0,0,0,0
2024-11-15,PROD_023,Liforme Yoga Pad,Wellness,Rodillera Yoga,35,False,2,35.98,71.96,33.35333333333333,1.049370377773336,0,0,0,0,0,0,0,0,0,1,0,0,0,0,0,0,0,0,0,0,0,0,0,0,0,0,0,1,0,0,0,0,0,0,0,0,0,0,0,1,0,0,0,0
2024-11-15,PROD_024,Lotuscrafts Yoga Bolster,Wellness,Cojín Yoga,50,False,2,50.82,101.64,48.03666666666667,1.040871556449934,0,0,0,0,0,0,0,0,0,0,1,0,0,0,0,0,0,0,0,0,0,0,0,0,0,0,0,1,0,0,0,0,1,0,0,0,0,0,0,0,0,0,0,0
2024-11-16,PROD_001,Nike Air Zoom Pegasus 40,Running,Zapatillas Running,115,True,16,116.11,1857.76,106.13,1.083576745500801,0,0,0,0,0,0,0,0,0,0,0,0,0,0,1,0,0,0,0,0,0,0,0,0,0,0,1,0,0,0,0,0,0,0,0,0,0,0,0,0,0,0,1,0
2024-11-16,PROD_002,Adidas Ultraboost 23,Running,Zapatillas Running,135,True,20,135.88,2717.6,126.82333333333334,1.0644728887954371,0,1,0,0,0,0,0,0,0,0,0,0,0,0,0,0,0,0,0,0,0,0,0,0,0,0,1,0,0,0,0,0,0,0,0,0,0,0,0,0,0,0,1,0
2024-11-16,PROD_003,Asics Gel Nimbus 25,Running,Zapatillas Running,85,False,5,83.88,419.4,83.75,1.0149253731343284,0,0,1,0,0,0,0,0,0,0,0,0,0,0,0,0,0,0,0,0,0,0,0,0,0,0,1,0,0,0,0,0,0,0,0,0,0,0,0,0,0,0,1,0
2024-11-16,PROD_004,New Balance Fresh Foam X 1080v12,Running,Zapatillas Running,75,False,4,72.89,291.56,69.70666666666666,1.075937260902831,0,0,0,0,0,0,0,0,0,0,0,0,0,1,0,0,0,0,0,0,0,0,0,0,0,0,1,0,0,0,0,0,0,0,0,0,0,0,0,0,0,0,1,0
2024-11-16,PROD_005,Nike Dri-FIT Miler,Running,Ropa Running,35,False,4,34.33,137.32,34.4,1.0174418604651163,0,0,0,0,0,0,0,0,0,0,0,0,0,0,0,1,0,0,0,0,0,0,0,0,0,0,1,0,0,0,0,0,0,0,0,0,0,0,0,0,0,1,0,0
2024-11-16,PROD_006,Adidas Own The Run Jacket,Running,Ropa Running,65,False,4,64.23,256.92,61.876666666666665,1.0504767548348866,1,0,0,0,0,0,0,0,0,0,0,0,0,0,0,0,0,0,0,0,0,0,0,0,0,0,1,0,0,0,0,0,0,0,0,0,0,0,0,0,0,1,0,0
2024-11-16,PROD_007,Puma Velocity Nitro 2,Running,Zapatillas Running,70,False,3,71.78,215.34,65.90333333333332,1.0621617520610998,0,0,0,0,0,0,0,0,0,0,0,0,0,0,0,0,1,0,0,0,0,0,0,0,0,0,1,0,0,0,0,0,0,0,0,0,0,0,0,0,0,0,1,0
2024-11-16,PROD_008,Reebok Floatride Energy 5,Running,Zapatillas Running,65,False,3,63.75,191.25,63.35333333333333,1.0259917920656636,0,0,0,0,0,0,0,0,0,0,0,0,0,0,0,0,0,0,1,0,0,0,0,0,0,0,1,0,0,0,0,0,0,0,0,0,0,0,0,0,0,0,1,0
2024-11-16,PROD_009,Bowflex SelectTech 552,Fitness,Mancuernas Ajustables,400,True,3,401.88,1205.64,388.84666666666664,1.028683114166681,0,0,0,1,0,0,0,0,0,0,0,0,0,0,0,0,0,0,0,0,0,0,0,0,1,0,0,0,0,0,0,0,0,0,0,1,0,0,0,0,0,0,0,0
2024-11-16,PROD_010,Domyos BM900,Fitness,Banco Gimnasio,175,True,3,171.41,514.23,179.24333333333334,0.9763264091644506,0,0,0,0,0,0,1,0,0,0,0,0,0,0,0,0,0,0,0,0,0,0,0,0,1,0,0,0,1,0,0,0,0,0,0,0,0,0,0,0,0,0,0,0
2024-11-16,PROD_011,Reebok Professional Deck,Fitness,Esterilla Fitness,45,False,5,45.26,226.3,43.37,1.0375835831219737,0,0,0,0,0,0,0,0,0,0,0,0,0,0,0,0,0,0,0,1,0,0,0,0,1,0,0,0,0,0,0,0,0,1,0,0,0,0,0,0,0,0,0,0
2024-11-16,PROD_012,Domyos Kit Mancuernas 20kg,Fitness,Pesas Casa,55,False,5,56.19,280.95,54.52,1.0088041085840058,0,0,0,0,0,0,0,1,0,0,0,0,0,0,0,0,0,0,0,0,0,0,0,0,1,0,0,0,0,0,0,0,0,0,0,0,0,0,1,0,0,0,0,0
2024-11-16,PROD_013,Decathlon Bandas Elásticas Set,Fitness,Bandas Elásticas,25,False,5,25.62,128.1,24.316666666666663,1.0281014393420151,0,0,0,0,0,1,0,0,0,0,0,0,0,0,0,0,0,0,0,0,0,0,0,0,1,0,0,0,0,1,0,0,0,0,0,0,0,0,0,0,0,0,0,0
2024-11-16,PROD_014,Sveltus Kettlebell 12kg,Fitness,Pesa Rusa,40,False,5,39.35,196.75,39.54,1.0116337885685383,0,0,0,0,0,0,0,0,0,0,0,0,0,0,0,0,0,0,0,0,0,1,0,0,1,0,0,0,0,0,0,0,0,0,0,0,0,1,0,0,0,0,0,0
2024-11-16,PROD_015,Salomon Speedcross 5 GTX,Outdoor,Zapatillas Trail,150,True,6,147.97,887.82,151.59,0.9895111814763506,0,0,0,0,0,0,0,0,0,0,0,0,0,0,0,0,0,0,0,0,1,0,0,0,0,1,0,0,0,0,0,0,0,0,0,0,0,0,0,0,0,0,0,1
2024-11-16,PROD_016,Trek Marlin 7,Outdoor,Bicicleta Montaña,830,True,5,817.69,4088.45,829.2366666666667,1.0009205253023865,0,0,0,0,0,0,0,0,0,0,0,0,0,0,0,0,0,0,0,0,0,0,0,1,0,1,0,0,0,0,1,0,0,0,0,0,0,0,0,0,0,0,0,0
2024-11-16,PROD_017,The North Face Borealis,Outdoor,Mochila Trekking,95,False,4,97.7,390.8,91.00666666666666,1.0438795692623253,0,0,0,0,0,0,0,0,0,0,0,0,0,0,0,0,0,0,0,0,0,0,1,0,0,1,0,0,0,0,0,0,0,0,0,0,1,0,0,0,0,0,0,0
2024-11-16,PROD_018,Columbia Silver Ridge,Outdoor,Ropa Montaña,70,False,3,69.08,207.24,66.27,1.0562848951259998,0,0,0,0,1,0,0,0,0,0,0,0,0,0,0,0,0,0,0,0,0,0,0,0,0,1,0,0,0,0,0,0,0,0,0,0,0,0,0,0,1,0,0,0
2024-11-16,PROD_019,Merrell Moab 2 GTX,Outdoor,Zapatillas Trail,110,False,3,110.68,332.04,107.35333333333334,1.0246537912190274,0,0,0,0,0,0,0,0,0,0,0,0,1,0,0,0,0,0,0,0,0,0,0,0,0,1,0,0,0,0,0,0,0,0,0,0,0,0,0,0,0,0,0,1
2024-11-16,PROD_020,Quechua MH500,Outdoor,Ropa Montaña,80,False,2,82.32,164.64,77.08999999999999,1.0377480866519653,0,0,0,0,0,0,0,0,0,0,0,0,0,0,0,0,0,1,0,0,0,0,0,0,0,1,0,0,0,0,0,0,0,0,0,0,0,0,0,0,1,0,0,0
2024-11-16,PROD_021,Manduka PRO Yoga Mat,Wellness,Esterilla Yoga,130,True,9,127.13,1144.17,129.07666666666668,1.0071533713813494,0,0,0,0,0,0,0,0,0,0,0,1,0,0,0,0,0,0,0,0,0,0,0,0,0,0,0,1,0,0,0,0,0,0,1,0,0,0,0,0,0,0,0,0
2024-11-16,PROD_022,Gaiam Premium Yoga Block,Wellness,Bloque Yoga,20,False,2,20.43,40.86,20.25333333333333,0.9874917709019093,0,0,0,0,0,0,0,0,1,0,0,0,0,0,0,0,0,0,0,0,0,0,0,0,0,0,0,1,0,0,0,1,0,0,0,0,0,0,0,0,0,0,0,0
2024-11-16,PROD_023,Liforme Yoga Pad,Wellness,Rodillera Yoga,35,False,2,34.97,69.94,34.71666666666667,1.0081613058089294,0,0,0,0,0,0,0,0,0,1,0,0,0,0,0,0,0,0,0,0,0,0,0,0,0,0,0,1,0,0,0,0,0,0,0,0,0,0,0,1,0,0,0,0
2024-11-16,PROD_024,Lotuscrafts Yoga Bolster,Wellness,Cojín Yoga,50,False,2,51.02,102.04,47.64000000000001,1.049538203190596,0,0,0,0,0,0,0,0,0,0,1,0,0,0,0,0,0,0,0,0,0,0,0,0,0,0,0,1,0,0,0,0,1,0,0,0,0,0,0,0,0,0,0,0
2024-11-17,PROD_001,Nike Air Zoom Pegasus 40,Running,Zapatillas Running,115,True,16,114.79,1836.64,105.06,1.0946126023224825,0,0,0,0,0,0,0,0,0,0,0,0,0,0,1,0,0,0,0,0,0,0,0,0,0,0,1,0,0,0,0,0,0,0,0,0,0,0,0,0,0,0,1,0
2024-11-17,PROD_002,Adidas Ultraboost 23,Running,Zapatillas Running,135,True,16,138.54,2216.64,127.04666666666667,1.062601668678176,0,1,0,0,0,0,0,0,0,0,0,0,0,0,0,0,0,0,0,0,0,0,0,0,0,0,1,0,0,0,0,0,0,0,0,0,0,0,0,0,0,0,1,0
2024-11-17,PROD_003,Asics Gel Nimbus 25,Running,Zapatillas Running,85,False,3,82.94,248.82,81.19,1.0469269614484542,0,0,1,0,0,0,0,0,0,0,0,0,0,0,0,0,0,0,0,0,0,0,0,0,0,0,1,0,0,0,0,0,0,0,0,0,0,0,0,0,0,0,1,0
2024-11-17,PROD_004,New Balance Fresh Foam X 1080v12,Running,Zapatillas Running,75,False,3,73.44,220.32,71.0,1.056338028169014,0,0,0,0,0,0,0,0,0,0,0,0,0,1,0,0,0,0,0,0,0,0,0,0,0,0,1,0,0,0,0,0,0,0,0,0,0,0,0,0,0,0,1,0
2024-11-17,PROD_005,Nike Dri-FIT Miler,Running,Ropa Running,35,False,3,34.8,104.4,33.580000000000005,1.0422870756402618,0,0,0,0,0,0,0,0,0,0,0,0,0,0,0,1,0,0,0,0,0,0,0,0,0,0,1,0,0,0,0,0,0,0,0,0,0,0,0,0,0,1,0,0
2024-11-17,PROD_006,Adidas Own The Run Jacket,Running,Ropa Running,65,False,2,63.21,126.42,62.19666666666666,1.0450720831770193,1,0,0,0,0,0,0,0,0,0,0,0,0,0,0,0,0,0,0,0,0,0,0,0,0,0,1,0,0,0,0,0,0,0,0,0,0,0,0,0,0,1,0,0
2024-11-17,PROD_007,Puma Velocity Nitro 2,Running,Zapatillas Running,70,False,3,68.82,206.46,68.92333333333333,1.015621221647241,0,0,0,0,0,0,0,0,0,0,0,0,0,0,0,0,1,0,0,0,0,0,0,0,0,0,1,0,0,0,0,0,0,0,0,0,0,0,0,0,0,0,1,0
2024-11-17,PROD_008,Reebok Floatride Energy 5,Running,Zapatillas Running,65,False,3,64.34,193.02,63.29999999999999,1.0268562401263825,0,0,0,0,0,0,0,0,0,0,0,0,0,0,0,0,0,0,1,0,0,0,0,0,0,0,1,0,0,0,0,0,0,0,0,0,0,0,0,0,0,0,1,0
2024-11-17,PROD_009,Bowflex SelectTech 552,Fitness,Mancuernas Ajustables,400,True,3,399.07,1197.21,389.21,1.0277228231545952,0,0,0,1,0,0,0,0,0,0,0,0,0,0,0,0,0,0,0,0,0,0,0,0,1,0,0,0,0,0,0,0,0,0,0,1,0,0,0,0,0,0,0,0
2024-11-17,PROD_010,Domyos BM900,Fitness,Banco Gimnasio,175,True,3,179.8,539.4,176.89333333333332,0.9892967513379062,0,0,0,0,0,0,1,0,0,0,0,0,0,0,0,0,0,0,0,0,0,0,0,0,1,0,0,0,1,0,0,0,0,0,0,0,0,0,0,0,0,0,0,0
2024-11-17,PROD_011,Reebok Professional Deck,Fitness,Esterilla Fitness,45,False,4,44.44,177.76,43.24,1.0407030527289547,0,0,0,0,0,0,0,0,0,0,0,0,0,0,0,0,0,0,0,1,0,0,0,0,1,0,0,0,0,0,0,0,0,1,0,0,0,0,0,0,0,0,0,0
2024-11-17,PROD_012,Domyos Kit Mancuernas 20kg,Fitness,Pesas Casa,55,False,5,53.36,266.8,52.85333333333333,1.0406155398587287,0,0,0,0,0,0,0,1,0,0,0,0,0,0,0,0,0,0,0,0,0,0,0,0,1,0,0,0,0,0,0,0,0,0,0,0,0,0,1,0,0,0,0,0
2024-11-17,PROD_013,Decathlon Bandas Elásticas Set,Fitness,Bandas Elásticas,25,False,5,25.15,125.75,25.58,0.9773260359655982,0,0,0,0,0,1,0,0,0,0,0,0,0,0,0,0,0,0,0,0,0,0,0,0,1,0,0,0,0,1,0,0,0,0,0,0,0,0,0,0,0,0,0,0
2024-11-17,PROD_014,Sveltus Kettlebell 12kg,Fitness,Pesa Rusa,40,False,3,40.6,121.8,39.52666666666667,1.0119750379490637,0,0,0,0,0,0,0,0,0,0,0,0,0,0,0,0,0,0,0,0,0,1,0,0,1,0,0,0,0,0,0,0,0,0,0,0,0,1,0,0,0,0,0,0
2024-11-17,PROD_015,Salomon Speedcross 5 GTX,Outdoor,Zapatillas Trail,150,True,4,154.01,616.04,150.31666666666666,0.9978933362900544,0,0,0,0,0,0,0,0,0,0,0,0,0,0,0,0,0,0,0,0,1,0,0,0,0,1,0,0,0,0,0,0,0,0,0,0,0,0,0,0,0,0,0,1
2024-11-17,PROD_016,Trek Marlin 7,Outdoor,Bicicleta Montaña,830,True,3,825.04,2475.12,828.2233333333334,1.0021451540848483,0,0,0,0,0,0,0,0,0,0,0,0,0,0,0,0,0,0,0,0,0,0,0,1,0,1,0,0,0,0,1,0,0,0,0,0,0,0,0,0,0,0,0,0
2024-11-17,PROD_017,The North Face Borealis,Outdoor,Mochila Trekking,95,False,3,93.84,281.52,94.81666666666668,1.0019335559852345,0,0,0,0,0,0,0,0,0,0,0,0,0,0,0,0,0,0,0,0,0,0,1,0,0,1,0,0,0,0,0,0,0,0,0,0,1,0,0,0,0,0,0,0
2024-11-17,PROD_018,Columbia Silver Ridge,Outdoor,Ropa Montaña,70,False,3,68.56,205.68,67.05666666666667,1.04389322463588,0,0,0,0,1,0,0,0,0,0,0,0,0,0,0,0,0,0,0,0,0,0,0,0,0,1,0,0,0,0,0,0,0,0,0,0,0,0,0,0,1,0,0,0
2024-11-17,PROD_019,Merrell Moab 2 GTX,Outdoor,Zapatillas Trail,110,False,3,113.18,339.54,104.67333333333333,1.0508884784408636,0,0,0,0,0,0,0,0,0,0,0,0,1,0,0,0,0,0,0,0,0,0,0,0,0,1,0,0,0,0,0,0,0,0,0,0,0,0,0,0,0,0,0,1
2024-11-17,PROD_020,Quechua MH500,Outdoor,Ropa Montaña,80,False,2,82.39,164.78,78.45666666666666,1.0196711560521732,0,0,0,0,0,0,0,0,0,0,0,0,0,0,0,0,0,1,0,0,0,0,0,0,0,1,0,0,0,0,0,0,0,0,0,0,0,0,0,0,1,0,0,0
2024-11-17,PROD_021,Manduka PRO Yoga Mat,Wellness,Esterilla Yoga,130,True,7,130.03,910.21,130.72666666666666,0.9944413279616503,0,0,0,0,0,0,0,0,0,0,0,1,0,0,0,0,0,0,0,0,0,0,0,0,0,0,0,1,0,0,0,0,0,0,1,0,0,0,0,0,0,0,0,0
2024-11-17,PROD_022,Gaiam Premium Yoga Block,Wellness,Bloque Yoga,20,False,2,19.4,38.8,18.773333333333333,1.0653409090909092,0,0,0,0,0,0,0,0,1,0,0,0,0,0,0,0,0,0,0,0,0,0,0,0,0,0,0,1,0,0,0,1,0,0,0,0,0,0,0,0,0,0,0,0
2024-11-17,PROD_023,Liforme Yoga Pad,Wellness,Rodillera Yoga,35,False,2,35.64,71.28,33.77666666666667,1.036218296654495,0,0,0,0,0,0,0,0,0,1,0,0,0,0,0,0,0,0,0,0,0,0,0,0,0,0,0,1,0,0,0,0,0,0,0,0,0,0,0,1,0,0,0,0
2024-11-17,PROD_024,Lotuscrafts Yoga Bolster,Wellness,Cojín Yoga,50,False,2,48.75,97.5,48.376666666666665,1.0335561220974299,0,0,0,0,0,0,0,0,0,0,1,0,0,0,0,0,0,0,0,0,0,0,0,0,0,0,0,1,0,0,0,0,1,0,0,0,0,0,0,0,0,0,0,0
2024-11-18,PROD_001,Nike Air Zoom Pegasus 40,Running,Zapatillas Running,115,True,17,116.24,1976.08,107.69999999999999,1.0677808727948004,0,0,0,0,0,0,0,0,0,0,0,0,0,0,1,0,0,0,0,0,0,0,0,0,0,0,1,0,0,0,0,0,0,0,0,0,0,0,0,0,0,0,1,0
2024-11-18,PROD_002,Adidas Ultraboost 23,Running,Zapatillas Running,135,True,14,138.76,1942.64,125.42999999999999,1.0762975364745277,0,1,0,0,0,0,0,0,0,0,0,0,0,0,0,0,0,0,0,0,0,0,0,0,0,0,1,0,0,0,0,0,0,0,0,0,0,0,0,0,0,0,1,0
2024-11-18,PROD_003,Asics Gel Nimbus 25,Running,Zapatillas Running,85,False,3,86.38,259.14,81.42,1.0439695406534022,0,0,1,0,0,0,0,0,0,0,0,0,0,0,0,0,0,0,0,0,0,0,0,0,0,0,1,0,0,0,0,0,0,0,0,0,0,0,0,0,0,0,1,0
2024-11-18,PROD_004,New Balance Fresh Foam X 1080v12,Running,Zapatillas Running,75,False,2,73.4,146.8,76.32000000000001,0.9827044025157232,0,0,0,0,0,0,0,0,0,0,0,0,0,1,0,0,0,0,0,0,0,0,0,0,0,0,1,0,0,0,0,0,0,0,0,0,0,0,0,0,0,0,1,0
2024-11-18,PROD_005,Nike Dri-FIT Miler,Running,Ropa Running,35,False,2,34.59,69.18,32.63333333333333,1.0725229826353422,0,0,0,0,0,0,0,0,0,0,0,0,0,0,0,1,0,0,0,0,0,0,0,0,0,0,1,0,0,0,0,0,0,0,0,0,0,0,0,0,0,1,0,0
2024-11-18,PROD_006,Adidas Own The Run Jacket,Running,Ropa Running,65,False,2,66.62,133.24,63.596666666666664,1.0220661460244247,1,0,0,0,0,0,0,0,0,0,0,0,0,0,0,0,0,0,0,0,0,0,0,0,0,0,1,0,0,0,0,0,0,0,0,0,0,0,0,0,0,1,0,0
2024-11-18,PROD_007,Puma Velocity Nitro 2,Running,Zapatillas Running,70,False,3,67.95,203.85,68.63,1.0199621156928458,0,0,0,0,0,0,0,0,0,0,0,0,0,0,0,0,1,0,0,0,0,0,0,0,0,0,1,0,0,0,0,0,0,0,0,0,0,0,0,0,0,0,1,0
2024-11-18,PROD_008,Reebok Floatride Energy 5,Running,Zapatillas Running,65,False,2,65.91,131.82,63.98,1.015942482025633,0,0,0,0,0,0,0,0,0,0,0,0,0,0,0,0,0,0,1,0,0,0,0,0,0,0,1,0,0,0,0,0,0,0,0,0,0,0,0,0,0,0,1,0
2024-11-18,PROD_009,Bowflex SelectTech 552,Fitness,Mancuernas Ajustables,400,True,3,403.45,1210.35,386.71999999999997,1.034340091021928,0,0,0,1,0,0,0,0,0,0,0,0,0,0,0,0,0,0,0,0,0,0,0,0,1,0,0,0,0,0,0,0,0,0,0,1,0,0,0,0,0,0,0,0
2024-11-18,PROD_010,Domyos BM900,Fitness,Banco Gimnasio,175,True,3,173.2,519.6,180.83666666666667,0.9677240972516635,0,0,0,0,0,0,1,0,0,0,0,0,0,0,0,0,0,0,0,0,0,0,0,0,1,0,0,0,1,0,0,0,0,0,0,0,0,0,0,0,0,0,0,0
2024-11-18,PROD_011,Reebok Professional Deck,Fitness,Esterilla Fitness,45,False,3,45.68,137.04,43.38999999999999,1.0371053238073291,0,0,0,0,0,0,0,0,0,0,0,0,0,0,0,0,0,0,0,1,0,0,0,0,1,0,0,0,0,0,0,0,0,1,0,0,0,0,0,0,0,0,0,0
2024-11-18,PROD_012,Domyos Kit Mancuernas 20kg,Fitness,Pesas Casa,55,False,5,56.33,281.65,54.76333333333333,1.0043216263923551,0,0,0,0,0,0,0,1,0,0,0,0,0,0,0,0,0,0,0,0,0,0,0,0,1,0,0,0,0,0,0,0,0,0,0,0,0,0,1,0,0,0,0,0
2024-11-18,PROD_013,Decathlon Bandas Elásticas Set,Fitness,Bandas Elásticas,25,False,4,24.32,97.28,23.939999999999998,1.0442773600668338,0,0,0,0,0,1,0,0,0,0,0,0,0,0,0,0,0,0,0,0,0,0,0,0,1,0,0,0,0,1,0,0,0,0,0,0,0,0,0,0,0,0,0,0
2024-11-18,PROD_014,Sveltus Kettlebell 12kg,Fitness,Pesa Rusa,40,False,3,40.75,122.25,40.43,0.9893643334157803,0,0,0,0,0,0,0,0,0,0,0,0,0,0,0,0,0,0,0,0,0,1,0,0,1,0,0,0,0,0,0,0,0,0,0,0,0,1,0,0,0,0,0,0
2024-11-18,PROD_015,Salomon Speedcross 5 GTX,Outdoor,Zapatillas Trail,150,True,4,147.32,589.28,151.95000000000002,0.9871668311944718,0,0,0,0,0,0,0,0,0,0,0,0,0,0,0,0,0,0,0,0,1,0,0,0,0,1,0,0,0,0,0,0,0,0,0,0,0,0,0,0,0,0,0,1
2024-11-18,PROD_016,Trek Marlin 7,Outdoor,Bicicleta Montaña,830,True,4,809.36,3237.44,831.2266666666668,0.998524269352924,0,0,0,0,0,0,0,0,0,0,0,0,0,0,0,0,0,0,0,0,0,0,0,1,0,1,0,0,0,0,1,0,0,0,0,0,0,0,0,0,0,0,0,0
2024-11-18,PROD_017,The North Face Borealis,Outdoor,Mochila Trekking,95,False,3,95.8,287.4,93.97333333333334,1.0109250851305334,0,0,0,0,0,0,0,0,0,0,0,0,0,0,0,0,0,0,0,0,0,0,1,0,0,1,0,0,0,0,0,0,0,0,0,0,1,0,0,0,0,0,0,0
2024-11-18,PROD_018,Columbia Silver Ridge,Outdoor,Ropa Montaña,70,False,2,68.03,136.06,65.37333333333333,1.0707729961248216,0,0,0,0,1,0,0,0,0,0,0,0,0,0,0,0,0,0,0,0,0,0,0,0,0,1,0,0,0,0,0,0,0,0,0,0,0,0,0,0,1,0,0,0
2024-11-18,PROD_019,Merrell Moab 2 GTX,Outdoor,Zapatillas Trail,110,False,2,112.43,224.86,107.71999999999998,1.021165985889343,0,0,0,0,0,0,0,0,0,0,0,0,1,0,0,0,0,0,0,0,0,0,0,0,0,1,0,0,0,0,0,0,0,0,0,0,0,0,0,0,0,0,0,1
2024-11-18,PROD_020,Quechua MH500,Outdoor,Ropa Montaña,80,False,2,77.97,155.94,79.51333333333334,1.0061205667812525,0,0,0,0,0,0,0,0,0,0,0,0,0,0,0,0,0,1,0,0,0,0,0,0,0,1,0,0,0,0,0,0,0,0,0,0,0,0,0,0,1,0,0,0
2024-11-18,PROD_021,Manduka PRO Yoga Mat,Wellness,Esterilla Yoga,130,True,6,133.48,800.88,131.73,0.9868670765960678,0,0,0,0,0,0,0,0,0,0,0,1,0,0,0,0,0,0,0,0,0,0,0,0,0,0,0,1,0,0,0,0,0,0,1,0,0,0,0,0,0,0,0,0
2024-11-18,PROD_022,Gaiam Premium Yoga Block,Wellness,Bloque Yoga,20,False,1,19.99,19.99,19.200000000000003,1.0416666666666665,0,0,0,0,0,0,0,0,1,0,0,0,0,0,0,0,0,0,0,0,0,0,0,0,0,0,0,1,0,0,0,1,0,0,0,0,0,0,0,0,0,0,0,0
2024-11-18,PROD_023,Liforme Yoga Pad,Wellness,Rodillera Yoga,35,False,1,35.7,35.7,34.13666666666666,1.0252904989747096,0,0,0,0,0,0,0,0,0,1,0,0,0,0,0,0,0,0,0,0,0,0,0,0,0,0,0,1,0,0,0,0,0,0,0,0,0,0,0,1,0,0,0,0
2024-11-18,PROD_024,Lotuscrafts Yoga Bolster,Wellness,Cojín Yoga,50,False,1,51.14,51.14,48.43000000000001,1.0324179227751393,0,0,0,0,0,0,0,0,0,0,1,0,0,0,0,0,0,0,0,0,0,0,0,0,0,0,0,1,0,0,0,0,1,0,0,0,0,0,0,0,0,0,0,0
2024-11-19,PROD_001,Nike Air Zoom Pegasus 40,Running,Zapatillas Running,115,True,12,118.2,1418.4,106.57333333333332,1.0790691855373453,0,0,0,0,0,0,0,0,0,0,0,0,0,0,1,0,0,0,0,0,0,0,0,0,0,0,1,0,0,0,0,0,0,0,0,0,0,0,0,0,0,0,1,0
2024-11-19,PROD_002,Adidas Ultraboost 23,Running,Zapatillas Running,135,True,18,137.68,2478.24,124.83,1.0814708002883922,0,1,0,0,0,0,0,0,0,0,0,0,0,0,0,0,0,0,0,0,0,0,0,0,0,0,1,0,0,0,0,0,0,0,0,0,0,0,0,0,0,0,1,0
2024-11-19,PROD_003,Asics Gel Nimbus 25,Running,Zapatillas Running,85,False,3,86.69,260.07,81.76333333333332,1.0395857964042563,0,0,1,0,0,0,0,0,0,0,0,0,0,0,0,0,0,0,0,0,0,0,0,0,0,0,1,0,0,0,0,0,0,0,0,0,0,0,0,0,0,0,1,0
2024-11-19,PROD_004,New Balance Fresh Foam X 1080v12,Running,Zapatillas Running,75,False,2,73.44,146.88,76.74,0.9773260359655982,0,0,0,0,0,0,0,0,0,0,0,0,0,1,0,0,0,0,0,0,0,0,0,0,0,0,1,0,0,0,0,0,0,0,0,0,0,0,0,0,0,0,1,0
2024-11-19,PROD_005,Nike Dri-FIT Miler,Running,Ropa Running,35,False,3,35.28,105.84,33.803333333333335,1.0354008480425994,0,0,0,0,0,0,0,0,0,0,0,0,0,0,0,1,0,0,0,0,0,0,0,0,0,0,1,0,0,0,0,0,0,0,0,0,0,0,0,0,0,1,0,0
2024-11-19,PROD_006,Adidas Own The Run Jacket,Running,Ropa Running,65,False,3,64.31,192.93,63.81666666666666,1.0185427004439802,1,0,0,0,0,0,0,0,0,0,0,0,0,0,0,0,0,0,0,0,0,0,0,0,0,0,1,0,0,0,0,0,0,0,0,0,0,0,0,0,0,1,0,0
2024-11-19,PROD_007,Puma Velocity Nitro 2,Running,Zapatillas Running,70,False,3,69.79,209.37,66.30333333333333,1.055753858528983,0,0,0,0,0,0,0,0,0,0,0,0,0,0,0,0,1,0,0,0,0,0,0,0,0,0,1,0,0,0,0,0,0,0,0,0,0,0,0,0,0,0,1,0
2024-11-19,PROD_008,Reebok Floatride Energy 5,Running,Zapatillas Running,65,False,3,64.29,192.87,63.65,1.021209740769835,0,0,0,0,0,0,0,0,0,0,0,0,0,0,0,0,0,0,1,0,0,0,0,0,0,0,1,0,0,0,0,0,0,0,0,0,0,0,0,0,0,0,1,0
2024-11-19,PROD_009,Bowflex SelectTech 552,Fitness,Mancuernas Ajustables,400,True,2,393.83,787.66,385.24666666666667,1.0382958104764046,0,0,0,1,0,0,0,0,0,0,0,0,0,0,0,0,0,0,0,0,0,0,0,0,1,0,0,0,0,0,0,0,0,0,0,1,0,0,0,0,0,0,0,0
2024-11-19,PROD_010,Domyos BM900,Fitness,Banco Gimnasio,175,True,3,175.98,527.94,181.8033333333333,0.9625786105865314,0,0,0,0,0,0,1,0,0,0,0,0,0,0,0,0,0,0,0,0,0,0,0,0,1,0,0,0,1,0,0,0,0,0,0,0,0,0,0,0,0,0,0,0
2024-11-19,PROD_011,Reebok Professional Deck,Fitness,Esterilla Fitness,45,False,5,45.4,227.0,44.23666666666667,1.017255670258458,0,0,0,0,0,0,0,0,0,0,0,0,0,0,0,0,0,0,0,1,0,0,0,0,1,0,0,0,0,0,0,0,0,1,0,0,0,0,0,0,0,0,0,0
2024-11-19,PROD_012,Domyos Kit Mancuernas 20kg,Fitness,Pesas Casa,55,False,4,56.28,225.12,55.68333333333334,0.9877282250823106,0,0,0,0,0,0,0,1,0,0,0,0,0,0,0,0,0,0,0,0,0,0,0,0,1,0,0,0,0,0,0,0,0,0,0,0,0,0,1,0,0,0,0,0
2024-11-19,PROD_013,Decathlon Bandas Elásticas Set,Fitness,Bandas Elásticas,25,False,4,25.55,102.2,24.52666666666667,1.0192987224789343,0,0,0,0,0,1,0,0,0,0,0,0,0,0,0,0,0,0,0,0,0,0,0,0,1,0,0,0,0,1,0,0,0,0,0,0,0,0,0,0,0,0,0,0
2024-11-19,PROD_014,Sveltus Kettlebell 12kg,Fitness,Pesa Rusa,40,False,3,39.85,119.55,38.26,1.0454783063251438,0,0,0,0,0,0,0,0,0,0,0,0,0,0,0,0,0,0,0,0,0,1,0,0,1,0,0,0,0,0,0,0,0,0,0,0,0,1,0,0,0,0,0,0
2024-11-19,PROD_015,Salomon Speedcross 5 GTX,Outdoor,Zapatillas Trail,150,True,4,148.07,592.28,151.02333333333334,0.9932240051206215,0,0,0,0,0,0,0,0,0,0,0,0,0,0,0,0,0,0,0,0,1,0,0,0,0,1,0,0,0,0,0,0,0,0,0,0,0,0,0,0,0,0,0,1
2024-11-19,PROD_016,Trek Marlin 7,Outdoor,Bicicleta Montaña,830,True,5,843.69,4218.45,823.4233333333333,1.007986981180195,0,0,0,0,0,0,0,0,0,0,0,0,0,0,0,0,0,0,0,0,0,0,0,1,0,1,0,0,0,0,1,0,0,0,0,0,0,0,0,0,0,0,0,0
2024-11-19,PROD_017,The North Face Borealis,Outdoor,Mochila Trekking,95,False,3,92.68,278.04,91.96666666666665,1.0329829648423343,0,0,0,0,0,0,0,0,0,0,0,0,0,0,0,0,0,0,0,0,0,0,1,0,0,1,0,0,0,0,0,0,0,0,0,0,1,0,0,0,0,0,0,0
2024-11-19,PROD_018,Columbia Silver Ridge,Outdoor,Ropa Montaña,70,False,2,70.37,140.74,67.36666666666666,1.0390895596239487,0,0,0,0,1,0,0,0,0,0,0,0,0,0,0,0,0,0,0,0,0,0,0,0,0,1,0,0,0,0,0,0,0,0,0,0,0,0,0,0,1,0,0,0
2024-11-19,PROD_019,Merrell Moab 2 GTX,Outdoor,Zapatillas Trail,110,False,2,110.77,221.54,106.56666666666666,1.0322177040975915,0,0,0,0,0,0,0,0,0,0,0,0,1,0,0,0,0,0,0,0,0,0,0,0,0,1,0,0,0,0,0,0,0,0,0,0,0,0,0,0,0,0,0,1
2024-11-19,PROD_020,Quechua MH500,Outdoor,Ropa Montaña,80,False,2,80.13,160.26,77.26666666666667,1.0353753235547887,0,0,0,0,0,0,0,0,0,0,0,0,0,0,0,0,0,1,0,0,0,0,0,0,0,1,0,0,0,0,0,0,0,0,0,0,0,0,0,0,1,0,0,0
2024-11-19,PROD_021,Manduka PRO Yoga Mat,Wellness,Esterilla Yoga,130,True,6,126.4,758.4,129.51999999999998,1.003705991352687,0,0,0,0,0,0,0,0,0,0,0,1,0,0,0,0,0,0,0,0,0,0,0,0,0,0,0,1,0,0,0,0,0,0,1,0,0,0,0,0,0,0,0,0
2024-11-19,PROD_022,Gaiam Premium Yoga Block,Wellness,Bloque Yoga,20,False,2,20.27,40.54,18.69666666666667,1.0697093956141914,0,0,0,0,0,0,0,0,1,0,0,0,0,0,0,0,0,0,0,0,0,0,0,0,0,0,0,1,0,0,0,1,0,0,0,0,0,0,0,0,0,0,0,0
2024-11-19,PROD_023,Liforme Yoga Pad,Wellness,Rodillera Yoga,35,False,2,34.8,69.6,34.76666666666666,1.0067114093959735,0,0,0,0,0,0,0,0,0,1,0,0,0,0,0,0,0,0,0,0,0,0,0,0,0,0,0,1,0,0,0,0,0,0,0,0,0,0,0,1,0,0,0,0
2024-11-19,PROD_024,Lotuscrafts Yoga Bolster,Wellness,Cojín Yoga,50,False,1,49.62,49.62,48.27333333333333,1.0357685402568706,0,0,0,0,0,0,0,0,0,0,1,0,0,0,0,0,0,0,0,0,0,0,0,0,0,0,0,1,0,0,0,0,1,0,0,0,0,0,0,0,0,0,0,0
2024-11-20,PROD_001,Nike Air Zoom Pegasus 40,Running,Zapatillas Running,115,True,18,115.96,2087.28,106.77999999999999,1.0769807079977525,0,0,0,0,0,0,0,0,0,0,0,0,0,0,1,0,0,0,0,0,0,0,0,0,0,0,1,0,0,0,0,0,0,0,0,0,0,0,0,0,0,0,1,0
2024-11-20,PROD_002,Adidas Ultraboost 23,Running,Zapatillas Running,135,True,16,131.1,2097.6,126.66666666666667,1.0657894736842104,0,1,0,0,0,0,0,0,0,0,0,0,0,0,0,0,0,0,0,0,0,0,0,0,0,0,1,0,0,0,0,0,0,0,0,0,0,0,0,0,0,0,1,0
2024-11-20,PROD_003,Asics Gel Nimbus 25,Running,Zapatillas Running,85,False,4,86.71,346.84,83.15333333333332,1.0222079692135013,0,0,1,0,0,0,0,0,0,0,0,0,0,0,0,0,0,0,0,0,0,0,0,0,0,0,1,0,0,0,0,0,0,0,0,0,0,0,0,0,0,0,1,0
2024-11-20,PROD_004,New Balance Fresh Foam X 1080v12,Running,Zapatillas Running,75,False,2,74.6,149.2,71.14,1.0542592071970762,0,0,0,0,0,0,0,0,0,0,0,0,0,1,0,0,0,0,0,0,0,0,0,0,0,0,1,0,0,0,0,0,0,0,0,0,0,0,0,0,0,0,1,0
2024-11-20,PROD_005,Nike Dri-FIT Miler,Running,Ropa Running,35,False,2,36.03,72.06,32.806666666666665,1.0668563300142249,0,0,0,0,0,0,0,0,0,0,0,0,0,0,0,1,0,0,0,0,0,0,0,0,0,0,1,0,0,0,0,0,0,0,0,0,0,0,0,0,0,1,0,0
2024-11-20,PROD_006,Adidas Own The Run Jacket,Running,Ropa Running,65,False,3,66.1,198.3,63.373333333333335,1.0256679991584263,1,0,0,0,0,0,0,0,0,0,0,0,0,0,0,0,0,0,0,0,0,0,0,0,0,0,1,0,0,0,0,0,0,0,0,0,0,0,0,0,0,1,0,0
2024-11-20,PROD_007,Puma Velocity Nitro 2,Running,Zapatillas Running,70,False,2,69.74,139.48,67.40666666666665,1.0384729502522008,0,0,0,0,0,0,0,0,0,0,0,0,0,0,0,0,1,0,0,0,0,0,0,0,0,0,1,0,0,0,0,0,0,0,0,0,0,0,0,0,0,0,1,0
2024-11-20,PROD_008,Reebok Floatride Energy 5,Running,Zapatillas Running,65,False,2,65.95,131.9,65.62,0.9905516610789393,0,0,0,0,0,0,0,0,0,0,0,0,0,0,0,0,0,0,1,0,0,0,0,0,0,0,1,0,0,0,0,0,0,0,0,0,0,0,0,0,0,0,1,0
2024-11-20,PROD_009,Bowflex SelectTech 552,Fitness,Mancuernas Ajustables,400,True,3,392.38,1177.14,388.7633333333333,1.028903617453635,0,0,0,1,0,0,0,0,0,0,0,0,0,0,0,0,0,0,0,0,0,0,0,0,1,0,0,0,0,0,0,0,0,0,0,1,0,0,0,0,0,0,0,0
2024-11-20,PROD_010,Domyos BM900,Fitness,Banco Gimnasio,175,True,3,170.56,511.68,179.04333333333332,0.9774170126412601,0,0,0,0,0,0,1,0,0,0,0,0,0,0,0,0,0,0,0,0,0,0,0,0,1,0,0,0,1,0,0,0,0,0,0,0,0,0,0,0,0,0,0,0
2024-11-20,PROD_011,Reebok Professional Deck,Fitness,Esterilla Fitness,45,False,4,44.19,176.76,44.419999999999995,1.0130571814497975,0,0,0,0,0,0,0,0,0,0,0,0,0,0,0,0,0,0,0,1,0,0,0,0,1,0,0,0,0,0,0,0,0,1,0,0,0,0,0,0,0,0,0,0
2024-11-20,PROD_012,Domyos Kit Mancuernas 20kg,Fitness,Pesas Casa,55,False,4,55.76,223.04,53.60333333333333,1.0260555935576146,0,0,0,0,0,0,0,1,0,0,0,0,0,0,0,0,0,0,0,0,0,0,0,0,1,0,0,0,0,0,0,0,0,0,0,0,0,0,1,0,0,0,0,0
2024-11-20,PROD_013,Decathlon Bandas Elásticas Set,Fitness,Bandas Elásticas,25,False,3,25.04,75.12,24.036666666666665,1.0400776591318819,0,0,0,0,0,1,0,0,0,0,0,0,0,0,0,0,0,0,0,0,0,0,0,0,1,0,0,0,0,1,0,0,0,0,0,0,0,0,0,0,0,0,0,0
2024-11-20,PROD_014,Sveltus Kettlebell 12kg,Fitness,Pesa Rusa,40,False,3,38.92,116.76,38.98,1.0261672652642382,0,0,0,0,0,0,0,0,0,0,0,0,0,0,0,0,0,0,0,0,0,1,0,0,1,0,0,0,0,0,0,0,0,0,0,0,0,1,0,0,0,0,0,0
2024-11-20,PROD_015,Salomon Speedcross 5 GTX,Outdoor,Zapatillas Trail,150,True,5,151.89,759.45,152.05666666666664,0.9864743407063158,0,0,0,0,0,0,0,0,0,0,0,0,0,0,0,0,0,0,0,0,1,0,0,0,0,1,0,0,0,0,0,0,0,0,0,0,0,0,0,0,0,0,0,1
2024-11-20,PROD_016,Trek Marlin 7,Outdoor,Bicicleta Montaña,830,True,4,812.01,3248.04,817.5133333333333,1.015273960873217,0,0,0,0,0,0,0,0,0,0,0,0,0,0,0,0,0,0,0,0,0,0,0,1,0,1,0,0,0,0,1,0,0,0,0,0,0,0,0,0,0,0,0,0
2024-11-20,PROD_017,The North Face Borealis,Outdoor,Mochila Trekking,95,False,2,96.82,193.64,90.26666666666665,1.0524372230428363,0,0,0,0,0,0,0,0,0,0,0,0,0,0,0,0,0,0,0,0,0,0,1,0,0,1,0,0,0,0,0,0,0,0,0,0,1,0,0,0,0,0,0,0
2024-11-20,PROD_018,Columbia Silver Ridge,Outdoor,Ropa Montaña,70,False,2,70.6,141.2,67.33666666666666,1.0395524974011188,0,0,0,0,1,0,0,0,0,0,0,0,0,0,0,0,0,0,0,0,0,0,0,0,0,1,0,0,0,0,0,0,0,0,0,0,0,0,0,0,1,0,0,0
2024-11-20,PROD_019,Merrell Moab 2 GTX,Outdoor,Zapatillas Trail,110,False,2,111.92,223.84,106.60666666666667,1.031830404602589,0,0,0,0,0,0,0,0,0,0,0,0,1,0,0,0,0,0,0,0,0,0,0,0,0,1,0,0,0,0,0,0,0,0,0,0,0,0,0,0,0,0,0,1
2024-11-20,PROD_020,Quechua MH500,Outdoor,Ropa Montaña,80,False,2,82.0,164.0,75.82333333333334,1.0550841869257483,0,0,0,0,0,0,0,0,0,0,0,0,0,0,0,0,0,1,0,0,0,0,0,0,0,1,0,0,0,0,0,0,0,0,0,0,0,0,0,0,1,0,0,0
2024-11-20,PROD_021,Manduka PRO Yoga Mat,Wellness,Esterilla Yoga,130,True,7,128.54,899.78,131.81,0.9862681131932327,0,0,0,0,0,0,0,0,0,0,0,1,0,0,0,0,0,0,0,0,0,0,0,0,0,0,0,1,0,0,0,0,0,0,1,0,0,0,0,0,0,0,0,0
2024-11-20,PROD_022,Gaiam Premium Yoga Block,Wellness,Bloque Yoga,20,False,1,19.85,19.85,19.63,1.0188487009679064,0,0,0,0,0,0,0,0,1,0,0,0,0,0,0,0,0,0,0,0,0,0,0,0,0,0,0,1,0,0,0,1,0,0,0,0,0,0,0,0,0,0,0,0
2024-11-20,PROD_023,Liforme Yoga Pad,Wellness,Rodillera Yoga,35,False,1,34.26,34.26,33.943333333333335,1.0311303152312676,0,0,0,0,0,0,0,0,0,1,0,0,0,0,0,0,0,0,0,0,0,0,0,0,0,0,0,1,0,0,0,0,0,0,0,0,0,0,0,1,0,0,0,0
2024-11-20,PROD_024,Lotuscrafts Yoga Bolster,Wellness,Cojín Yoga,50,False,1,49.37,49.37,46.76666666666667,1.0691375623663577,0,0,0,0,0,0,0,0,0,0,1,0,0,0,0,0,0,0,0,0,0,0,0,0,0,0,0,1,0,0,0,0,1,0,0,0,0,0,0,0,0,0,0,0
2024-11-21,PROD_001,Nike Air Zoom Pegasus 40,Running,Zapatillas Running,115,True,18,112.13,2018.34,108.13333333333334,1.063501849568434,0,0,0,0,0,0,0,0,0,0,0,0,0,0,1,0,0,0,0,0,0,0,0,0,0,0,1,0,0,0,0,0,0,0,0,0,0,0,0,0,0,0,1,0
2024-11-21,PROD_002,Adidas Ultraboost 23,Running,Zapatillas Running,135,True,14,138.56,1939.84,124.91666666666667,1.0807204803202135,0,1,0,0,0,0,0,0,0,0,0,0,0,0,0,0,0,0,0,0,0,0,0,0,0,0,1,0,0,0,0,0,0,0,0,0,0,0,0,0,0,0,1,0
2024-11-21,PROD_003,Asics Gel Nimbus 25,Running,Zapatillas Running,85,False,3,84.39,253.17,86.60333333333334,0.981486470882568,0,0,1,0,0,0,0,0,0,0,0,0,0,0,0,0,0,0,0,0,0,0,0,0,0,0,1,0,0,0,0,0,0,0,0,0,0,0,0,0,0,0,1,0
2024-11-21,PROD_004,New Balance Fresh Foam X 1080v12,Running,Zapatillas Running,75,False,3,75.66,226.98,73.19333333333334,1.024683486656344,0,0,0,0,0,0,0,0,0,0,0,0,0,1,0,0,0,0,0,0,0,0,0,0,0,0,1,0,0,0,0,0,0,0,0,0,0,0,0,0,0,0,1,0
2024-11-21,PROD_005,Nike Dri-FIT Miler,Running,Ropa Running,35,False,3,35.1,105.3,33.26,1.0523150932050511,0,0,0,0,0,0,0,0,0,0,0,0,0,0,0,1,0,0,0,0,0,0,0,0,0,0,1,0,0,0,0,0,0,0,0,0,0,0,0,0,0,1,0,0
2024-11-21,PROD_006,Adidas Own The Run Jacket,Running,Ropa Running,65,False,2,65.57,131.14,64.41,1.0091600683123738,1,0,0,0,0,0,0,0,0,0,0,0,0,0,0,0,0,0,0,0,0,0,0,0,0,0,1,0,0,0,0,0,0,0,0,0,0,0,0,0,0,1,0,0
2024-11-21,PROD_007,Puma Velocity Nitro 2,Running,Zapatillas Running,70,False,3,70.89,212.67,65.44333333333334,1.0696276677023377,0,0,0,0,0,0,0,0,0,0,0,0,0,0,0,0,1,0,0,0,0,0,0,0,0,0,1,0,0,0,0,0,0,0,0,0,0,0,0,0,0,0,1,0
2024-11-21,PROD_008,Reebok Floatride Energy 5,Running,Zapatillas Running,65,False,2,63.51,127.02,62.25,1.0441767068273093,0,0,0,0,0,0,0,0,0,0,0,0,0,0,0,0,0,0,1,0,0,0,0,0,0,0,1,0,0,0,0,0,0,0,0,0,0,0,0,0,0,0,1,0
2024-11-21,PROD_009,Bowflex SelectTech 552,Fitness,Mancuernas Ajustables,400,True,3,388.24,1164.72,388.0,1.0309278350515463,0,0,0,1,0,0,0,0,0,0,0,0,0,0,0,0,0,0,0,0,0,0,0,0,1,0,0,0,0,0,0,0,0,0,0,1,0,0,0,0,0,0,0,0
2024-11-21,PROD_010,Domyos BM900,Fitness,Banco Gimnasio,175,True,3,176.28,528.84,180.5666666666667,0.9691711279305888,0,0,0,0,0,0,1,0,0,0,0,0,0,0,0,0,0,0,0,0,0,0,0,0,1,0,0,0,1,0,0,0,0,0,0,0,0,0,0,0,0,0,0,0
2024-11-21,PROD_011,Reebok Professional Deck,Fitness,Esterilla Fitness,45,False,4,44.35,177.4,44.32333333333333,1.0152666014890577,0,0,0,0,0,0,0,0,0,0,0,0,0,0,0,0,0,0,0,1,0,0,0,0,1,0,0,0,0,0,0,0,0,1,0,0,0,0,0,0,0,0,0,0
2024-11-21,PROD_012,Domyos Kit Mancuernas 20kg,Fitness,Pesas Casa,55,False,4,54.34,217.36,54.05666666666667,1.0174508232102113,0,0,0,0,0,0,0,1,0,0,0,0,0,0,0,0,0,0,0,0,0,0,0,0,1,0,0,0,0,0,0,0,0,0,0,0,0,0,1,0,0,0,0,0
2024-11-21,PROD_013,Decathlon Bandas Elásticas Set,Fitness,Bandas Elásticas,25,False,3,24.99,74.97,24.830000000000002,1.0068465565847764,0,0,0,0,0,1,0,0,0,0,0,0,0,0,0,0,0,0,0,0,0,0,0,0,1,0,0,0,0,1,0,0,0,0,0,0,0,0,0,0,0,0,0,0
2024-11-21,PROD_014,Sveltus Kettlebell 12kg,Fitness,Pesa Rusa,40,False,4,39.93,159.72,38.11333333333334,1.0495014867937729,0,0,0,0,0,0,0,0,0,0,0,0,0,0,0,0,0,0,0,0,0,1,0,0,1,0,0,0,0,0,0,0,0,0,0,0,0,1,0,0,0,0,0,0
2024-11-21,PROD_015,Salomon Speedcross 5 GTX,Outdoor,Zapatillas Trail,150,True,5,146.21,731.05,153.42333333333332,0.9776870097985966,0,0,0,0,0,0,0,0,0,0,0,0,0,0,0,0,0,0,0,0,1,0,0,0,0,1,0,0,0,0,0,0,0,0,0,0,0,0,0,0,0,0,0,1
2024-11-21,PROD_016,Trek Marlin 7,Outdoor,Bicicleta Montaña,830,True,4,833.25,3333.0,835.2866666666667,0.9936708355614439,0,0,0,0,0,0,0,0,0,0,0,0,0,0,0,0,0,0,0,0,0,0,0,1,0,1,0,0,0,0,1,0,0,0,0,0,0,0,0,0,0,0,0,0
2024-11-21,PROD_017,The North Face Borealis,Outdoor,Mochila Trekking,95,False,2,93.97,187.94,92.96,1.0219449225473323,0,0,0,0,0,0,0,0,0,0,0,0,0,0,0,0,0,0,0,0,0,0,1,0,0,1,0,0,0,0,0,0,0,0,0,0,1,0,0,0,0,0,0,0
2024-11-21,PROD_018,Columbia Silver Ridge,Outdoor,Ropa Montaña,70,False,2,70.71,141.42,69.75666666666666,1.0034883165288861,0,0,0,0,1,0,0,0,0,0,0,0,0,0,0,0,0,0,0,0,0,0,0,0,0,1,0,0,0,0,0,0,0,0,0,0,0,0,0,0,1,0,0,0
2024-11-21,PROD_019,Merrell Moab 2 GTX,Outdoor,Zapatillas Trail,110,False,2,111.56,223.12,104.22000000000001,1.0554596046824025,0,0,0,0,0,0,0,0,0,0,0,0,1,0,0,0,0,0,0,0,0,0,0,0,0,1,0,0,0,0,0,0,0,0,0,0,0,0,0,0,0,0,0,1
2024-11-21,PROD_020,Quechua MH500,Outdoor,Ropa Montaña,80,False,2,79.47,158.94,80.26666666666667,0.9966777408637874,0,0,0,0,0,0,0,0,0,0,0,0,0,0,0,0,0,1,0,0,0,0,0,0,0,1,0,0,0,0,0,0,0,0,0,0,0,0,0,0,1,0,0,0
2024-11-21,PROD_021,Manduka PRO Yoga Mat,Wellness,Esterilla Yoga,130,True,6,131.44,788.64,131.75333333333333,0.9866923038000304,0,0,0,0,0,0,0,0,0,0,0,1,0,0,0,0,0,0,0,0,0,0,0,0,0,0,0,1,0,0,0,0,0,0,1,0,0,0,0,0,0,0,0,0
2024-11-21,PROD_022,Gaiam Premium Yoga Block,Wellness,Bloque Yoga,20,False,1,19.76,19.76,19.13,1.0454783063251438,0,0,0,0,0,0,0,0,1,0,0,0,0,0,0,0,0,0,0,0,0,0,0,0,0,0,0,1,0,0,0,1,0,0,0,0,0,0,0,0,0,0,0,0
2024-11-21,PROD_023,Liforme Yoga Pad,Wellness,Rodillera Yoga,35,False,1,34.22,34.22,33.26,1.0523150932050511,0,0,0,0,0,0,0,0,0,1,0,0,0,0,0,0,0,0,0,0,0,0,0,0,0,0,0,1,0,0,0,0,0,0,0,0,0,0,0,1,0,0,0,0
2024-11-21,PROD_024,Lotuscrafts Yoga Bolster,Wellness,Cojín Yoga,50,False,1,51.38,51.38,49.35999999999999,1.0129659643435982,0,0,0,0,0,0,0,0,0,0,1,0,0,0,0,0,0,0,0,0,0,0,0,0,0,0,0,1,0,0,0,0,1,0,0,0,0,0,0,0,0,0,0,0
2024-11-22,PROD_001,Nike Air Zoom Pegasus 40,Running,Zapatillas Running,115,True,18,118.06,2125.08,107.41000000000001,1.070663811563169,0,0,0,0,0,0,0,0,0,0,0,0,0,0,1,0,0,0,0,0,0,0,0,0,0,0,1,0,0,0,0,0,0,0,0,0,0,0,0,0,0,0,1,0
2024-11-22,PROD_002,Adidas Ultraboost 23,Running,Zapatillas Running,135,True,16,137.04,2192.64,124.17,1.087219135056777,0,1,0,0,0,0,0,0,0,0,0,0,0,0,0,0,0,0,0,0,0,0,0,0,0,0,1,0,0,0,0,0,0,0,0,0,0,0,0,0,0,0,1,0
2024-11-22,PROD_003,Asics Gel Nimbus 25,Running,Zapatillas Running,85,False,3,84.21,252.63,77.87333333333333,1.0915161373170106,0,0,1,0,0,0,0,0,0,0,0,0,0,0,0,0,0,0,0,0,0,0,0,0,0,0,1,0,0,0,0,0,0,0,0,0,0,0,0,0,0,0,1,0
2024-11-22,PROD_004,New Balance Fresh Foam X 1080v12,Running,Zapatillas Running,75,False,4,75.84,303.36,72.67,1.0320627494151644,0,0,0,0,0,0,0,0,0,0,0,0,0,1,0,0,0,0,0,0,0,0,0,0,0,0,1,0,0,0,0,0,0,0,0,0,0,0,0,0,0,0,1,0
2024-11-22,PROD_005,Nike Dri-FIT Miler,Running,Ropa Running,35,False,3,34.04,102.12,34.24333333333333,1.0220967584931373,0,0,0,0,0,0,0,0,0,0,0,0,0,0,0,1,0,0,0,0,0,0,0,0,0,0,1,0,0,0,0,0,0,0,0,0,0,0,0,0,0,1,0,0
2024-11-22,PROD_006,Adidas Own The Run Jacket,Running,Ropa Running,65,False,3,63.28,189.84,65.36333333333333,0.9944413279616503,1,0,0,0,0,0,0,0,0,0,0,0,0,0,0,0,0,0,0,0,0,0,0,0,0,0,1,0,0,0,0,0,0,0,0,0,0,0,0,0,0,1,0,0
2024-11-22,PROD_007,Puma Velocity Nitro 2,Running,Zapatillas Running,70,False,3,71.56,214.68,69.82666666666665,1.0024823372159635,0,0,0,0,0,0,0,0,0,0,0,0,0,0,0,0,1,0,0,0,0,0,0,0,0,0,1,0,0,0,0,0,0,0,0,0,0,0,0,0,0,0,1,0
2024-11-22,PROD_008,Reebok Floatride Energy 5,Running,Zapatillas Running,65,False,3,64.6,193.8,63.14666666666667,1.029349662162162,0,0,0,0,0,0,0,0,0,0,0,0,0,0,0,0,0,0,1,0,0,0,0,0,0,0,1,0,0,0,0,0,0,0,0,0,0,0,0,0,0,0,1,0
2024-11-22,PROD_009,Bowflex SelectTech 552,Fitness,Mancuernas Ajustables,400,True,3,391.27,1173.81,387.6966666666667,1.031734431557317,0,0,0,1,0,0,0,0,0,0,0,0,0,0,0,0,0,0,0,0,0,0,0,0,1,0,0,0,0,0,0,0,0,0,0,1,0,0,0,0,0,0,0,0
2024-11-22,PROD_010,Domyos BM900,Fitness,Banco Gimnasio,175,True,3,173.51,520.53,179.42999999999998,0.9753107061249513,0,0,0,0,0,0,1,0,0,0,0,0,0,0,0,0,0,0,0,0,0,0,0,0,1,0,0,0,1,0,0,0,0,0,0,0,0,0,0,0,0,0,0,0
2024-11-22,PROD_011,Reebok Professional Deck,Fitness,Esterilla Fitness,45,False,4,45.18,180.72,43.82666666666666,1.0267721326437482,0,0,0,0,0,0,0,0,0,0,0,0,0,0,0,0,0,0,0,1,0,0,0,0,1,0,0,0,0,0,0,0,0,1,0,0,0,0,0,0,0,0,0,0
2024-11-22,PROD_012,Domyos Kit Mancuernas 20kg,Fitness,Pesas Casa,55,False,4,55.72,222.88,50.78,1.0831035840882237,0,0,0,0,0,0,0,1,0,0,0,0,0,0,0,0,0,0,0,0,0,0,0,0,1,0,0,0,0,0,0,0,0,0,0,0,0,0,1,0,0,0,0,0
2024-11-22,PROD_013,Decathlon Bandas Elásticas Set,Fitness,Bandas Elásticas,25,False,4,24.26,97.04,24.046666666666667,1.0396451344607707,0,0,0,0,0,1,0,0,0,0,0,0,0,0,0,0,0,0,0,0,0,0,0,0,1,0,0,0,0,1,0,0,0,0,0,0,0,0,0,0,0,0,0,0
2024-11-22,PROD_014,Sveltus Kettlebell 12kg,Fitness,Pesa Rusa,40,False,3,39.16,117.48,37.54666666666667,1.0653409090909092,0,0,0,0,0,0,0,0,0,0,0,0,0,0,0,0,0,0,0,0,0,1,0,0,1,0,0,0,0,0,0,0,0,0,0,0,0,1,0,0,0,0,0,0
2024-11-22,PROD_015,Salomon Speedcross 5 GTX,Outdoor,Zapatillas Trail,150,True,4,154.14,616.56,153.57666666666668,0.9767108718772382,0,0,0,0,0,0,0,0,0,0,0,0,0,0,0,0,0,0,0,0,1,0,0,0,0,1,0,0,0,0,0,0,0,0,0,0,0,0,0,0,0,0,0,1
2024-11-22,PROD_016,Trek Marlin 7,Outdoor,Bicicleta Montaña,830,True,5,810.69,4053.45,821.7766666666666,1.010006773941014,0,0,0,0,0,0,0,0,0,0,0,0,0,0,0,0,0,0,0,0,0,0,0,1,0,1,0,0,0,0,1,0,0,0,0,0,0,0,0,0,0,0,0,0
2024-11-22,PROD_017,The North Face Borealis,Outdoor,Mochila Trekking,95,False,3,94.35,283.05,93.55666666666667,1.0154273702212562,0,0,0,0,0,0,0,0,0,0,0,0,0,0,0,0,0,0,0,0,0,0,1,0,0,1,0,0,0,0,0,0,0,0,0,0,1,0,0,0,0,0,0,0
2024-11-22,PROD_018,Columbia Silver Ridge,Outdoor,Ropa Montaña,70,False,3,69.89,209.67,67.95666666666666,1.0300681807033896,0,0,0,0,1,0,0,0,0,0,0,0,0,0,0,0,0,0,0,0,0,0,0,0,0,1,0,0,0,0,0,0,0,0,0,0,0,0,0,0,1,0,0,0
2024-11-22,PROD_019,Merrell Moab 2 GTX,Outdoor,Zapatillas Trail,110,False,3,111.27,333.81,107.54,1.0228752092244746,0,0,0,0,0,0,0,0,0,0,0,0,1,0,0,0,0,0,0,0,0,0,0,0,0,1,0,0,0,0,0,0,0,0,0,0,0,0,0,0,0,0,0,1
2024-11-22,PROD_020,Quechua MH500,Outdoor,Ropa Montaña,80,False,2,78.75,157.5,75.04,1.0660980810234542,0,0,0,0,0,0,0,0,0,0,0,0,0,0,0,0,0,1,0,0,0,0,0,0,0,1,0,0,0,0,0,0,0,0,0,0,0,0,0,0,1,0,0,0
2024-11-22,PROD_021,Manduka PRO Yoga Mat,Wellness,Esterilla Yoga,130,True,7,127.65,893.55,131.72666666666666,0.986892049192773,0,0,0,0,0,0,0,0,0,0,0,1,0,0,0,0,0,0,0,0,0,0,0,0,0,0,0,1,0,0,0,0,0,0,1,0,0,0,0,0,0,0,0,0
2024-11-22,PROD_022,Gaiam Premium Yoga Block,Wellness,Bloque Yoga,20,False,2,20.27,40.54,18.856666666666666,1.060632844263744,0,0,0,0,0,0,0,0,1,0,0,0,0,0,0,0,0,0,0,0,0,0,0,0,0,0,0,1,0,0,0,1,0,0,0,0,0,0,0,0,0,0,0,0
2024-11-22,PROD_023,Liforme Yoga Pad,Wellness,Rodillera Yoga,35,False,1,35.92,35.92,34.086666666666666,1.0267944455309994,0,0,0,0,0,0,0,0,0,1,0,0,0,0,0,0,0,0,0,0,0,0,0,0,0,0,0,1,0,0,0,0,0,0,0,0,0,0,0,1,0,0,0,0
2024-11-22,PROD_024,Lotuscrafts Yoga Bolster,Wellness,Cojín Yoga,50,False,1,49.03,49.03,47.60666666666666,1.0502730709984598,0,0,0,0,0,0,0,0,0,0,1,0,0,0,0,0,0,0,0,0,0,0,0,0,0,0,0,1,0,0,0,0,1,0,0,0,0,0,0,0,0,0,0,0
2024-11-23,PROD_001,Nike Air Zoom Pegasus 40,Running,Zapatillas Running,115,True,16,114.24,1827.84,106.60333333333334,1.078765517025734,0,0,0,0,0,0,0,0,0,0,0,0,0,0,1,0,0,0,0,0,0,0,0,0,0,0,1,0,0,0,0,0,0,0,0,0,0,0,0,0,0,0,1,0
2024-11-23,PROD_002,Adidas Ultraboost 23,Running,Zapatillas Running,135,True,21,136.0,2856.0,126.83666666666666,1.0643609891987071,0,1,0,0,0,0,0,0,0,0,0,0,0,0,0,0,0,0,0,0,0,0,0,0,0,0,1,0,0,0,0,0,0,0,0,0,0,0,0,0,0,0,1,0
2024-11-23,PROD_003,Asics Gel Nimbus 25,Running,Zapatillas Running,85,False,4,85.83,343.32,83.00666666666667,1.0240141354108103,0,0,1,0,0,0,0,0,0,0,0,0,0,0,0,0,0,0,0,0,0,0,0,0,0,0,1,0,0,0,0,0,0,0,0,0,0,0,0,0,0,0,1,0
2024-11-23,PROD_004,New Balance Fresh Foam X 1080v12,Running,Zapatillas Running,75,False,3,76.8,230.4,72.82333333333334,1.0298896873712637,0,0,0,0,0,0,0,0,0,0,0,0,0,1,0,0,0,0,0,0,0,0,0,0,0,0,1,0,0,0,0,0,0,0,0,0,0,0,0,0,0,0,1,0
2024-11-23,PROD_005,Nike Dri-FIT Miler,Running,Ropa Running,35,False,5,34.01,170.05,34.50333333333333,1.0143947444691335,0,0,0,0,0,0,0,0,0,0,0,0,0,0,0,1,0,0,0,0,0,0,0,0,0,0,1,0,0,0,0,0,0,0,0,0,0,0,0,0,0,1,0,0
2024-11-23,PROD_006,Adidas Own The Run Jacket,Running,Ropa Running,65,False,4,65.82,263.28,62.66,1.037344398340249,1,0,0,0,0,0,0,0,0,0,0,0,0,0,0,0,0,0,0,0,0,0,0,0,0,0,1,0,0,0,0,0,0,0,0,0,0,0,0,0,0,1,0,0
2024-11-23,PROD_007,Puma Velocity Nitro 2,Running,Zapatillas Running,70,False,3,69.52,208.56,66.67666666666666,1.0498425236214568,0,0,0,0,0,0,0,0,0,0,0,0,0,0,0,0,1,0,0,0,0,0,0,0,0,0,1,0,0,0,0,0,0,0,0,0,0,0,0,0,0,0,1,0
2024-11-23,PROD_008,Reebok Floatride Energy 5,Running,Zapatillas Running,65,False,4,64.64,258.56,63.166666666666664,1.029023746701847,0,0,0,0,0,0,0,0,0,0,0,0,0,0,0,0,0,0,1,0,0,0,0,0,0,0,1,0,0,0,0,0,0,0,0,0,0,0,0,0,0,0,1,0
2024-11-23,PROD_009,Bowflex SelectTech 552,Fitness,Mancuernas Ajustables,400,True,3,405.26,1215.78,386.2133333333333,1.0356970240972174,0,0,0,1,0,0,0,0,0,0,0,0,0,0,0,0,0,0,0,0,0,0,0,0,1,0,0,0,0,0,0,0,0,0,0,1,0,0,0,0,0,0,0,0
2024-11-23,PROD_010,Domyos BM900,Fitness,Banco Gimnasio,175,True,3,170.99,512.97,181.5,0.9641873278236914,0,0,0,0,0,0,1,0,0,0,0,0,0,0,0,0,0,0,0,0,0,0,0,0,1,0,0,0,1,0,0,0,0,0,0,0,0,0,0,0,0,0,0,0
2024-11-23,PROD_011,Reebok Professional Deck,Fitness,Esterilla Fitness,45,False,5,45.09,225.45,44.913333333333334,1.0019296422740092,0,0,0,0,0,0,0,0,0,0,0,0,0,0,0,0,0,0,0,1,0,0,0,0,1,0,0,0,0,0,0,0,0,1,0,0,0,0,0,0,0,0,0,0
2024-11-23,PROD_012,Domyos Kit Mancuernas 20kg,Fitness,Pesas Casa,55,False,5,54.14,270.7,54.199999999999996,1.014760147601476,0,0,0,0,0,0,0,1,0,0,0,0,0,0,0,0,0,0,0,0,0,0,0,0,1,0,0,0,0,0,0,0,0,0,0,0,0,0,1,0,0,0,0,0
2024-11-23,PROD_013,Decathlon Bandas Elásticas Set,Fitness,Bandas Elásticas,25,False,4,24.93,99.72,23.893333333333334,1.0463169642857142,0,0,0,0,0,1,0,0,0,0,0,0,0,0,0,0,0,0,0,0,0,0,0,0,1,0,0,0,0,1,0,0,0,0,0,0,0,0,0,0,0,0,0,0
2024-11-23,PROD_014,Sveltus Kettlebell 12kg,Fitness,Pesa Rusa,40,False,6,39.37,236.22,38.529999999999994,1.0381520892810798,0,0,0,0,0,0,0,0,0,0,0,0,0,0,0,0,0,0,0,0,0,1,0,0,1,0,0,0,0,0,0,0,0,0,0,0,0,1,0,0,0,0,0,0
2024-11-23,PROD_015,Salomon Speedcross 5 GTX,Outdoor,Zapatillas Trail,150,True,5,153.42,767.1,152.62,0.9828331804481719,0,0,0,0,0,0,0,0,0,0,0,0,0,0,0,0,0,0,0,0,1,0,0,0,0,1,0,0,0,0,0,0,0,0,0,0,0,0,0,0,0,0,0,1
2024-11-23,PROD_016,Trek Marlin 7,Outdoor,Bicicleta Montaña,830,True,6,839.89,5039.34,827.8333333333334,1.0026172740084558,0,0,0,0,0,0,0,0,0,0,0,0,0,0,0,0,0,0,0,0,0,0,0,1,0,1,0,0,0,0,1,0,0,0,0,0,0,0,0,0,0,0,0,0
2024-11-23,PROD_017,The North Face Borealis,Outdoor,Mochila Trekking,95,False,3,94.52,283.56,94.82666666666665,1.001827896512936,0,0,0,0,0,0,0,0,0,0,0,0,0,0,0,0,0,0,0,0,0,0,1,0,0,1,0,0,0,0,0,0,0,0,0,0,1,0,0,0,0,0,0,0
2024-11-23,PROD_018,Columbia Silver Ridge,Outdoor,Ropa Montaña,70,False,3,71.28,213.84,67.78000000000002,1.0327530244910001,0,0,0,0,1,0,0,0,0,0,0,0,0,0,0,0,0,0,0,0,0,0,0,0,0,1,0,0,0,0,0,0,0,0,0,0,0,0,0,0,1,0,0,0
2024-11-23,PROD_019,Merrell Moab 2 GTX,Outdoor,Zapatillas Trail,110,False,3,109.21,327.63,108.70333333333333,1.0119284903866794,0,0,0,0,0,0,0,0,0,0,0,0,1,0,0,0,0,0,0,0,0,0,0,0,0,1,0,0,0,0,0,0,0,0,0,0,0,0,0,0,0,0,0,1
2024-11-23,PROD_020,Quechua MH500,Outdoor,Ropa Montaña,80,False,3,81.42,244.26,76.87666666666667,1.040627845466765,0,0,0,0,0,0,0,0,0,0,0,0,0,0,0,0,0,1,0,0,0,0,0,0,0,1,0,0,0,0,0,0,0,0,0,0,0,0,0,0,1,0,0,0
2024-11-23,PROD_021,Manduka PRO Yoga Mat,Wellness,Esterilla Yoga,130,True,10,126.92,1269.2,133.02999999999997,0.9772231827407354,0,0,0,0,0,0,0,0,0,0,0,1,0,0,0,0,0,0,0,0,0,0,0,0,0,0,0,1,0,0,0,0,0,0,1,0,0,0,0,0,0,0,0,0
2024-11-23,PROD_022,Gaiam Premium Yoga Block,Wellness,Bloque Yoga,20,False,2,20.19,40.38,19.87333333333333,1.0063737001006374,0,0,0,0,0,0,0,0,1,0,0,0,0,0,0,0,0,0,0,0,0,0,0,0,0,0,0,1,0,0,0,1,0,0,0,0,0,0,0,0,0,0,0,0
2024-11-23,PROD_023,Liforme Yoga Pad,Wellness,Rodillera Yoga,35,False,3,35.41,106.23,34.72666666666667,1.0078709925129583,0,0,0,0,0,0,0,0,0,1,0,0,0,0,0,0,0,0,0,0,0,0,0,0,0,0,0,1,0,0,0,0,0,0,0,0,0,0,0,1,0,0,0,0
2024-11-23,PROD_024,Lotuscrafts Yoga Bolster,Wellness,Cojín Yoga,50,False,2,48.7,97.4,49.696666666666665,1.0061036957542424,0,0,0,0,0,0,0,0,0,0,1,0,0,0,0,0,0,0,0,0,0,0,0,0,0,0,0,1,0,0,0,0,1,0,0,0,0,0,0,0,0,0,0,0
2024-11-24,PROD_001,Nike Air Zoom Pegasus 40,Running,Zapatillas Running,115,True,16,113.28,1812.48,107.30333333333334,1.071728122767233,0,0,0,0,0,0,0,0,0,0,0,0,0,0,1,0,0,0,0,0,0,0,0,0,0,0,1,0,0,0,0,0,0,0,0,0,0,0,0,0,0,0,1,0
2024-11-24,PROD_002,Adidas Ultraboost 23,Running,Zapatillas Running,135,True,15,135.34,2030.1,125.48333333333335,1.0758400850046486,0,1,0,0,0,0,0,0,0,0,0,0,0,0,0,0,0,0,0,0,0,0,0,0,0,0,1,0,0,0,0,0,0,0,0,0,0,0,0,0,0,0,1,0
2024-11-24,PROD_003,Asics Gel Nimbus 25,Running,Zapatillas Running,85,False,4,86.15,344.6,81.68666666666667,1.0405614951440463,0,0,1,0,0,0,0,0,0,0,0,0,0,0,0,0,0,0,0,0,0,0,0,0,0,0,1,0,0,0,0,0,0,0,0,0,0,0,0,0,0,0,1,0
2024-11-24,PROD_004,New Balance Fresh Foam X 1080v12,Running,Zapatillas Running,75,False,4,73.27,293.08,74.06333333333333,1.0126468337908996,0,0,0,0,0,0,0,0,0,0,0,0,0,1,0,0,0,0,0,0,0,0,0,0,0,0,1,0,0,0,0,0,0,0,0,0,0,0,0,0,0,0,1,0
2024-11-24,PROD_005,Nike Dri-FIT Miler,Running,Ropa Running,35,False,3,34.71,104.13,33.830000000000005,1.0345846881466152,0,0,0,0,0,0,0,0,0,0,0,0,0,0,0,1,0,0,0,0,0,0,0,0,0,0,1,0,0,0,0,0,0,0,0,0,0,0,0,0,0,1,0,0
2024-11-24,PROD_006,Adidas Own The Run Jacket,Running,Ropa Running,65,False,3,64.79,194.37,62.82,1.0347023241006048,1,0,0,0,0,0,0,0,0,0,0,0,0,0,0,0,0,0,0,0,0,0,0,0,0,0,1,0,0,0,0,0,0,0,0,0,0,0,0,0,0,1,0,0
2024-11-24,PROD_007,Puma Velocity Nitro 2,Running,Zapatillas Running,70,False,2,70.15,140.3,67.09666666666668,1.0432709026777285,0,0,0,0,0,0,0,0,0,0,0,0,0,0,0,0,1,0,0,0,0,0,0,0,0,0,1,0,0,0,0,0,0,0,0,0,0,0,0,0,0,0,1,0
2024-11-24,PROD_008,Reebok Floatride Energy 5,Running,Zapatillas Running,65,False,3,63.14,189.42,64.09666666666668,1.0140932965832854,0,0,0,0,0,0,0,0,0,0,0,0,0,0,0,0,0,0,1,0,0,0,0,0,0,0,1,0,0,0,0,0,0,0,0,0,0,0,0,0,0,0,1,0
2024-11-24,PROD_009,Bowflex SelectTech 552,Fitness,Mancuernas Ajustables,400,True,3,391.01,1173.03,390.45,1.0244589576130108,0,0,0,1,0,0,0,0,0,0,0,0,0,0,0,0,0,0,0,0,0,0,0,0,1,0,0,0,0,0,0,0,0,0,0,1,0,0,0,0,0,0,0,0
2024-11-24,PROD_010,Domyos BM900,Fitness,Banco Gimnasio,175,True,4,170.98,683.92,178.39333333333332,0.9809783624201204,0,0,0,0,0,0,1,0,0,0,0,0,0,0,0,0,0,0,0,0,0,0,0,0,1,0,0,0,1,0,0,0,0,0,0,0,0,0,0,0,0,0,0,0
2024-11-24,PROD_011,Reebok Professional Deck,Fitness,Esterilla Fitness,45,False,4,45.65,182.6,43.406666666666666,1.0367071110428505,0,0,0,0,0,0,0,0,0,0,0,0,0,0,0,0,0,0,0,1,0,0,0,0,1,0,0,0,0,0,0,0,0,1,0,0,0,0,0,0,0,0,0,0
2024-11-24,PROD_012,Domyos Kit Mancuernas 20kg,Fitness,Pesas Casa,55,False,4,55.8,223.2,54.913333333333334,1.0015782445064951,0,0,0,0,0,0,0,1,0,0,0,0,0,0,0,0,0,0,0,0,0,0,0,0,1,0,0,0,0,0,0,0,0,0,0,0,0,0,1,0,0,0,0,0
2024-11-24,PROD_013,Decathlon Bandas Elásticas Set,Fitness,Bandas Elásticas,25,False,4,25.16,100.64,23.926666666666666,1.0448592922819728,0,0,0,0,0,1,0,0,0,0,0,0,0,0,0,0,0,0,0,0,0,0,0,0,1,0,0,0,0,1,0,0,0,0,0,0,0,0,0,0,0,0,0,0
2024-11-24,PROD_014,Sveltus Kettlebell 12kg,Fitness,Pesa Rusa,40,False,4,39.55,158.2,38.25666666666667,1.045569399668903,0,0,0,0,0,0,0,0,0,0,0,0,0,0,0,0,0,0,0,0,0,1,0,0,1,0,0,0,0,0,0,0,0,0,0,0,0,1,0,0,0,0,0,0
2024-11-24,PROD_015,Salomon Speedcross 5 GTX,Outdoor,Zapatillas Trail,150,True,6,147.31,883.86,151.8133333333333,0.9880555067626912,0,0,0,0,0,0,0,0,0,0,0,0,0,0,0,0,0,0,0,0,1,0,0,0,0,1,0,0,0,0,0,0,0,0,0,0,0,0,0,0,0,0,0,1
2024-11-24,PROD_016,Trek Marlin 7,Outdoor,Bicicleta Montaña,830,True,4,852.26,3409.04,829.1766666666666,1.00099295284881,0,0,0,0,0,0,0,0,0,0,0,0,0,0,0,0,0,0,0,0,0,0,0,1,0,1,0,0,0,0,1,0,0,0,0,0,0,0,0,0,0,0,0,0
2024-11-24,PROD_017,The North Face Borealis,Outdoor,Mochila Trekking,95,False,4,97.69,390.76,92.54,1.0265830992003457,0,0,0,0,0,0,0,0,0,0,0,0,0,0,0,0,0,0,0,0,0,0,1,0,0,1,0,0,0,0,0,0,0,0,0,0,1,0,0,0,0,0,0,0
2024-11-24,PROD_018,Columbia Silver Ridge,Outdoor,Ropa Montaña,70,False,3,70.34,211.02,68.03333333333335,1.0289073983341497,0,0,0,0,1,0,0,0,0,0,0,0,0,0,0,0,0,0,0,0,0,0,0,0,0,1,0,0,0,0,0,0,0,0,0,0,0,0,0,0,1,0,0,0
2024-11-24,PROD_019,Merrell Moab 2 GTX,Outdoor,Zapatillas Trail,110,False,2,109.78,219.56,110.74333333333333,0.9932877825602746,0,0,0,0,0,0,0,0,0,0,0,0,1,0,0,0,0,0,0,0,0,0,0,0,0,1,0,0,0,0,0,0,0,0,0,0,0,0,0,0,0,0,0,1
2024-11-24,PROD_020,Quechua MH500,Outdoor,Ropa Montaña,80,False,2,81.86,163.72,77.19,1.0364036792330613,0,0,0,0,0,0,0,0,0,0,0,0,0,0,0,0,0,1,0,0,0,0,0,0,0,1,0,0,0,0,0,0,0,0,0,0,0,0,0,0,1,0,0,0
2024-11-24,PROD_021,Manduka PRO Yoga Mat,Wellness,Esterilla Yoga,130,True,7,132.04,924.28,129.93666666666664,1.000487416946718,0,0,0,0,0,0,0,0,0,0,0,1,0,0,0,0,0,0,0,0,0,0,0,0,0,0,0,1,0,0,0,0,0,0,1,0,0,0,0,0,0,0,0,0
2024-11-24,PROD_022,Gaiam Premium Yoga Block,Wellness,Bloque Yoga,20,False,2,20.15,40.3,19.526666666666667,1.0242403550699897,0,0,0,0,0,0,0,0,1,0,0,0,0,0,0,0,0,0,0,0,0,0,0,0,0,0,0,1,0,0,0,1,0,0,0,0,0,0,0,0,0,0,0,0
2024-11-24,PROD_023,Liforme Yoga Pad,Wellness,Rodillera Yoga,35,False,2,35.25,70.5,34.02333333333333,1.0287057901440189,0,0,0,0,0,0,0,0,0,1,0,0,0,0,0,0,0,0,0,0,0,0,0,0,0,0,0,1,0,0,0,0,0,0,0,0,0,0,0,1,0,0,0,0
2024-11-24,PROD_024,Lotuscrafts Yoga Bolster,Wellness,Cojín Yoga,50,False,1,51.07,51.07,46.580000000000005,1.0734220695577499,0,0,0,0,0,0,0,0,0,0,1,0,0,0,0,0,0,0,0,0,0,0,0,0,0,0,0,1,0,0,0,0,1,0,0,0,0,0,0,0,0,0,0,0
2024-11-25,PROD_001,Nike Air Zoom Pegasus 40,Running,Zapatillas Running,115,True,12,116.78,1401.36,106.48333333333333,1.0799812177179526,0,0,0,0,0,0,0,0,0,0,0,0,0,0,1,0,0,0,0,0,0,0,0,0,0,0,1,0,0,0,0,0,0,0,0,0,0,0,0,0,0,0,1,0
2024-11-25,PROD_002,Adidas Ultraboost 23,Running,Zapatillas Running,135,True,15,134.82,2022.3,125.48333333333335,1.0758400850046486,0,1,0,0,0,0,0,0,0,0,0,0,0,0,0,0,0,0,0,0,0,0,0,0,0,0,1,0,0,0,0,0,0,0,0,0,0,0,0,0,0,0,1,0
2024-11-25,PROD_003,Asics Gel Nimbus 25,Running,Zapatillas Running,85,False,3,87.27,261.81,82.39666666666666,1.0315951292528016,0,0,1,0,0,0,0,0,0,0,0,0,0,0,0,0,0,0,0,0,0,0,0,0,0,0,1,0,0,0,0,0,0,0,0,0,0,0,0,0,0,0,1,0
2024-11-25,PROD_004,New Balance Fresh Foam X 1080v12,Running,Zapatillas Running,75,False,3,75.32,225.96,76.31666666666666,0.9827473247433938,0,0,0,0,0,0,0,0,0,0,0,0,0,1,0,0,0,0,0,0,0,0,0,0,0,0,1,0,0,0,0,0,0,0,0,0,0,0,0,0,0,0,1,0
2024-11-25,PROD_005,Nike Dri-FIT Miler,Running,Ropa Running,35,False,2,35.64,71.28,33.81333333333333,1.0350946372239749,0,0,0,0,0,0,0,0,0,0,0,0,0,0,0,1,0,0,0,0,0,0,0,0,0,0,1,0,0,0,0,0,0,0,0,0,0,0,0,0,0,1,0,0
2024-11-25,PROD_006,Adidas Own The Run Jacket,Running,Ropa Running,65,False,3,64.3,192.9,61.29999999999999,1.0603588907014683,1,0,0,0,0,0,0,0,0,0,0,0,0,0,0,0,0,0,0,0,0,0,0,0,0,0,1,0,0,0,0,0,0,0,0,0,0,0,0,0,0,1,0,0
2024-11-25,PROD_007,Puma Velocity Nitro 2,Running,Zapatillas Running,70,False,3,69.18,207.54,67.86333333333333,1.0314848469964144,0,0,0,0,0,0,0,0,0,0,0,0,0,0,0,0,1,0,0,0,0,0,0,0,0,0,1,0,0,0,0,0,0,0,0,0,0,0,0,0,0,0,1,0
2024-11-25,PROD_008,Reebok Floatride Energy 5,Running,Zapatillas Running,65,False,2,66.26,132.52,62.44,1.0409993593850095,0,0,0,0,0,0,0,0,0,0,0,0,0,0,0,0,0,0,1,0,0,0,0,0,0,0,1,0,0,0,0,0,0,0,0,0,0,0,0,0,0,0,1,0
2024-11-25,PROD_009,Bowflex SelectTech 552,Fitness,Mancuernas Ajustables,400,True,3,394.79,1184.37,388.23333333333335,1.030308233879969,0,0,0,1,0,0,0,0,0,0,0,0,0,0,0,0,0,0,0,0,0,0,0,0,1,0,0,0,0,0,0,0,0,0,0,1,0,0,0,0,0,0,0,0
2024-11-25,PROD_010,Domyos BM900,Fitness,Banco Gimnasio,175,True,2,174.02,348.04,178.92999999999998,0.9780361035041638,0,0,0,0,0,0,1,0,0,0,0,0,0,0,0,0,0,0,0,0,0,0,0,0,1,0,0,0,1,0,0,0,0,0,0,0,0,0,0,0,0,0,0,0
2024-11-25,PROD_011,Reebok Professional Deck,Fitness,Esterilla Fitness,45,False,4,43.95,175.8,44.196666666666665,1.0181763330567917,0,0,0,0,0,0,0,0,0,0,0,0,0,0,0,0,0,0,0,1,0,0,0,0,1,0,0,0,0,0,0,0,0,1,0,0,0,0,0,0,0,0,0,0
2024-11-25,PROD_012,Domyos Kit Mancuernas 20kg,Fitness,Pesas Casa,55,False,4,54.38,217.52,51.99666666666667,1.0577601128277454,0,0,0,0,0,0,0,1,0,0,0,0,0,0,0,0,0,0,0,0,0,0,0,0,1,0,0,0,0,0,0,0,0,0,0,0,0,0,1,0,0,0,0,0
2024-11-25,PROD_013,Decathlon Bandas Elásticas Set,Fitness,Bandas Elásticas,25,False,3,24.27,72.81,24.72666666666667,1.011054192504718,0,0,0,0,0,1,0,0,0,0,0,0,0,0,0,0,0,0,0,0,0,0,0,0,1,0,0,0,0,1,0,0,0,0,0,0,0,0,0,0,0,0,0,0
2024-11-25,PROD_014,Sveltus Kettlebell 12kg,Fitness,Pesa Rusa,40,False,3,40.18,120.54,39.45333333333333,1.013856032443393,0,0,0,0,0,0,0,0,0,0,0,0,0,0,0,0,0,0,0,0,0,1,0,0,1,0,0,0,0,0,0,0,0,0,0,0,0,1,0,0,0,0,0,0
2024-11-25,PROD_015,Salomon Speedcross 5 GTX,Outdoor,Zapatillas Trail,150,True,5,153.87,769.35,152.61,0.982897582071948,0,0,0,0,0,0,0,0,0,0,0,0,0,0,0,0,0,0,0,0,1,0,0,0,0,1,0,0,0,0,0,0,0,0,0,0,0,0,0,0,0,0,0,1
2024-11-25,PROD_016,Trek Marlin 7,Outdoor,Bicicleta Montaña,830,True,4,826.16,3304.64,819.8066666666667,1.0124338258613819,0,0,0,0,0,0,0,0,0,0,0,0,0,0,0,0,0,0,0,0,0,0,0,1,0,1,0,0,0,0,1,0,0,0,0,0,0,0,0,0,0,0,0,0
2024-11-25,PROD_017,The North Face Borealis,Outdoor,Mochila Trekking,95,False,3,93.78,281.34,91.29666666666667,1.0405637299645842,0,0,0,0,0,0,0,0,0,0,0,0,0,0,0,0,0,0,0,0,0,0,1,0,0,1,0,0,0,0,0,0,0,0,0,0,1,0,0,0,0,0,0,0
2024-11-25,PROD_018,Columbia Silver Ridge,Outdoor,Ropa Montaña,70,False,2,71.26,142.52,69.07,1.0134646011292892,0,0,0,0,1,0,0,0,0,0,0,0,0,0,0,0,0,0,0,0,0,0,0,0,0,1,0,0,0,0,0,0,0,0,0,0,0,0,0,0,1,0,0,0
2024-11-25,PROD_019,Merrell Moab 2 GTX,Outdoor,Zapatillas Trail,110,False,2,113.26,226.52,109.03666666666668,1.008834948488276,0,0,0,0,0,0,0,0,0,0,0,0,1,0,0,0,0,0,0,0,0,0,0,0,0,1,0,0,0,0,0,0,0,0,0,0,0,0,0,0,0,0,0,1
2024-11-25,PROD_020,Quechua MH500,Outdoor,Ropa Montaña,80,False,2,79.41,158.82,76.04333333333334,1.0520317362907115,0,0,0,0,0,0,0,0,0,0,0,0,0,0,0,0,0,1,0,0,0,0,0,0,0,1,0,0,0,0,0,0,0,0,0,0,0,0,0,0,1,0,0,0
2024-11-25,PROD_021,Manduka PRO Yoga Mat,Wellness,Esterilla Yoga,130,True,6,130.76,784.56,132.38666666666666,0.981972001208581,0,0,0,0,0,0,0,0,0,0,0,1,0,0,0,0,0,0,0,0,0,0,0,0,0,0,0,1,0,0,0,0,0,0,1,0,0,0,0,0,0,0,0,0
2024-11-25,PROD_022,Gaiam Premium Yoga Block,Wellness,Bloque Yoga,20,False,2,19.44,38.88,20.183333333333334,0.990916597853014,0,0,0,0,0,0,0,0,1,0,0,0,0,0,0,0,0,0,0,0,0,0,0,0,0,0,0,1,0,0,0,1,0,0,0,0,0,0,0,0,0,0,0,0
2024-11-25,PROD_023,Liforme Yoga Pad,Wellness,Rodillera Yoga,35,False,2,34.64,69.28,33.63,1.0407374368123699,0,0,0,0,0,0,0,0,0,1,0,0,0,0,0,0,0,0,0,0,0,0,0,0,0,0,0,1,0,0,0,0,0,0,0,0,0,0,0,1,0,0,0,0
2024-11-25,PROD_024,Lotuscrafts Yoga Bolster,Wellness,Cojín Yoga,50,False,2,48.75,97.5,47.24666666666667,1.0582757160999012,0,0,0,0,0,0,0,0,0,0,1,0,0,0,0,0,0,0,0,0,0,0,0,0,0,0,0,1,0,0,0,0,1,0,0,0,0,0,0,0,0,0,0,0
2024-11-26,PROD_001,Nike Air Zoom Pegasus 40,Running,Zapatillas Running,115,True,18,118.22,2127.96,98.95,1.1622031328954017,0,0,0,0,0,0,0,0,0,0,0,0,0,0,1,0,0,0,0,0,0,0,0,0,0,0,1,0,0,0,0,0,0,0,0,0,0,0,0,0,0,0,1,0
2024-11-26,PROD_002,Adidas Ultraboost 23,Running,Zapatillas Running,135,True,19,137.86,2619.34,118.40666666666668,1.1401385057147682,0,1,0,0,0,0,0,0,0,0,0,0,0,0,0,0,0,0,0,0,0,0,0,0,0,0,1,0,0,0,0,0,0,0,0,0,0,0,0,0,0,0,1,0
2024-11-26,PROD_003,Asics Gel Nimbus 25,Running,Zapatillas Running,85,False,5,84.17,420.85,78.93666666666667,1.0768126346015794,0,0,1,0,0,0,0,0,0,0,0,0,0,0,0,0,0,0,0,0,0,0,0,0,0,0,1,0,0,0,0,0,0,0,0,0,0,0,0,0,0,0,1,0
2024-11-26,PROD_004,New Balance Fresh Foam X 1080v12,Running,Zapatillas Running,75,False,4,77.1,308.4,72.06666666666666,1.0407030527289547,0,0,0,0,0,0,0,0,0,0,0,0,0,1,0,0,0,0,0,0,0,0,0,0,0,0,1,0,0,0,0,0,0,0,0,0,0,0,0,0,0,0,1,0
2024-11-26,PROD_005,Nike Dri-FIT Miler,Running,Ropa Running,35,False,4,34.23,136.92,34.64666666666667,1.0101981912641909,0,0,0,0,0,0,0,0,0,0,0,0,0,0,0,1,0,0,0,0,0,0,0,0,0,0,1,0,0,0,0,0,0,0,0,0,0,0,0,0,0,1,0,0
2024-11-26,PROD_006,Adidas Own The Run Jacket,Running,Ropa Running,65,False,4,66.35,265.4,65.43,0.9934280910897141,1,0,0,0,0,0,0,0,0,0,0,0,0,0,0,0,0,0,0,0,0,0,0,0,0,0,1,0,0,0,0,0,0,0,0,0,0,0,0,0,0,1,0,0
2024-11-26,PROD_007,Puma Velocity Nitro 2,Running,Zapatillas Running,70,False,3,71.39,214.17,67.63333333333334,1.0349926071956628,0,0,0,0,0,0,0,0,0,0,0,0,0,0,0,0,1,0,0,0,0,0,0,0,0,0,1,0,0,0,0,0,0,0,0,0,0,0,0,0,0,0,1,0
2024-11-26,PROD_008,Reebok Floatride Energy 5,Running,Zapatillas Running,65,False,3,66.58,199.74,63.21666666666667,1.0282098602689165,0,0,0,0,0,0,0,0,0,0,0,0,0,0,0,0,0,0,1,0,0,0,0,0,0,0,1,0,0,0,0,0,0,0,0,0,0,0,0,0,0,0,1,0
2024-11-26,PROD_009,Bowflex SelectTech 552,Fitness,Mancuernas Ajustables,400,True,3,388.12,1164.36,362.49333333333334,1.103468569536911,0,0,0,1,0,0,0,0,0,0,0,0,0,0,0,0,0,0,0,0,0,0,0,0,1,0,0,0,0,0,0,0,0,0,0,1,0,0,0,0,0,0,0,0
2024-11-26,PROD_010,Domyos BM900,Fitness,Banco Gimnasio,175,True,3,179.48,538.44,162.1933333333333,1.0789592667187309,0,0,0,0,0,0,1,0,0,0,0,0,0,0,0,0,0,0,0,0,0,0,0,0,1,0,0,0,1,0,0,0,0,0,0,0,0,0,0,0,0,0,0,0
2024-11-26,PROD_011,Reebok Professional Deck,Fitness,Esterilla Fitness,45,False,5,45.42,227.1,44.326666666666675,1.0151902541735598,0,0,0,0,0,0,0,0,0,0,0,0,0,0,0,0,0,0,0,1,0,0,0,0,1,0,0,0,0,0,0,0,0,1,0,0,0,0,0,0,0,0,0,0
2024-11-26,PROD_012,Domyos Kit Mancuernas 20kg,Fitness,Pesas Casa,55,False,6,54.29,325.74,53.56333333333333,1.0268218308544403,0,0,0,0,0,0,0,1,0,0,0,0,0,0,0,0,0,0,0,0,0,0,0,0,1,0,0,0,0,0,0,0,0,0,0,0,0,0,1,0,0,0,0,0
2024-11-26,PROD_013,Decathlon Bandas Elásticas Set,Fitness,Bandas Elásticas,25,False,3,24.32,72.96,24.676666666666666,1.0131027961637173,0,0,0,0,0,1,0,0,0,0,0,0,0,0,0,0,0,0,0,0,0,0,0,0,1,0,0,0,0,1,0,0,0,0,0,0,0,0,0,0,0,0,0,0
2024-11-26,PROD_014,Sveltus Kettlebell 12kg,Fitness,Pesa Rusa,40,False,4,39.69,158.76,38.26,1.0454783063251438,0,0,0,0,0,0,0,0,0,0,0,0,0,0,0,0,0,0,0,0,0,1,0,0,1,0,0,0,0,0,0,0,0,0,0,0,0,1,0,0,0,0,0,0
2024-11-26,PROD_015,Salomon Speedcross 5 GTX,Outdoor,Zapatillas Trail,150,True,5,146.52,732.6,142.07333333333335,1.055792783069776,0,0,0,0,0,0,0,0,0,0,0,0,0,0,0,0,0,0,0,0,1,0,0,0,0,1,0,0,0,0,0,0,0,0,0,0,0,0,0,0,0,0,0,1
2024-11-26,PROD_016,Trek Marlin 7,Outdoor,Bicicleta Montaña,830,True,4,852.11,3408.44,771.5866666666667,1.0757054727055937,0,0,0,0,0,0,0,0,0,0,0,0,0,0,0,0,0,0,0,0,0,0,0,1,0,1,0,0,0,0,1,0,0,0,0,0,0,0,0,0,0,0,0,0
2024-11-26,PROD_017,The North Face Borealis,Outdoor,Mochila Trekking,95,False,3,97.66,292.98,91.43333333333334,1.039008384979949,0,0,0,0,0,0,0,0,0,0,0,0,0,0,0,0,0,0,0,0,0,0,1,0,0,1,0,0,0,0,0,0,0,0,0,0,1,0,0,0,0,0,0,0
2024-11-26,PROD_018,Columbia Silver Ridge,Outdoor,Ropa Montaña,70,False,3,70.16,210.48,68.06333333333333,1.0284538909838876,0,0,0,0,1,0,0,0,0,0,0,0,0,0,0,0,0,0,0,0,0,0,0,0,0,1,0,0,0,0,0,0,0,0,0,0,0,0,0,0,1,0,0,0
2024-11-26,PROD_019,Merrell Moab 2 GTX,Outdoor,Zapatillas Trail,110,False,3,111.74,335.22,104.71666666666665,1.0504536049657809,0,0,0,0,0,0,0,0,0,0,0,0,1,0,0,0,0,0,0,0,0,0,0,0,0,1,0,0,0,0,0,0,0,0,0,0,0,0,0,0,0,0,0,1
2024-11-26,PROD_020,Quechua MH500,Outdoor,Ropa Montaña,80,False,3,81.49,244.47,76.43333333333334,1.0466637592673353,0,0,0,0,0,0,0,0,0,0,0,0,0,0,0,0,0,1,0,0,0,0,0,0,0,1,0,0,0,0,0,0,0,0,0,0,0,0,0,0,1,0,0,0
2024-11-26,PROD_021,Manduka PRO Yoga Mat,Wellness,Esterilla Yoga,130,True,7,133.78,936.46,123.57666666666667,1.0519785288484882,0,0,0,0,0,0,0,0,0,0,0,1,0,0,0,0,0,0,0,0,0,0,0,0,0,0,0,1,0,0,0,0,0,0,1,0,0,0,0,0,0,0,0,0
2024-11-26,PROD_022,Gaiam Premium Yoga Block,Wellness,Bloque Yoga,20,False,2,20.53,41.06,18.94666666666667,1.0555946516537649,0,0,0,0,0,0,0,0,1,0,0,0,0,0,0,0,0,0,0,0,0,0,0,0,0,0,0,1,0,0,0,1,0,0,0,0,0,0,0,0,0,0,0,0
2024-11-26,PROD_023,Liforme Yoga Pad,Wellness,Rodillera Yoga,35,False,2,34.43,68.86,34.44,1.016260162601626,0,0,0,0,0,0,0,0,0,1,0,0,0,0,0,0,0,0,0,0,0,0,0,0,0,0,0,1,0,0,0,0,0,0,0,0,0,0,0,1,0,0,0,0
2024-11-26,PROD_024,Lotuscrafts Yoga Bolster,Wellness,Cojín Yoga,50,False,2,48.69,97.38,48.04333333333333,1.0407271213487825,0,0,0,0,0,0,0,0,0,0,1,0,0,0,0,0,0,0,0,0,0,0,0,0,0,0,0,1,0,0,0,0,1,0,0,0,0,0,0,0,0,0,0,0
2024-11-27,PROD_001,Nike Air Zoom Pegasus 40,Running,Zapatillas Running,115,True,13,116.6,1515.8,98.10333333333334,1.1722333593829635,0,0,0,0,0,0,0,0,0,0,0,0,0,0,1,0,0,0,0,0,0,0,0,0,0,0,1,0,0,0,0,0,0,0,0,0,0,0,0,0,0,0,1,0
2024-11-27,PROD_002,Adidas Ultraboost 23,Running,Zapatillas Running,135,True,16,132.4,2118.4,117.18,1.152073732718894,0,1,0,0,0,0,0,0,0,0,0,0,0,0,0,0,0,0,0,0,0,0,0,0,0,0,1,0,0,0,0,0,0,0,0,0,0,0,0,0,0,0,1,0
2024-11-27,PROD_003,Asics Gel Nimbus 25,Running,Zapatillas Running,85,False,4,82.81,331.24,82.33333333333333,1.0323886639676114,0,0,1,0,0,0,0,0,0,0,0,0,0,0,0,0,0,0,0,0,0,0,0,0,0,0,1,0,0,0,0,0,0,0,0,0,0,0,0,0,0,0,1,0
2024-11-27,PROD_004,New Balance Fresh Foam X 1080v12,Running,Zapatillas Running,75,False,4,76.62,306.48,71.30666666666667,1.0517950635751683,0,0,0,0,0,0,0,0,0,0,0,0,0,1,0,0,0,0,0,0,0,0,0,0,0,0,1,0,0,0,0,0,0,0,0,0,0,0,0,0,0,0,1,0
2024-11-27,PROD_005,Nike Dri-FIT Miler,Running,Ropa Running,35,False,4,35.77,143.08,33.1,1.0574018126888216,0,0,0,0,0,0,0,0,0,0,0,0,0,0,0,1,0,0,0,0,0,0,0,0,0,0,1,0,0,0,0,0,0,0,0,0,0,0,0,0,0,1,0,0
2024-11-27,PROD_006,Adidas Own The Run Jacket,Running,Ropa Running,65,False,4,63.7,254.8,63.93666666666667,1.016631041134456,1,0,0,0,0,0,0,0,0,0,0,0,0,0,0,0,0,0,0,0,0,0,0,0,0,0,1,0,0,0,0,0,0,0,0,0,0,0,0,0,0,1,0,0
2024-11-27,PROD_007,Puma Velocity Nitro 2,Running,Zapatillas Running,70,False,3,70.65,211.95,68.81,1.0172939979654119,0,0,0,0,0,0,0,0,0,0,0,0,0,0,0,0,1,0,0,0,0,0,0,0,0,0,1,0,0,0,0,0,0,0,0,0,0,0,0,0,0,0,1,0
2024-11-27,PROD_008,Reebok Floatride Energy 5,Running,Zapatillas Running,65,False,3,63.36,190.08,63.52666666666667,1.0231923601637107,0,0,0,0,0,0,0,0,0,0,0,0,0,0,0,0,0,0,1,0,0,0,0,0,0,0,1,0,0,0,0,0,0,0,0,0,0,0,0,0,0,0,1,0
2024-11-27,PROD_009,Bowflex SelectTech 552,Fitness,Mancuernas Ajustables,400,True,3,398.17,1194.51,357.7366666666667,1.1181409043896349,0,0,0,1,0,0,0,0,0,0,0,0,0,0,0,0,0,0,0,0,0,0,0,0,1,0,0,0,0,0,0,0,0,0,0,1,0,0,0,0,0,0,0,0
2024-11-27,PROD_010,Domyos BM900,Fitness,Banco Gimnasio,175,True,3,177.79,533.37,165.86,1.0551067165078982,0,0,0,0,0,0,1,0,0,0,0,0,0,0,0,0,0,0,0,0,0,0,0,0,1,0,0,0,1,0,0,0,0,0,0,0,0,0,0,0,0,0,0,0
2024-11-27,PROD_011,Reebok Professional Deck,Fitness,Esterilla Fitness,45,False,4,43.8,175.2,43.38666666666666,1.0371850030731409,0,0,0,0,0,0,0,0,0,0,0,0,0,0,0,0,0,0,0,1,0,0,0,0,1,0,0,0,0,0,0,0,0,1,0,0,0,0,0,0,0,0,0,0
2024-11-27,PROD_012,Domyos Kit Mancuernas 20kg,Fitness,Pesas Casa,55,False,5,56.2,281.0,54.16,1.015509601181684,0,0,0,0,0,0,0,1,0,0,0,0,0,0,0,0,0,0,0,0,0,0,0,0,1,0,0,0,0,0,0,0,0,0,0,0,0,0,1,0,0,0,0,0
2024-11-27,PROD_013,Decathlon Bandas Elásticas Set,Fitness,Bandas Elásticas,25,False,5,25.7,128.5,25.136666666666667,0.9945630552977058,0,0,0,0,0,1,0,0,0,0,0,0,0,0,0,0,0,0,0,0,0,0,0,0,1,0,0,0,0,1,0,0,0,0,0,0,0,0,0,0,0,0,0,0
2024-11-27,PROD_014,Sveltus Kettlebell 12kg,Fitness,Pesa Rusa,40,False,4,40.08,160.32,39.85,1.0037641154328731,0,0,0,0,0,0,0,0,0,0,0,0,0,0,0,0,0,0,0,0,0,1,0,0,1,0,0,0,0,0,0,0,0,0,0,0,0,1,0,0,0,0,0,0
2024-11-27,PROD_015,Salomon Speedcross 5 GTX,Outdoor,Zapatillas Trail,150,True,4,150.45,601.8,138.39666666666668,1.0838411329752642,0,0,0,0,0,0,0,0,0,0,0,0,0,0,0,0,0,0,0,0,1,0,0,0,0,1,0,0,0,0,0,0,0,0,0,0,0,0,0,0,0,0,0,1
2024-11-27,PROD_016,Trek Marlin 7,Outdoor,Bicicleta Montaña,830,True,4,806.46,3225.84,754.0033333333334,1.1007908895186138,0,0,0,0,0,0,0,0,0,0,0,0,0,0,0,0,0,0,0,0,0,0,0,1,0,1,0,0,0,0,1,0,0,0,0,0,0,0,0,0,0,0,0,0
2024-11-27,PROD_017,The North Face Borealis,Outdoor,Mochila Trekking,95,False,3,95.69,287.07,88.23333333333333,1.0766905931242916,0,0,0,0,0,0,0,0,0,0,0,0,0,0,0,0,0,0,0,0,0,0,1,0,0,1,0,0,0,0,0,0,0,0,0,0,1,0,0,0,0,0,0,0
2024-11-27,PROD_018,Columbia Silver Ridge,Outdoor,Ropa Montaña,70,False,3,70.52,211.56,68.31,1.0247401551749378,0,0,0,0,1,0,0,0,0,0,0,0,0,0,0,0,0,0,0,0,0,0,0,0,0,1,0,0,0,0,0,0,0,0,0,0,0,0,0,0,1,0,0,0
2024-11-27,PROD_019,Merrell Moab 2 GTX,Outdoor,Zapatillas Trail,110,False,4,108.95,435.8,105.42999999999999,1.0433462961206488,0,0,0,0,0,0,0,0,0,0,0,0,1,0,0,0,0,0,0,0,0,0,0,0,0,1,0,0,0,0,0,0,0,0,0,0,0,0,0,0,0,0,0,1
2024-11-27,PROD_020,Quechua MH500,Outdoor,Ropa Montaña,80,False,2,78.53,157.06,76.71666666666668,1.0427981751031934,0,0,0,0,0,0,0,0,0,0,0,0,0,0,0,0,0,1,0,0,0,0,0,0,0,1,0,0,0,0,0,0,0,0,0,0,0,0,0,0,1,0,0,0
2024-11-27,PROD_021,Manduka PRO Yoga Mat,Wellness,Esterilla Yoga,130,True,9,127.21,1144.89,119.87333333333333,1.0844780601746287,0,0,0,0,0,0,0,0,0,0,0,1,0,0,0,0,0,0,0,0,0,0,0,0,0,0,0,1,0,0,0,0,0,0,1,0,0,0,0,0,0,0,0,0
2024-11-27,PROD_022,Gaiam Premium Yoga Block,Wellness,Bloque Yoga,20,False,3,20.5,61.5,19.83666666666667,1.0082339102671818,0,0,0,0,0,0,0,0,1,0,0,0,0,0,0,0,0,0,0,0,0,0,0,0,0,0,0,1,0,0,0,1,0,0,0,0,0,0,0,0,0,0,0,0
2024-11-27,PROD_023,Liforme Yoga Pad,Wellness,Rodillera Yoga,35,False,2,34.28,68.56,34.62,1.0109763142692085,0,0,0,0,0,0,0,0,0,1,0,0,0,0,0,0,0,0,0,0,0,0,0,0,0,0,0,1,0,0,0,0,0,0,0,0,0,0,0,1,0,0,0,0
2024-11-27,PROD_024,Lotuscrafts Yoga Bolster,Wellness,Cojín Yoga,50,False,2,49.77,99.54,49.03,1.0197838058331634,0,0,0,0,0,0,0,0,0,0,1,0,0,0,0,0,0,0,0,0,0,0,0,0,0,0,0,1,0,0,0,0,1,0,0,0,0,0,0,0,0,0,0,0
2024-11-28,PROD_001,Nike Air Zoom Pegasus 40,Running,Zapatillas Running,115,True,15,117.58,1763.7,99.29666666666667,1.1581456242237067,0,0,0,0,0,0,0,0,0,0,0,0,0,0,1,0,0,0,0,0,0,0,0,0,0,0,1,0,0,0,0,0,0,0,0,0,0,0,0,0,0,0,1,0
2024-11-28,PROD_002,Adidas Ultraboost 23,Running,Zapatillas Running,135,True,18,136.28,2453.04,116.64,1.1574074074074074,0,1,0,0,0,0,0,0,0,0,0,0,0,0,0,0,0,0,0,0,0,0,0,0,0,0,1,0,0,0,0,0,0,0,0,0,0,0,0,0,0,0,1,0
2024-11-28,PROD_003,Asics Gel Nimbus 25,Running,Zapatillas Running,85,False,3,87.03,261.09,82.04333333333334,1.036037866168285,0,0,1,0,0,0,0,0,0,0,0,0,0,0,0,0,0,0,0,0,0,0,0,0,0,0,1,0,0,0,0,0,0,0,0,0,0,0,0,0,0,0,1,0
2024-11-28,PROD_004,New Balance Fresh Foam X 1080v12,Running,Zapatillas Running,75,False,4,75.92,303.68,70.89333333333333,1.057927402670679,0,0,0,0,0,0,0,0,0,0,0,0,0,1,0,0,0,0,0,0,0,0,0,0,0,0,1,0,0,0,0,0,0,0,0,0,0,0,0,0,0,0,1,0
2024-11-28,PROD_005,Nike Dri-FIT Miler,Running,Ropa Running,35,False,3,35.57,106.71,34.32666666666666,1.019615459312488,0,0,0,0,0,0,0,0,0,0,0,0,0,0,0,1,0,0,0,0,0,0,0,0,0,0,1,0,0,0,0,0,0,0,0,0,0,0,0,0,0,1,0,0
2024-11-28,PROD_006,Adidas Own The Run Jacket,Running,Ropa Running,65,False,4,64.61,258.44,61.31666666666666,1.0600706713780919,1,0,0,0,0,0,0,0,0,0,0,0,0,0,0,0,0,0,0,0,0,0,0,0,0,0,1,0,0,0,0,0,0,0,0,0,0,0,0,0,0,1,0,0
2024-11-28,PROD_007,Puma Velocity Nitro 2,Running,Zapatillas Running,70,False,3,69.88,209.64,66.38666666666666,1.0544286001205063,0,0,0,0,0,0,0,0,0,0,0,0,0,0,0,0,1,0,0,0,0,0,0,0,0,0,1,0,0,0,0,0,0,0,0,0,0,0,0,0,0,0,1,0
2024-11-28,PROD_008,Reebok Floatride Energy 5,Running,Zapatillas Running,65,False,3,63.68,191.04,64.67999999999999,1.0049474335188622,0,0,0,0,0,0,0,0,0,0,0,0,0,0,0,0,0,0,1,0,0,0,0,0,0,0,1,0,0,0,0,0,0,0,0,0,0,0,0,0,0,0,1,0
2024-11-28,PROD_009,Bowflex SelectTech 552,Fitness,Mancuernas Ajustables,400,True,3,399.99,1199.97,357.20666666666665,1.119799929079338,0,0,0,1,0,0,0,0,0,0,0,0,0,0,0,0,0,0,0,0,0,0,0,0,1,0,0,0,0,0,0,0,0,0,0,1,0,0,0,0,0,0,0,0
2024-11-28,PROD_010,Domyos BM900,Fitness,Banco Gimnasio,175,True,3,170.09,510.27,168.05333333333334,1.041336083782926,0,0,0,0,0,0,1,0,0,0,0,0,0,0,0,0,0,0,0,0,0,0,0,0,1,0,0,0,1,0,0,0,0,0,0,0,0,0,0,0,0,0,0,0
2024-11-28,PROD_011,Reebok Professional Deck,Fitness,Esterilla Fitness,45,False,5,44.17,220.85,43.913333333333334,1.0247457112494307,0,0,0,0,0,0,0,0,0,0,0,0,0,0,0,0,0,0,0,1,0,0,0,0,1,0,0,0,0,0,0,0,0,1,0,0,0,0,0,0,0,0,0,0
2024-11-28,PROD_012,Domyos Kit Mancuernas 20kg,Fitness,Pesas Casa,55,False,5,55.42,277.1,53.19,1.0340289528106787,0,0,0,0,0,0,0,1,0,0,0,0,0,0,0,0,0,0,0,0,0,0,0,0,1,0,0,0,0,0,0,0,0,0,0,0,0,0,1,0,0,0,0,0
2024-11-28,PROD_013,Decathlon Bandas Elásticas Set,Fitness,Bandas Elásticas,25,False,6,24.25,145.5,23.55,1.0615711252653928,0,0,0,0,0,1,0,0,0,0,0,0,0,0,0,0,0,0,0,0,0,0,0,0,1,0,0,0,0,1,0,0,0,0,0,0,0,0,0,0,0,0,0,0
2024-11-28,PROD_014,Sveltus Kettlebell 12kg,Fitness,Pesa Rusa,40,False,4,41.02,164.08,38.48,1.0395010395010396,0,0,0,0,0,0,0,0,0,0,0,0,0,0,0,0,0,0,0,0,0,1,0,0,1,0,0,0,0,0,0,0,0,0,0,0,0,1,0,0,0,0,0,0
2024-11-28,PROD_015,Salomon Speedcross 5 GTX,Outdoor,Zapatillas Trail,150,True,6,149.94,899.64,141.09,1.06315118009781,0,0,0,0,0,0,0,0,0,0,0,0,0,0,0,0,0,0,0,0,1,0,0,0,0,1,0,0,0,0,0,0,0,0,0,0,0,0,0,0,0,0,0,1
2024-11-28,PROD_016,Trek Marlin 7,Outdoor,Bicicleta Montaña,830,True,5,819.83,4099.15,757.66,1.0954781828260698,0,0,0,0,0,0,0,0,0,0,0,0,0,0,0,0,0,0,0,0,0,0,0,1,0,1,0,0,0,0,1,0,0,0,0,0,0,0,0,0,0,0,0,0
2024-11-28,PROD_017,The North Face Borealis,Outdoor,Mochila Trekking,95,False,3,97.14,291.42,89.11666666666667,1.0660183280344118,0,0,0,0,0,0,0,0,0,0,0,0,0,0,0,0,0,0,0,0,0,0,1,0,0,1,0,0,0,0,0,0,0,0,0,0,1,0,0,0,0,0,0,0
2024-11-28,PROD_018,Columbia Silver Ridge,Outdoor,Ropa Montaña,70,False,3,71.84,215.52,68.17999999999999,1.026694045174538,0,0,0,0,1,0,0,0,0,0,0,0,0,0,0,0,0,0,0,0,0,0,0,0,0,1,0,0,0,0,0,0,0,0,0,0,0,0,0,0,1,0,0,0
2024-11-28,PROD_019,Merrell Moab 2 GTX,Outdoor,Zapatillas Trail,110,False,2,107.87,215.74,108.54666666666667,1.0133890185480898,0,0,0,0,0,0,0,0,0,0,0,0,1,0,0,0,0,0,0,0,0,0,0,0,0,1,0,0,0,0,0,0,0,0,0,0,0,0,0,0,0,0,0,1
2024-11-28,PROD_020,Quechua MH500,Outdoor,Ropa Montaña,80,False,2,80.6,161.2,78.75333333333333,1.0158300177770254,0,0,0,0,0,0,0,0,0,0,0,0,0,0,0,0,0,1,0,0,0,0,0,0,0,1,0,0,0,0,0,0,0,0,0,0,0,0,0,0,1,0,0,0
2024-11-28,PROD_021,Manduka PRO Yoga Mat,Wellness,Esterilla Yoga,130,True,7,131.29,919.03,122.11666666666667,1.0645557526955096,0,0,0,0,0,0,0,0,0,0,0,1,0,0,0,0,0,0,0,0,0,0,0,0,0,0,0,1,0,0,0,0,0,0,1,0,0,0,0,0,0,0,0,0
2024-11-28,PROD_022,Gaiam Premium Yoga Block,Wellness,Bloque Yoga,20,False,2,19.57,39.14,19.583333333333332,1.021276595744681,0,0,0,0,0,0,0,0,1,0,0,0,0,0,0,0,0,0,0,0,0,0,0,0,0,0,0,1,0,0,0,1,0,0,0,0,0,0,0,0,0,0,0,0
2024-11-28,PROD_023,Liforme Yoga Pad,Wellness,Rodillera Yoga,35,False,2,34.21,68.42,34.423333333333325,1.0167522029631066,0,0,0,0,0,0,0,0,0,1,0,0,0,0,0,0,0,0,0,0,0,0,0,0,0,0,0,1,0,0,0,0,0,0,0,0,0,0,0,1,0,0,0,0
2024-11-28,PROD_024,Lotuscrafts Yoga Bolster,Wellness,Cojín Yoga,50,False,2,49.83,99.66,49.38333333333333,1.0124873439082012,0,0,0,0,0,0,0,0,0,0,1,0,0,0,0,0,0,0,0,0,0,0,0,0,0,0,0,1,0,0,0,0,1,0,0,0,0,0,0,0,0,0,0,0
2024-11-29,PROD_001,Nike Air Zoom Pegasus 40,Running,Zapatillas Running,115,True,66,97.75,6451.5,103.12916666666668,1.1151064603450365,0,0,0,0,0,0,0,0,0,0,0,0,0,0,1,0,0,0,0,0,0,0,0,0,0,0,1,0,0,0,0,0,0,0,0,0,0,0,0,0,0,0,1,0
2024-11-29,PROD_002,Adidas Ultraboost 23,Running,Zapatillas Running,135,True,68,114.75,7803.0,123.2,1.0957792207792207,0,1,0,0,0,0,0,0,0,0,0,0,0,0,0,0,0,0,0,0,0,0,0,0,0,0,1,0,0,0,0,0,0,0,0,0,0,0,0,0,0,0,1,0
2024-11-29,PROD_003,Asics Gel Nimbus 25,Running,Zapatillas Running,85,False,18,72.25,1300.5,72.88333333333334,1.1662474273953807,0,0,1,0,0,0,0,0,0,0,0,0,0,0,0,0,0,0,0,0,0,0,0,0,0,0,1,0,0,0,0,0,0,0,0,0,0,0,0,0,0,0,1,0
2024-11-29,PROD_004,New Balance Fresh Foam X 1080v12,Running,Zapatillas Running,75,False,14,63.75,892.5,64.57666666666667,1.1614102100862025,0,0,0,0,0,0,0,0,0,0,0,0,0,1,0,0,0,0,0,0,0,0,0,0,0,0,1,0,0,0,0,0,0,0,0,0,0,0,0,0,0,0,1,0
2024-11-29,PROD_005,Nike Dri-FIT Miler,Running,Ropa Running,35,False,14,29.75,416.5,30.13,1.1616329239960173,0,0,0,0,0,0,0,0,0,0,0,0,0,0,0,1,0,0,0,0,0,0,0,0,0,0,1,0,0,0,0,0,0,0,0,0,0,0,0,0,0,1,0,0
2024-11-29,PROD_006,Adidas Own The Run Jacket,Running,Ropa Running,65,False,12,55.25,663.0,55.39333333333334,1.1734264051029004,1,0,0,0,0,0,0,0,0,0,0,0,0,0,0,0,0,0,0,0,0,0,0,0,0,0,1,0,0,0,0,0,0,0,0,0,0,0,0,0,0,1,0,0
2024-11-29,PROD_007,Puma Velocity Nitro 2,Running,Zapatillas Running,70,False,13,59.5,773.5,60.526666666666664,1.1565150346954511,0,0,0,0,0,0,0,0,0,0,0,0,0,0,0,0,1,0,0,0,0,0,0,0,0,0,1,0,0,0,0,0,0,0,0,0,0,0,0,0,0,0,1,0
2024-11-29,PROD_008,Reebok Floatride Energy 5,Running,Zapatillas Running,65,False,12,55.25,663.0,56.01333333333333,1.1604379909545348,0,0,0,0,0,0,0,0,0,0,0,0,0,0,0,0,0,0,1,0,0,0,0,0,0,0,1,0,0,0,0,0,0,0,0,0,0,0,0,0,0,0,1,0
2024-11-29,PROD_009,Bowflex SelectTech 552,Fitness,Mancuernas Ajustables,400,True,10,360.0,3600.0,369.56666666666666,1.0823486966717777,0,0,0,1,0,0,0,0,0,0,0,0,0,0,0,0,0,0,0,0,0,0,0,0,1,0,0,0,0,0,0,0,0,0,0,1,0,0,0,0,0,0,0,0
2024-11-29,PROD_010,Domyos BM900,Fitness,Banco Gimnasio,175,True,12,157.5,1890.0,174.10833333333335,1.0051213325037094,0,0,0,0,0,0,1,0,0,0,0,0,0,0,0,0,0,0,0,0,0,0,0,0,1,0,0,0,1,0,0,0,0,0,0,0,0,0,0,0,0,0,0,0
2024-11-29,PROD_011,Reebok Professional Deck,Fitness,Esterilla Fitness,45,False,21,40.5,850.5,39.06333333333333,1.1519754245242768,0,0,0,0,0,0,0,0,0,0,0,0,0,0,0,0,0,0,0,1,0,0,0,0,1,0,0,0,0,0,0,0,0,1,0,0,0,0,0,0,0,0,0,0
2024-11-29,PROD_012,Domyos Kit Mancuernas 20kg,Fitness,Pesas Casa,55,False,22,49.5,1089.0,46.870000000000005,1.1734585022402388,0,0,0,0,0,0,0,1,0,0,0,0,0,0,0,0,0,0,0,0,0,0,0,0,1,0,0,0,0,0,0,0,0,0,0,0,0,0,1,0,0,0,0,0
2024-11-29,PROD_013,Decathlon Bandas Elásticas Set,Fitness,Bandas Elásticas,25,False,16,22.5,360.0,20.96,1.1927480916030533,0,0,0,0,0,1,0,0,0,0,0,0,0,0,0,0,0,0,0,0,0,0,0,0,1,0,0,0,0,1,0,0,0,0,0,0,0,0,0,0,0,0,0,0
2024-11-29,PROD_014,Sveltus Kettlebell 12kg,Fitness,Pesa Rusa,40,False,16,36.0,576.0,34.14333333333334,1.1715317777994727,0,0,0,0,0,0,0,0,0,0,0,0,0,0,0,0,0,0,0,0,0,1,0,0,1,0,0,0,0,0,0,0,0,0,0,0,0,1,0,0,0,0,0,0
2024-11-29,PROD_015,Salomon Speedcross 5 GTX,Outdoor,Zapatillas Trail,150,True,24,135.0,3240.0,146.34166666666667,1.024998576390866,0,0,0,0,0,0,0,0,0,0,0,0,0,0,0,0,0,0,0,0,1,0,0,0,0,1,0,0,0,0,0,0,0,0,0,0,0,0,0,0,0,0,0,1
2024-11-29,PROD_016,Trek Marlin 7,Outdoor,Bicicleta Montaña,830,True,16,747.0,11952.0,800.1125000000001,1.037354122076583,0,0,0,0,0,0,0,0,0,0,0,0,0,0,0,0,0,0,0,0,0,0,0,1,0,1,0,0,0,0,1,0,0,0,0,0,0,0,0,0,0,0,0,0
2024-11-29,PROD_017,The North Face Borealis,Outdoor,Mochila Trekking,95,False,13,85.5,1111.5,79.92666666666666,1.1885895404120443,0,0,0,0,0,0,0,0,0,0,0,0,0,0,0,0,0,0,0,0,0,0,1,0,0,1,0,0,0,0,0,0,0,0,0,0,1,0,0,0,0,0,0,0
2024-11-29,PROD_018,Columbia Silver Ridge,Outdoor,Ropa Montaña,70,False,12,63.0,756.0,63.303333333333335,1.1057869517139698,0,0,0,0,1,0,0,0,0,0,0,0,0,0,0,0,0,0,0,0,0,0,0,0,0,1,0,0,0,0,0,0,0,0,0,0,0,0,0,0,1,0,0,0
2024-11-29,PROD_019,Merrell Moab 2 GTX,Outdoor,Zapatillas Trail,110,False,10,99.0,990.0,93.81666666666666,1.1724995558713804,0,0,0,0,0,0,0,0,0,0,0,0,1,0,0,0,0,0,0,0,0,0,0,0,0,1,0,0,0,0,0,0,0,0,0,0,0,0,0,0,0,0,0,1
2024-11-29,PROD_020,Quechua MH500,Outdoor,Ropa Montaña,80,False,10,72.0,720.0,72.42,1.1046672190002762,0,0,0,0,0,0,0,0,0,0,0,0,0,0,0,0,0,1,0,0,0,0,0,0,0,1,0,0,0,0,0,0,0,0,0,0,0,0,0,0,1,0,0,0
2024-11-29,PROD_021,Manduka PRO Yoga Mat,Wellness,Esterilla Yoga,130,True,27,123.5,3334.5,127.16250000000001,1.0223139683475866,0,0,0,0,0,0,0,0,0,0,0,1,0,0,0,0,0,0,0,0,0,0,0,0,0,0,0,1,0,0,0,0,0,0,1,0,0,0,0,0,0,0,0,0
2024-11-29,PROD_022,Gaiam Premium Yoga Block,Wellness,Bloque Yoga,20,False,8,19.0,152.0,17.51,1.1422044545973729,0,0,0,0,0,0,0,0,1,0,0,0,0,0,0,0,0,0,0,0,0,0,0,0,0,0,0,1,0,0,0,1,0,0,0,0,0,0,0,0,0,0,0,0
2024-11-29,PROD_023,Liforme Yoga Pad,Wellness,Rodillera Yoga,35,False,8,33.25,266.0,31.17,1.122874558870709,0,0,0,0,0,0,0,0,0,1,0,0,0,0,0,0,0,0,0,0,0,0,0,0,0,0,0,1,0,0,0,0,0,0,0,0,0,0,0,1,0,0,0,0
2024-11-29,PROD_024,Lotuscrafts Yoga Bolster,Wellness,Cojín Yoga,50,False,8,47.5,380.0,41.5,1.2048192771084338,0,0,0,0,0,0,0,0,0,0,1,0,0,0,0,0,0,0,0,0,0,0,0,0,0,0,0,1,0,0,0,0,1,0,0,0,0,0,0,0,0,0,0,0
2024-11-30,PROD_001,Nike Air Zoom Pegasus 40,Running,Zapatillas Running,115,True,80,101.2,8096.0,109.13333333333333,1.0537568723274282,0,0,0,0,0,0,0,0,0,0,0,0,0,0,1,0,0,0,0,0,0,0,0,0,0,0,1,0,0,0,0,0,0,0,0,0,0,0,0,0,0,0,1,0
2024-11-30,PROD_002,Adidas Ultraboost 23,Running,Zapatillas Running,135,True,65,118.8,7722.0,127.3625,1.0599666306801452,0,1,0,0,0,0,0,0,0,0,0,0,0,0,0,0,0,0,0,0,0,0,0,0,0,0,1,0,0,0,0,0,0,0,0,0,0,0,0,0,0,0,1,0
2024-11-30,PROD_003,Asics Gel Nimbus 25,Running,Zapatillas Running,85,False,20,74.8,1496.0,82.93333333333334,1.02491961414791,0,0,1,0,0,0,0,0,0,0,0,0,0,0,0,0,0,0,0,0,0,0,0,0,0,0,1,0,0,0,0,0,0,0,0,0,0,0,0,0,0,0,1,0
2024-11-30,PROD_004,New Balance Fresh Foam X 1080v12,Running,Zapatillas Running,75,False,12,66.0,792.0,70.92999999999999,1.057380516001692,0,0,0,0,0,0,0,0,0,0,0,0,0,1,0,0,0,0,0,0,0,0,0,0,0,0,1,0,0,0,0,0,0,0,0,0,0,0,0,0,0,0,1,0
2024-11-30,PROD_005,Nike Dri-FIT Miler,Running,Ropa Running,35,False,12,30.8,369.6,34.72,1.0080645161290323,0,0,0,0,0,0,0,0,0,0,0,0,0,0,0,1,0,0,0,0,0,0,0,0,0,0,1,0,0,0,0,0,0,0,0,0,0,0,0,0,0,1,0,0
2024-11-30,PROD_006,Adidas Own The Run Jacket,Running,Ropa Running,65,False,13,57.2,743.6,61.53,1.0563952543474728,1,0,0,0,0,0,0,0,0,0,0,0,0,0,0,0,0,0,0,0,0,0,0,0,0,0,1,0,0,0,0,0,0,0,0,0,0,0,0,0,0,1,0,0
2024-11-30,PROD_007,Puma Velocity Nitro 2,Running,Zapatillas Running,70,False,12,61.6,739.2,66.61,1.05089325927038,0,0,0,0,0,0,0,0,0,0,0,0,0,0,0,0,1,0,0,0,0,0,0,0,0,0,1,0,0,0,0,0,0,0,0,0,0,0,0,0,0,0,1,0
2024-11-30,PROD_008,Reebok Floatride Energy 5,Running,Zapatillas Running,65,False,12,57.2,686.4,62.81,1.034867059385448,0,0,0,0,0,0,0,0,0,0,0,0,0,0,0,0,0,0,1,0,0,0,0,0,0,0,1,0,0,0,0,0,0,0,0,0,0,0,0,0,0,0,1,0
2024-11-30,PROD_009,Bowflex SelectTech 552,Fitness,Mancuernas Ajustables,400,True,11,368.0,4048.0,397.6041666666667,1.0060256746135707,0,0,0,1,0,0,0,0,0,0,0,0,0,0,0,0,0,0,0,0,0,0,0,0,1,0,0,0,0,0,0,0,0,0,0,1,0,0,0,0,0,0,0,0
2024-11-30,PROD_010,Domyos BM900,Fitness,Banco Gimnasio,175,True,11,161.0,1771.0,183.2458333333333,0.9550012505968759,0,0,0,0,0,0,1,0,0,0,0,0,0,0,0,0,0,0,0,0,0,0,0,0,1,0,0,0,1,0,0,0,0,0,0,0,0,0,0,0,0,0,0,0
2024-11-30,PROD_011,Reebok Professional Deck,Fitness,Esterilla Fitness,45,False,19,41.4,786.6,44.10333333333333,1.0203310407376616,0,0,0,0,0,0,0,0,0,0,0,0,0,0,0,0,0,0,0,1,0,0,0,0,1,0,0,0,0,0,0,0,0,1,0,0,0,0,0,0,0,0,0,0
2024-11-30,PROD_012,Domyos Kit Mancuernas 20kg,Fitness,Pesas Casa,55,False,19,50.6,961.4,51.85333333333333,1.0606839804577013,0,0,0,0,0,0,0,1,0,0,0,0,0,0,0,0,0,0,0,0,0,0,0,0,1,0,0,0,0,0,0,0,0,0,0,0,0,0,1,0,0,0,0,0
2024-11-30,PROD_013,Decathlon Bandas Elásticas Set,Fitness,Bandas Elásticas,25,False,20,23.0,460.0,23.546666666666663,1.0617214043035108,0,0,0,0,0,1,0,0,0,0,0,0,0,0,0,0,0,0,0,0,0,0,0,0,1,0,0,0,0,1,0,0,0,0,0,0,0,0,0,0,0,0,0,0
2024-11-30,PROD_014,Sveltus Kettlebell 12kg,Fitness,Pesa Rusa,40,False,17,36.8,625.6,39.81666666666666,1.0046044370029301,0,0,0,0,0,0,0,0,0,0,0,0,0,0,0,0,0,0,0,0,0,1,0,0,1,0,0,0,0,0,0,0,0,0,0,0,0,1,0,0,0,0,0,0
2024-11-30,PROD_015,Salomon Speedcross 5 GTX,Outdoor,Zapatillas Trail,150,True,19,138.0,2622.0,154.75833333333333,0.9692531366108449,0,0,0,0,0,0,0,0,0,0,0,0,0,0,0,0,0,0,0,0,1,0,0,0,0,1,0,0,0,0,0,0,0,0,0,0,0,0,0,0,0,0,0,1
2024-11-30,PROD_016,Trek Marlin 7,Outdoor,Bicicleta Montaña,830,True,18,763.6,13744.8,840.6750000000001,0.9873018705207124,0,0,0,0,0,0,0,0,0,0,0,0,0,0,0,0,0,0,0,0,0,0,0,1,0,1,0,0,0,0,1,0,0,0,0,0,0,0,0,0,0,0,0,0
2024-11-30,PROD_017,The North Face Borealis,Outdoor,Mochila Trekking,95,False,15,87.4,1311.0,92.33999999999999,1.0288065843621401,0,0,0,0,0,0,0,0,0,0,0,0,0,0,0,0,0,0,0,0,0,0,1,0,0,1,0,0,0,0,0,0,0,0,0,0,1,0,0,0,0,0,0,0
2024-11-30,PROD_018,Columbia Silver Ridge,Outdoor,Ropa Montaña,70,False,11,64.4,708.4,70.08999999999999,0.9987159366528751,0,0,0,0,1,0,0,0,0,0,0,0,0,0,0,0,0,0,0,0,0,0,0,0,0,1,0,0,0,0,0,0,0,0,0,0,0,0,0,0,1,0,0,0
2024-11-30,PROD_019,Merrell Moab 2 GTX,Outdoor,Zapatillas Trail,110,False,10,101.2,1012.0,108.23666666666668,1.0162914600720643,0,0,0,0,0,0,0,0,0,0,0,0,1,0,0,0,0,0,0,0,0,0,0,0,0,1,0,0,0,0,0,0,0,0,0,0,0,0,0,0,0,0,0,1
2024-11-30,PROD_020,Quechua MH500,Outdoor,Ropa Montaña,80,False,9,73.6,662.4,80.54333333333334,0.9932541489053511,0,0,0,0,0,0,0,0,0,0,0,0,0,0,0,0,0,1,0,0,0,0,0,0,0,1,0,0,0,0,0,0,0,0,0,0,0,0,0,0,1,0,0,0
2024-11-30,PROD_021,Manduka PRO Yoga Mat,Wellness,Esterilla Yoga,130,True,25,124.8,3120.0,131.5,0.9885931558935361,0,0,0,0,0,0,0,0,0,0,0,1,0,0,0,0,0,0,0,0,0,0,0,0,0,0,0,1,0,0,0,0,0,0,1,0,0,0,0,0,0,0,0,0
2024-11-30,PROD_022,Gaiam Premium Yoga Block,Wellness,Bloque Yoga,20,False,9,19.2,172.8,19.426666666666666,1.0295126973232671,0,0,0,0,0,0,0,0,1,0,0,0,0,0,0,0,0,0,0,0,0,0,0,0,0,0,0,1,0,0,0,1,0,0,0,0,0,0,0,0,0,0,0,0
2024-11-30,PROD_023,Liforme Yoga Pad,Wellness,Rodillera Yoga,35,False,9,33.6,302.4,33.31,1.0507355148604023,0,0,0,0,0,0,0,0,0,1,0,0,0,0,0,0,0,0,0,0,0,0,0,0,0,0,0,1,0,0,0,0,0,0,0,0,0,0,0,1,0,0,0,0
2024-11-30,PROD_024,Lotuscrafts Yoga Bolster,Wellness,Cojín Yoga,50,False,9,48.0,432.0,47.413333333333334,1.0545556805399325,0,0,0,0,0,0,0,0,0,0,1,0,0,0,0,0,0,0,0,0,0,0,0,0,0,0,0,1,0,0,0,0,1,0,0,0,0,0,0,0,0,0,0,0
